Starting model training for language: ko...
[2025-10-23 09:31:54,458] - [INFO] - CUDA detected
[2025-10-23 09:31:57,425] - [INFO] - For ko possible context windows are: [5, 2]
[2025-10-23 09:31:57,426] - [INFO] - The max context window is: [5]
[2025-10-23 09:31:57,511] - [INFO] - 
=== Running combination ===
[2025-10-23 09:31:57,511] - [INFO] - Embed: 64, Hidden: 128, Top fraction: 0.01, Replace: True, Context: 5
[2025-10-23 09:31:59,011] - [INFO] - Train dataset contains 2194 samples
[2025-10-23 09:31:59,011] - [INFO] - Validation dataset contains 228 samples
[2025-10-23 09:31:59,011] - [INFO] - Test dataset contains 356 samples
[2025-10-23 09:31:59,014] - [INFO] - Top 1.00% frequent words (41) out of 4103 total words
[2025-10-23 09:31:59,014] - [INFO] - The fragment to replace is 0.21976210705182672 of the 41 frequent words (5885 out of 12933)
[2025-10-23 09:31:59,043] - [INFO] - Replaced 1308 / 12933 tokens (10.11%)
[2025-10-23 09:31:59,060] - [INFO] - Replaced 152 / 1371 tokens (11.09%)
[2025-10-23 09:31:59,066] - [INFO] - Replaced 213 / 2088 tokens (10.20%)
[2025-10-23 09:31:59,068] - [INFO] - ==== Example Sentence ====
[2025-10-23 09:31:59,068] - [INFO] - Original:  30년 전쟁의 승자는 누구인가?
[2025-10-23 09:31:59,068] - [INFO] - Tokenized: ['30년', '전쟁의', '승자는', '누구인가', '?']
[2025-10-23 09:31:59,068] - [INFO] - Replaced:  ['30년', '전쟁의', '승자는', '누구인가', '?']
[2025-10-23 09:31:59,140] - [INFO] - Window:    (tensor([1613,  994, 1112, 2172, 3970]), tensor(1119))
[2025-10-23 09:32:30,461] - [INFO] - Eval Loss: 7.2712 | Perplexity: 1438.32 | Accuracy: 31.00% | Top-5 Accuracy: 47.05%
[2025-10-23 09:32:31,664] - [INFO] - Eval Loss: 5.6260 | Perplexity: 277.55 | Accuracy: 35.30% | Top-5 Accuracy: 54.05%
[2025-10-23 09:32:33,367] - [INFO] - Eval Loss: 5.1237 | Perplexity: 167.95 | Accuracy: 31.15% | Top-5 Accuracy: 55.73%
[2025-10-23 09:32:36,204] - [INFO] - Eval Loss: 4.8996 | Perplexity: 134.23 | Accuracy: 31.15% | Top-5 Accuracy: 55.87%
[2025-10-23 09:32:39,039] - [INFO] - Eval Loss: 4.7684 | Perplexity: 117.73 | Accuracy: 33.26% | Top-5 Accuracy: 57.18%
[2025-10-23 09:32:41,880] - [INFO] - Eval Loss: 4.6818 | Perplexity: 107.96 | Accuracy: 33.55% | Top-5 Accuracy: 58.13%
[2025-10-23 09:32:44,722] - [INFO] - Eval Loss: 4.6031 | Perplexity: 99.79 | Accuracy: 33.99% | Top-5 Accuracy: 58.06%
[2025-10-23 09:32:47,570] - [INFO] - Eval Loss: 4.5393 | Perplexity: 93.62 | Accuracy: 34.28% | Top-5 Accuracy: 58.06%
[2025-10-23 09:32:50,412] - [INFO] - Eval Loss: 4.4799 | Perplexity: 88.22 | Accuracy: 34.28% | Top-5 Accuracy: 58.28%
[2025-10-23 09:32:53,249] - [INFO] - Eval Loss: 4.4432 | Perplexity: 85.05 | Accuracy: 34.28% | Top-5 Accuracy: 58.35%
[2025-10-23 09:32:53,251] - [INFO] - 
=== Running combination ===
[2025-10-23 09:32:53,251] - [INFO] - Embed: 64, Hidden: 128, Top fraction: 0.01, Replace: True, Context: 5
[2025-10-23 09:32:55,376] - [INFO] - Train dataset contains 2194 samples
[2025-10-23 09:32:55,376] - [INFO] - Validation dataset contains 228 samples
[2025-10-23 09:32:55,376] - [INFO] - Test dataset contains 356 samples
[2025-10-23 09:32:55,379] - [INFO] - Top 1.00% frequent words (41) out of 4103 total words
[2025-10-23 09:32:55,379] - [INFO] - The fragment to replace is 0.10988105352591336 of the 41 frequent words (5885 out of 12933)
[2025-10-23 09:32:55,406] - [INFO] - Replaced 642 / 12933 tokens (4.96%)
[2025-10-23 09:32:55,595] - [INFO] - Replaced 75 / 1371 tokens (5.47%)
[2025-10-23 09:32:55,601] - [INFO] - Replaced 111 / 2088 tokens (5.32%)
[2025-10-23 09:32:55,603] - [INFO] - ==== Example Sentence ====
[2025-10-23 09:32:55,603] - [INFO] - Original:  30년 전쟁의 승자는 누구인가?
[2025-10-23 09:32:55,603] - [INFO] - Tokenized: ['30년', '전쟁의', '승자는', '누구인가', '?']
[2025-10-23 09:32:55,603] - [INFO] - Replaced:  ['30년', '전쟁의', '승자는', '누구인가', '?']
[2025-10-23 09:32:55,604] - [INFO] - Window:    (tensor([1613,  994, 1112, 2172, 3970]), tensor(1119))
[2025-10-23 09:32:58,440] - [INFO] - Eval Loss: 7.5154 | Perplexity: 1836.02 | Accuracy: 19.04% | Top-5 Accuracy: 42.23%
[2025-10-23 09:33:01,364] - [INFO] - Eval Loss: 6.0282 | Perplexity: 414.98 | Accuracy: 15.46% | Top-5 Accuracy: 51.20%
[2025-10-23 09:33:04,270] - [INFO] - Eval Loss: 5.3999 | Perplexity: 221.38 | Accuracy: 16.85% | Top-5 Accuracy: 53.68%
[2025-10-23 09:33:07,161] - [INFO] - Eval Loss: 5.1127 | Perplexity: 166.12 | Accuracy: 18.60% | Top-5 Accuracy: 54.49%
[2025-10-23 09:33:10,047] - [INFO] - Eval Loss: 4.9623 | Perplexity: 142.93 | Accuracy: 19.77% | Top-5 Accuracy: 57.18%
[2025-10-23 09:33:12,894] - [INFO] - Eval Loss: 4.8649 | Perplexity: 129.66 | Accuracy: 21.23% | Top-5 Accuracy: 57.33%
[2025-10-23 09:33:15,954] - [INFO] - Eval Loss: 4.7884 | Perplexity: 120.10 | Accuracy: 22.03% | Top-5 Accuracy: 57.48%
[2025-10-23 09:33:19,016] - [INFO] - Eval Loss: 4.7077 | Perplexity: 110.79 | Accuracy: 23.56% | Top-5 Accuracy: 57.70%
[2025-10-23 09:33:21,968] - [INFO] - Eval Loss: 4.6403 | Perplexity: 103.58 | Accuracy: 23.56% | Top-5 Accuracy: 57.62%
[2025-10-23 09:33:24,882] - [INFO] - Eval Loss: 4.5918 | Perplexity: 98.67 | Accuracy: 23.63% | Top-5 Accuracy: 57.77%
[2025-10-23 09:33:24,883] - [INFO] - 
=== Running combination ===
[2025-10-23 09:33:24,883] - [INFO] - Embed: 64, Hidden: 128, Top fraction: 0.01, Replace: True, Context: 5
[2025-10-23 09:33:26,453] - [INFO] - Train dataset contains 2194 samples
[2025-10-23 09:33:26,453] - [INFO] - Validation dataset contains 228 samples
[2025-10-23 09:33:26,453] - [INFO] - Test dataset contains 356 samples
[2025-10-23 09:33:26,456] - [INFO] - Top 1.00% frequent words (41) out of 4103 total words
[2025-10-23 09:33:26,456] - [INFO] - The fragment to replace is 0.02197621070518267 of the 41 frequent words (5885 out of 12933)
[2025-10-23 09:33:26,484] - [INFO] - Replaced 121 / 12933 tokens (0.94%)
[2025-10-23 09:33:26,501] - [INFO] - Replaced 15 / 1371 tokens (1.09%)
[2025-10-23 09:33:26,506] - [INFO] - Replaced 22 / 2088 tokens (1.05%)
[2025-10-23 09:33:26,508] - [INFO] - ==== Example Sentence ====
[2025-10-23 09:33:26,508] - [INFO] - Original:  30년 전쟁의 승자는 누구인가?
[2025-10-23 09:33:26,509] - [INFO] - Tokenized: ['30년', '전쟁의', '승자는', '누구인가', '?']
[2025-10-23 09:33:26,509] - [INFO] - Replaced:  ['30년', '전쟁의', '승자는', '누구인가', '?']
[2025-10-23 09:33:26,509] - [INFO] - Window:    (tensor([1613,  994, 1112, 2172, 3970]), tensor(1119))
[2025-10-23 09:33:29,414] - [INFO] - Eval Loss: 7.6634 | Perplexity: 2129.03 | Accuracy: 12.62% | Top-5 Accuracy: 21.66%
[2025-10-23 09:33:32,320] - [INFO] - Eval Loss: 6.4710 | Perplexity: 646.15 | Accuracy: 16.63% | Top-5 Accuracy: 29.32%
[2025-10-23 09:33:35,220] - [INFO] - Eval Loss: 5.8513 | Perplexity: 347.70 | Accuracy: 18.67% | Top-5 Accuracy: 30.78%
[2025-10-23 09:33:38,120] - [INFO] - Eval Loss: 5.5196 | Perplexity: 249.52 | Accuracy: 20.28% | Top-5 Accuracy: 32.46%
[2025-10-23 09:33:41,009] - [INFO] - Eval Loss: 5.3263 | Perplexity: 205.67 | Accuracy: 21.30% | Top-5 Accuracy: 33.48%
[2025-10-23 09:33:43,895] - [INFO] - Eval Loss: 5.1916 | Perplexity: 179.76 | Accuracy: 21.88% | Top-5 Accuracy: 33.92%
[2025-10-23 09:33:46,777] - [INFO] - Eval Loss: 5.0896 | Perplexity: 162.32 | Accuracy: 22.10% | Top-5 Accuracy: 34.57%
[2025-10-23 09:33:49,654] - [INFO] - Eval Loss: 5.0047 | Perplexity: 149.12 | Accuracy: 23.41% | Top-5 Accuracy: 35.38%
[2025-10-23 09:33:52,523] - [INFO] - Eval Loss: 4.9261 | Perplexity: 137.85 | Accuracy: 23.49% | Top-5 Accuracy: 35.89%
[2025-10-23 09:33:55,392] - [INFO] - Eval Loss: 4.8673 | Perplexity: 129.97 | Accuracy: 23.49% | Top-5 Accuracy: 37.27%
[2025-10-23 09:33:55,393] - [INFO] - 
=== Running combination ===
[2025-10-23 09:33:55,393] - [INFO] - Embed: 64, Hidden: 128, Top fraction: 0.01, Replace: True, Context: 2
[2025-10-23 09:33:56,944] - [INFO] - Train dataset contains 2194 samples
[2025-10-23 09:33:56,944] - [INFO] - Validation dataset contains 228 samples
[2025-10-23 09:33:56,944] - [INFO] - Test dataset contains 356 samples
[2025-10-23 09:33:56,948] - [INFO] - Top 1.00% frequent words (41) out of 4103 total words
[2025-10-23 09:33:56,948] - [INFO] - The fragment to replace is 0.21976210705182672 of the 41 frequent words (5885 out of 12933)
[2025-10-23 09:33:56,975] - [INFO] - Replaced 1308 / 12933 tokens (10.11%)
[2025-10-23 09:33:56,988] - [INFO] - Replaced 152 / 1371 tokens (11.09%)
[2025-10-23 09:33:56,993] - [INFO] - Replaced 213 / 2088 tokens (10.20%)
[2025-10-23 09:33:56,995] - [INFO] - ==== Example Sentence ====
[2025-10-23 09:33:56,995] - [INFO] - Original:  30년 전쟁의 승자는 누구인가?
[2025-10-23 09:33:56,995] - [INFO] - Tokenized: ['30년', '전쟁의', '승자는', '누구인가', '?']
[2025-10-23 09:33:56,995] - [INFO] - Replaced:  ['30년', '전쟁의', '승자는', '누구인가', '?']
[2025-10-23 09:33:56,996] - [INFO] - Window:    (tensor([1613,  994]), tensor(1112))
[2025-10-23 09:34:00,149] - [INFO] - Eval Loss: 7.6913 | Perplexity: 2189.23 | Accuracy: 25.24% | Top-5 Accuracy: 44.20%
[2025-10-23 09:34:03,032] - [INFO] - Eval Loss: 7.0549 | Perplexity: 1158.51 | Accuracy: 27.13% | Top-5 Accuracy: 51.13%
[2025-10-23 09:34:05,886] - [INFO] - Eval Loss: 6.1939 | Perplexity: 489.77 | Accuracy: 28.30% | Top-5 Accuracy: 52.66%
[2025-10-23 09:34:08,735] - [INFO] - Eval Loss: 5.4469 | Perplexity: 232.05 | Accuracy: 25.09% | Top-5 Accuracy: 53.25%
[2025-10-23 09:34:11,585] - [INFO] - Eval Loss: 5.1182 | Perplexity: 167.03 | Accuracy: 25.16% | Top-5 Accuracy: 53.46%
[2025-10-23 09:34:14,436] - [INFO] - Eval Loss: 4.9373 | Perplexity: 139.39 | Accuracy: 25.24% | Top-5 Accuracy: 53.83%
[2025-10-23 09:34:17,285] - [INFO] - Eval Loss: 4.7858 | Perplexity: 119.79 | Accuracy: 25.75% | Top-5 Accuracy: 54.19%
[2025-10-23 09:34:20,133] - [INFO] - Eval Loss: 4.6599 | Perplexity: 105.62 | Accuracy: 29.47% | Top-5 Accuracy: 55.43%
[2025-10-23 09:34:22,985] - [INFO] - Eval Loss: 4.5599 | Perplexity: 95.58 | Accuracy: 29.69% | Top-5 Accuracy: 55.73%
[2025-10-23 09:34:25,836] - [INFO] - Eval Loss: 4.4800 | Perplexity: 88.24 | Accuracy: 29.83% | Top-5 Accuracy: 56.82%
[2025-10-23 09:34:25,837] - [INFO] - 
=== Running combination ===
[2025-10-23 09:34:25,837] - [INFO] - Embed: 64, Hidden: 128, Top fraction: 0.01, Replace: True, Context: 2
[2025-10-23 09:34:27,362] - [INFO] - Train dataset contains 2194 samples
[2025-10-23 09:34:27,363] - [INFO] - Validation dataset contains 228 samples
[2025-10-23 09:34:27,363] - [INFO] - Test dataset contains 356 samples
[2025-10-23 09:34:27,366] - [INFO] - Top 1.00% frequent words (41) out of 4103 total words
[2025-10-23 09:34:27,366] - [INFO] - The fragment to replace is 0.10988105352591336 of the 41 frequent words (5885 out of 12933)
[2025-10-23 09:34:27,393] - [INFO] - Replaced 642 / 12933 tokens (4.96%)
[2025-10-23 09:34:27,406] - [INFO] - Replaced 75 / 1371 tokens (5.47%)
[2025-10-23 09:34:27,411] - [INFO] - Replaced 111 / 2088 tokens (5.32%)
[2025-10-23 09:34:27,582] - [INFO] - ==== Example Sentence ====
[2025-10-23 09:34:27,582] - [INFO] - Original:  30년 전쟁의 승자는 누구인가?
[2025-10-23 09:34:27,582] - [INFO] - Tokenized: ['30년', '전쟁의', '승자는', '누구인가', '?']
[2025-10-23 09:34:27,582] - [INFO] - Replaced:  ['30년', '전쟁의', '승자는', '누구인가', '?']
[2025-10-23 09:34:27,582] - [INFO] - Window:    (tensor([1613,  994]), tensor(1112))
[2025-10-23 09:34:30,441] - [INFO] - Eval Loss: 7.7497 | Perplexity: 2320.89 | Accuracy: 23.71% | Top-5 Accuracy: 39.68%
[2025-10-23 09:34:33,286] - [INFO] - Eval Loss: 7.2040 | Perplexity: 1344.85 | Accuracy: 23.63% | Top-5 Accuracy: 47.56%
[2025-10-23 09:34:36,128] - [INFO] - Eval Loss: 6.4946 | Perplexity: 661.53 | Accuracy: 17.58% | Top-5 Accuracy: 49.89%
[2025-10-23 09:34:38,974] - [INFO] - Eval Loss: 5.8139 | Perplexity: 334.94 | Accuracy: 17.51% | Top-5 Accuracy: 50.77%
[2025-10-23 09:34:41,814] - [INFO] - Eval Loss: 5.3741 | Perplexity: 215.76 | Accuracy: 16.99% | Top-5 Accuracy: 51.28%
[2025-10-23 09:34:44,667] - [INFO] - Eval Loss: 5.1073 | Perplexity: 165.22 | Accuracy: 24.14% | Top-5 Accuracy: 52.22%
[2025-10-23 09:34:47,513] - [INFO] - Eval Loss: 4.9310 | Perplexity: 138.51 | Accuracy: 24.07% | Top-5 Accuracy: 53.03%
[2025-10-23 09:34:50,354] - [INFO] - Eval Loss: 4.7910 | Perplexity: 120.42 | Accuracy: 24.14% | Top-5 Accuracy: 54.19%
[2025-10-23 09:34:53,195] - [INFO] - Eval Loss: 4.6775 | Perplexity: 107.50 | Accuracy: 18.31% | Top-5 Accuracy: 55.14%
[2025-10-23 09:34:56,035] - [INFO] - Eval Loss: 4.5791 | Perplexity: 97.43 | Accuracy: 18.75% | Top-5 Accuracy: 55.07%
[2025-10-23 09:34:56,035] - [INFO] - 
=== Running combination ===
[2025-10-23 09:34:56,035] - [INFO] - Embed: 64, Hidden: 128, Top fraction: 0.01, Replace: True, Context: 2
[2025-10-23 09:34:57,581] - [INFO] - Train dataset contains 2194 samples
[2025-10-23 09:34:57,582] - [INFO] - Validation dataset contains 228 samples
[2025-10-23 09:34:57,582] - [INFO] - Test dataset contains 356 samples
[2025-10-23 09:34:57,585] - [INFO] - Top 1.00% frequent words (41) out of 4103 total words
[2025-10-23 09:34:57,585] - [INFO] - The fragment to replace is 0.02197621070518267 of the 41 frequent words (5885 out of 12933)
[2025-10-23 09:34:57,613] - [INFO] - Replaced 121 / 12933 tokens (0.94%)
[2025-10-23 09:34:57,624] - [INFO] - Replaced 15 / 1371 tokens (1.09%)
[2025-10-23 09:34:57,630] - [INFO] - Replaced 22 / 2088 tokens (1.05%)
[2025-10-23 09:34:57,631] - [INFO] - ==== Example Sentence ====
[2025-10-23 09:34:57,631] - [INFO] - Original:  30년 전쟁의 승자는 누구인가?
[2025-10-23 09:34:57,631] - [INFO] - Tokenized: ['30년', '전쟁의', '승자는', '누구인가', '?']
[2025-10-23 09:34:57,631] - [INFO] - Replaced:  ['30년', '전쟁의', '승자는', '누구인가', '?']
[2025-10-23 09:34:57,632] - [INFO] - Window:    (tensor([1613,  994]), tensor(1112))
[2025-10-23 09:35:00,487] - [INFO] - Eval Loss: 7.7918 | Perplexity: 2420.75 | Accuracy: 22.39% | Top-5 Accuracy: 31.66%
[2025-10-23 09:35:03,332] - [INFO] - Eval Loss: 7.3015 | Perplexity: 1482.52 | Accuracy: 18.38% | Top-5 Accuracy: 41.06%
[2025-10-23 09:35:06,178] - [INFO] - Eval Loss: 6.6885 | Perplexity: 803.09 | Accuracy: 19.26% | Top-5 Accuracy: 43.54%
[2025-10-23 09:35:09,024] - [INFO] - Eval Loss: 6.1208 | Perplexity: 455.22 | Accuracy: 18.96% | Top-5 Accuracy: 45.00%
[2025-10-23 09:35:11,873] - [INFO] - Eval Loss: 5.7435 | Perplexity: 312.15 | Accuracy: 18.60% | Top-5 Accuracy: 45.81%
[2025-10-23 09:35:14,733] - [INFO] - Eval Loss: 5.4631 | Perplexity: 235.83 | Accuracy: 18.53% | Top-5 Accuracy: 41.65%
[2025-10-23 09:35:17,576] - [INFO] - Eval Loss: 5.2416 | Perplexity: 188.97 | Accuracy: 18.53% | Top-5 Accuracy: 34.57%
[2025-10-23 09:35:20,420] - [INFO] - Eval Loss: 5.0719 | Perplexity: 159.48 | Accuracy: 19.91% | Top-5 Accuracy: 34.28%
[2025-10-23 09:35:23,271] - [INFO] - Eval Loss: 4.9341 | Perplexity: 138.95 | Accuracy: 20.06% | Top-5 Accuracy: 33.99%
[2025-10-23 09:35:26,117] - [INFO] - Eval Loss: 4.8261 | Perplexity: 124.73 | Accuracy: 20.42% | Top-5 Accuracy: 33.77%
[2025-10-23 09:35:26,118] - [INFO] - 
=== Running combination ===
[2025-10-23 09:35:26,118] - [INFO] - Embed: 64, Hidden: 128, Top fraction: 0.01, Replace: False, Context: 5
[2025-10-23 09:35:27,648] - [INFO] - Train dataset contains 2194 samples
[2025-10-23 09:35:27,648] - [INFO] - Validation dataset contains 228 samples
[2025-10-23 09:35:27,648] - [INFO] - Test dataset contains 356 samples
[2025-10-23 09:35:27,651] - [INFO] - Top 1.00% frequent words (41) out of 4103 total words
[2025-10-23 09:35:27,651] - [INFO] - The fragment to replace is 31.543902439024393 of the 41 frequent words (41 out of 12933)
[2025-10-23 09:35:27,677] - [INFO] - Replaced 41 / 12933 tokens (0.32%)
[2025-10-23 09:35:27,693] - [INFO] - Replaced 1 / 1371 tokens (0.07%)
[2025-10-23 09:35:27,698] - [INFO] - Replaced 3 / 2088 tokens (0.14%)
[2025-10-23 09:35:27,701] - [INFO] - ==== Example Sentence ====
[2025-10-23 09:35:27,701] - [INFO] - Original:  30년 전쟁의 승자는 누구인가?
[2025-10-23 09:35:27,701] - [INFO] - Tokenized: ['30년', '전쟁의', '승자는', '누구인가', '?']
[2025-10-23 09:35:27,701] - [INFO] - Replaced:  ['30년', '전쟁의', '<UNK', '누구인가', '?']
[2025-10-23 09:35:27,701] - [INFO] - Window:    (tensor([1613,  994, 1112, 1957, 3970]), tensor(1119))
[2025-10-23 09:35:28,930] - [INFO] - Eval Loss: 7.6912 | Perplexity: 2188.96 | Accuracy: 12.91% | Top-5 Accuracy: 22.32%
[2025-10-23 09:35:30,123] - [INFO] - Eval Loss: 6.5675 | Perplexity: 711.58 | Accuracy: 17.07% | Top-5 Accuracy: 29.76%
[2025-10-23 09:35:31,233] - [INFO] - Eval Loss: 5.9883 | Perplexity: 398.74 | Accuracy: 19.04% | Top-5 Accuracy: 30.71%
[2025-10-23 09:35:32,332] - [INFO] - Eval Loss: 5.6633 | Perplexity: 288.08 | Accuracy: 20.57% | Top-5 Accuracy: 32.24%
[2025-10-23 09:35:33,443] - [INFO] - Eval Loss: 5.4719 | Perplexity: 237.91 | Accuracy: 22.03% | Top-5 Accuracy: 32.75%
[2025-10-23 09:35:34,563] - [INFO] - Eval Loss: 5.3270 | Perplexity: 205.81 | Accuracy: 22.25% | Top-5 Accuracy: 33.19%
[2025-10-23 09:35:35,659] - [INFO] - Eval Loss: 5.2191 | Perplexity: 184.76 | Accuracy: 22.90% | Top-5 Accuracy: 33.84%
[2025-10-23 09:35:36,726] - [INFO] - Eval Loss: 5.1224 | Perplexity: 167.74 | Accuracy: 24.14% | Top-5 Accuracy: 34.35%
[2025-10-23 09:35:37,818] - [INFO] - Eval Loss: 5.0365 | Perplexity: 153.92 | Accuracy: 24.36% | Top-5 Accuracy: 34.57%
[2025-10-23 09:35:38,915] - [INFO] - Eval Loss: 4.9693 | Perplexity: 143.93 | Accuracy: 24.29% | Top-5 Accuracy: 35.08%
[2025-10-23 09:35:38,915] - [INFO] - 
=== Running combination ===
[2025-10-23 09:35:38,915] - [INFO] - Embed: 64, Hidden: 128, Top fraction: 0.01, Replace: False, Context: 5
[2025-10-23 09:35:40,438] - [INFO] - Train dataset contains 2194 samples
[2025-10-23 09:35:40,438] - [INFO] - Validation dataset contains 228 samples
[2025-10-23 09:35:40,438] - [INFO] - Test dataset contains 356 samples
[2025-10-23 09:35:40,441] - [INFO] - Top 1.00% frequent words (41) out of 4103 total words
[2025-10-23 09:35:40,441] - [INFO] - The fragment to replace is 15.771951219512196 of the 41 frequent words (41 out of 12933)
[2025-10-23 09:35:40,462] - [INFO] - Replaced 41 / 12933 tokens (0.32%)
[2025-10-23 09:35:40,476] - [INFO] - Replaced 1 / 1371 tokens (0.07%)
[2025-10-23 09:35:40,480] - [INFO] - Replaced 3 / 2088 tokens (0.14%)
[2025-10-23 09:35:40,482] - [INFO] - ==== Example Sentence ====
[2025-10-23 09:35:40,482] - [INFO] - Original:  30년 전쟁의 승자는 누구인가?
[2025-10-23 09:35:40,482] - [INFO] - Tokenized: ['30년', '전쟁의', '승자는', '누구인가', '?']
[2025-10-23 09:35:40,482] - [INFO] - Replaced:  ['30년', '전쟁의', '<UNK', '누구인가', '?']
[2025-10-23 09:35:40,483] - [INFO] - Window:    (tensor([1613,  994, 1112, 1957, 3970]), tensor(1119))
[2025-10-23 09:35:41,603] - [INFO] - Eval Loss: 7.6912 | Perplexity: 2188.96 | Accuracy: 12.91% | Top-5 Accuracy: 22.32%
[2025-10-23 09:35:42,687] - [INFO] - Eval Loss: 6.5675 | Perplexity: 711.58 | Accuracy: 17.07% | Top-5 Accuracy: 29.76%
[2025-10-23 09:35:43,769] - [INFO] - Eval Loss: 5.9883 | Perplexity: 398.74 | Accuracy: 19.04% | Top-5 Accuracy: 30.71%
[2025-10-23 09:35:44,840] - [INFO] - Eval Loss: 5.6633 | Perplexity: 288.08 | Accuracy: 20.57% | Top-5 Accuracy: 32.24%
[2025-10-23 09:35:45,938] - [INFO] - Eval Loss: 5.4719 | Perplexity: 237.91 | Accuracy: 22.03% | Top-5 Accuracy: 32.75%
[2025-10-23 09:35:47,019] - [INFO] - Eval Loss: 5.3270 | Perplexity: 205.81 | Accuracy: 22.25% | Top-5 Accuracy: 33.19%
[2025-10-23 09:35:48,097] - [INFO] - Eval Loss: 5.2191 | Perplexity: 184.76 | Accuracy: 22.90% | Top-5 Accuracy: 33.84%
[2025-10-23 09:35:49,173] - [INFO] - Eval Loss: 5.1224 | Perplexity: 167.74 | Accuracy: 24.14% | Top-5 Accuracy: 34.35%
[2025-10-23 09:35:50,250] - [INFO] - Eval Loss: 5.0365 | Perplexity: 153.92 | Accuracy: 24.36% | Top-5 Accuracy: 34.57%
[2025-10-23 09:35:51,311] - [INFO] - Eval Loss: 4.9693 | Perplexity: 143.93 | Accuracy: 24.29% | Top-5 Accuracy: 35.08%
[2025-10-23 09:35:51,312] - [INFO] - 
=== Running combination ===
[2025-10-23 09:35:51,312] - [INFO] - Embed: 64, Hidden: 128, Top fraction: 0.01, Replace: False, Context: 5
[2025-10-23 09:35:52,810] - [INFO] - Train dataset contains 2194 samples
[2025-10-23 09:35:52,810] - [INFO] - Validation dataset contains 228 samples
[2025-10-23 09:35:52,810] - [INFO] - Test dataset contains 356 samples
[2025-10-23 09:35:52,813] - [INFO] - Top 1.00% frequent words (41) out of 4103 total words
[2025-10-23 09:35:52,813] - [INFO] - The fragment to replace is 3.1543902439024394 of the 41 frequent words (41 out of 12933)
[2025-10-23 09:35:52,992] - [INFO] - Replaced 41 / 12933 tokens (0.32%)
[2025-10-23 09:35:53,006] - [INFO] - Replaced 1 / 1371 tokens (0.07%)
[2025-10-23 09:35:53,010] - [INFO] - Replaced 3 / 2088 tokens (0.14%)
[2025-10-23 09:35:53,012] - [INFO] - ==== Example Sentence ====
[2025-10-23 09:35:53,012] - [INFO] - Original:  30년 전쟁의 승자는 누구인가?
[2025-10-23 09:35:53,012] - [INFO] - Tokenized: ['30년', '전쟁의', '승자는', '누구인가', '?']
[2025-10-23 09:35:53,012] - [INFO] - Replaced:  ['30년', '전쟁의', '<UNK', '누구인가', '?']
[2025-10-23 09:35:53,012] - [INFO] - Window:    (tensor([1613,  994, 1112, 1957, 3970]), tensor(1119))
[2025-10-23 09:35:55,860] - [INFO] - Eval Loss: 7.6912 | Perplexity: 2188.96 | Accuracy: 12.91% | Top-5 Accuracy: 22.32%
[2025-10-23 09:35:58,695] - [INFO] - Eval Loss: 6.5675 | Perplexity: 711.58 | Accuracy: 17.07% | Top-5 Accuracy: 29.76%
[2025-10-23 09:36:01,533] - [INFO] - Eval Loss: 5.9883 | Perplexity: 398.74 | Accuracy: 19.04% | Top-5 Accuracy: 30.71%
[2025-10-23 09:36:04,373] - [INFO] - Eval Loss: 5.6633 | Perplexity: 288.08 | Accuracy: 20.57% | Top-5 Accuracy: 32.24%
[2025-10-23 09:36:07,217] - [INFO] - Eval Loss: 5.4719 | Perplexity: 237.91 | Accuracy: 22.03% | Top-5 Accuracy: 32.75%
[2025-10-23 09:36:10,059] - [INFO] - Eval Loss: 5.3270 | Perplexity: 205.81 | Accuracy: 22.25% | Top-5 Accuracy: 33.19%
[2025-10-23 09:36:12,904] - [INFO] - Eval Loss: 5.2191 | Perplexity: 184.76 | Accuracy: 22.90% | Top-5 Accuracy: 33.84%
[2025-10-23 09:36:15,776] - [INFO] - Eval Loss: 5.1224 | Perplexity: 167.74 | Accuracy: 24.14% | Top-5 Accuracy: 34.35%
[2025-10-23 09:36:18,621] - [INFO] - Eval Loss: 5.0365 | Perplexity: 153.92 | Accuracy: 24.36% | Top-5 Accuracy: 34.57%
[2025-10-23 09:36:21,461] - [INFO] - Eval Loss: 4.9693 | Perplexity: 143.93 | Accuracy: 24.29% | Top-5 Accuracy: 35.08%
[2025-10-23 09:36:21,462] - [INFO] - 
=== Running combination ===
[2025-10-23 09:36:21,462] - [INFO] - Embed: 64, Hidden: 128, Top fraction: 0.01, Replace: False, Context: 2
[2025-10-23 09:36:23,257] - [INFO] - Train dataset contains 2194 samples
[2025-10-23 09:36:23,257] - [INFO] - Validation dataset contains 228 samples
[2025-10-23 09:36:23,257] - [INFO] - Test dataset contains 356 samples
[2025-10-23 09:36:23,260] - [INFO] - Top 1.00% frequent words (41) out of 4103 total words
[2025-10-23 09:36:23,260] - [INFO] - The fragment to replace is 31.543902439024393 of the 41 frequent words (41 out of 12933)
[2025-10-23 09:36:23,286] - [INFO] - Replaced 41 / 12933 tokens (0.32%)
[2025-10-23 09:36:23,298] - [INFO] - Replaced 1 / 1371 tokens (0.07%)
[2025-10-23 09:36:23,303] - [INFO] - Replaced 3 / 2088 tokens (0.14%)
[2025-10-23 09:36:23,305] - [INFO] - ==== Example Sentence ====
[2025-10-23 09:36:23,305] - [INFO] - Original:  30년 전쟁의 승자는 누구인가?
[2025-10-23 09:36:23,305] - [INFO] - Tokenized: ['30년', '전쟁의', '승자는', '누구인가', '?']
[2025-10-23 09:36:23,305] - [INFO] - Replaced:  ['30년', '전쟁의', '<UNK', '누구인가', '?']
[2025-10-23 09:36:23,306] - [INFO] - Window:    (tensor([1613,  994]), tensor(1112))
[2025-10-23 09:36:26,154] - [INFO] - Eval Loss: 7.7978 | Perplexity: 2435.17 | Accuracy: 15.83% | Top-5 Accuracy: 30.49%
[2025-10-23 09:36:28,993] - [INFO] - Eval Loss: 7.3107 | Perplexity: 1496.20 | Accuracy: 18.82% | Top-5 Accuracy: 36.83%
[2025-10-23 09:36:31,841] - [INFO] - Eval Loss: 6.7098 | Perplexity: 820.44 | Accuracy: 19.62% | Top-5 Accuracy: 37.64%
[2025-10-23 09:36:34,684] - [INFO] - Eval Loss: 6.1665 | Perplexity: 476.52 | Accuracy: 19.47% | Top-5 Accuracy: 35.67%
[2025-10-23 09:36:37,525] - [INFO] - Eval Loss: 5.8129 | Perplexity: 334.59 | Accuracy: 18.96% | Top-5 Accuracy: 30.12%
[2025-10-23 09:36:40,379] - [INFO] - Eval Loss: 5.5472 | Perplexity: 256.53 | Accuracy: 18.89% | Top-5 Accuracy: 31.15%
[2025-10-23 09:36:43,218] - [INFO] - Eval Loss: 5.3375 | Perplexity: 207.98 | Accuracy: 18.82% | Top-5 Accuracy: 31.51%
[2025-10-23 09:36:46,060] - [INFO] - Eval Loss: 5.1731 | Perplexity: 176.45 | Accuracy: 20.20% | Top-5 Accuracy: 32.09%
[2025-10-23 09:36:48,903] - [INFO] - Eval Loss: 5.0380 | Perplexity: 154.16 | Accuracy: 20.42% | Top-5 Accuracy: 32.39%
[2025-10-23 09:36:51,746] - [INFO] - Eval Loss: 4.9281 | Perplexity: 138.12 | Accuracy: 20.86% | Top-5 Accuracy: 32.75%
[2025-10-23 09:36:51,747] - [INFO] - 
=== Running combination ===
[2025-10-23 09:36:51,747] - [INFO] - Embed: 64, Hidden: 128, Top fraction: 0.01, Replace: False, Context: 2
[2025-10-23 09:36:53,301] - [INFO] - Train dataset contains 2194 samples
[2025-10-23 09:36:53,302] - [INFO] - Validation dataset contains 228 samples
[2025-10-23 09:36:53,302] - [INFO] - Test dataset contains 356 samples
[2025-10-23 09:36:53,305] - [INFO] - Top 1.00% frequent words (41) out of 4103 total words
[2025-10-23 09:36:53,305] - [INFO] - The fragment to replace is 15.771951219512196 of the 41 frequent words (41 out of 12933)
[2025-10-23 09:36:53,331] - [INFO] - Replaced 41 / 12933 tokens (0.32%)
[2025-10-23 09:36:53,343] - [INFO] - Replaced 1 / 1371 tokens (0.07%)
[2025-10-23 09:36:53,349] - [INFO] - Replaced 3 / 2088 tokens (0.14%)
[2025-10-23 09:36:53,350] - [INFO] - ==== Example Sentence ====
[2025-10-23 09:36:53,350] - [INFO] - Original:  30년 전쟁의 승자는 누구인가?
[2025-10-23 09:36:53,350] - [INFO] - Tokenized: ['30년', '전쟁의', '승자는', '누구인가', '?']
[2025-10-23 09:36:53,350] - [INFO] - Replaced:  ['30년', '전쟁의', '<UNK', '누구인가', '?']
[2025-10-23 09:36:53,351] - [INFO] - Window:    (tensor([1613,  994]), tensor(1112))
[2025-10-23 09:36:56,213] - [INFO] - Eval Loss: 7.7978 | Perplexity: 2435.17 | Accuracy: 15.83% | Top-5 Accuracy: 30.49%
[2025-10-23 09:36:59,063] - [INFO] - Eval Loss: 7.3107 | Perplexity: 1496.20 | Accuracy: 18.82% | Top-5 Accuracy: 36.83%
[2025-10-23 09:37:01,914] - [INFO] - Eval Loss: 6.7098 | Perplexity: 820.44 | Accuracy: 19.62% | Top-5 Accuracy: 37.64%
[2025-10-23 09:37:04,765] - [INFO] - Eval Loss: 6.1665 | Perplexity: 476.52 | Accuracy: 19.47% | Top-5 Accuracy: 35.67%
[2025-10-23 09:37:07,638] - [INFO] - Eval Loss: 5.8129 | Perplexity: 334.59 | Accuracy: 18.96% | Top-5 Accuracy: 30.12%
[2025-10-23 09:37:10,495] - [INFO] - Eval Loss: 5.5472 | Perplexity: 256.53 | Accuracy: 18.89% | Top-5 Accuracy: 31.15%
[2025-10-23 09:37:13,341] - [INFO] - Eval Loss: 5.3375 | Perplexity: 207.98 | Accuracy: 18.82% | Top-5 Accuracy: 31.51%
[2025-10-23 09:37:16,192] - [INFO] - Eval Loss: 5.1731 | Perplexity: 176.45 | Accuracy: 20.20% | Top-5 Accuracy: 32.09%
[2025-10-23 09:37:19,043] - [INFO] - Eval Loss: 5.0380 | Perplexity: 154.16 | Accuracy: 20.42% | Top-5 Accuracy: 32.39%
[2025-10-23 09:37:21,896] - [INFO] - Eval Loss: 4.9281 | Perplexity: 138.12 | Accuracy: 20.86% | Top-5 Accuracy: 32.75%
[2025-10-23 09:37:21,896] - [INFO] - 
=== Running combination ===
[2025-10-23 09:37:21,896] - [INFO] - Embed: 64, Hidden: 128, Top fraction: 0.01, Replace: False, Context: 2
[2025-10-23 09:37:23,471] - [INFO] - Train dataset contains 2194 samples
[2025-10-23 09:37:23,471] - [INFO] - Validation dataset contains 228 samples
[2025-10-23 09:37:23,471] - [INFO] - Test dataset contains 356 samples
[2025-10-23 09:37:23,474] - [INFO] - Top 1.00% frequent words (41) out of 4103 total words
[2025-10-23 09:37:23,474] - [INFO] - The fragment to replace is 3.1543902439024394 of the 41 frequent words (41 out of 12933)
[2025-10-23 09:37:23,674] - [INFO] - Replaced 41 / 12933 tokens (0.32%)
[2025-10-23 09:37:23,686] - [INFO] - Replaced 1 / 1371 tokens (0.07%)
[2025-10-23 09:37:23,691] - [INFO] - Replaced 3 / 2088 tokens (0.14%)
[2025-10-23 09:37:23,693] - [INFO] - ==== Example Sentence ====
[2025-10-23 09:37:23,693] - [INFO] - Original:  30년 전쟁의 승자는 누구인가?
[2025-10-23 09:37:23,693] - [INFO] - Tokenized: ['30년', '전쟁의', '승자는', '누구인가', '?']
[2025-10-23 09:37:23,693] - [INFO] - Replaced:  ['30년', '전쟁의', '<UNK', '누구인가', '?']
[2025-10-23 09:37:23,693] - [INFO] - Window:    (tensor([1613,  994]), tensor(1112))
[2025-10-23 09:37:24,925] - [INFO] - Eval Loss: 7.7978 | Perplexity: 2435.17 | Accuracy: 15.83% | Top-5 Accuracy: 30.49%
[2025-10-23 09:37:26,066] - [INFO] - Eval Loss: 7.3107 | Perplexity: 1496.20 | Accuracy: 18.82% | Top-5 Accuracy: 36.83%
[2025-10-23 09:37:27,118] - [INFO] - Eval Loss: 6.7098 | Perplexity: 820.44 | Accuracy: 19.62% | Top-5 Accuracy: 37.64%
[2025-10-23 09:37:28,177] - [INFO] - Eval Loss: 6.1665 | Perplexity: 476.52 | Accuracy: 19.47% | Top-5 Accuracy: 35.67%
[2025-10-23 09:37:29,253] - [INFO] - Eval Loss: 5.8129 | Perplexity: 334.59 | Accuracy: 18.96% | Top-5 Accuracy: 30.12%
[2025-10-23 09:37:30,301] - [INFO] - Eval Loss: 5.5472 | Perplexity: 256.53 | Accuracy: 18.89% | Top-5 Accuracy: 31.15%
[2025-10-23 09:37:31,329] - [INFO] - Eval Loss: 5.3375 | Perplexity: 207.98 | Accuracy: 18.82% | Top-5 Accuracy: 31.51%
[2025-10-23 09:37:32,348] - [INFO] - Eval Loss: 5.1731 | Perplexity: 176.45 | Accuracy: 20.20% | Top-5 Accuracy: 32.09%
[2025-10-23 09:37:33,398] - [INFO] - Eval Loss: 5.0380 | Perplexity: 154.16 | Accuracy: 20.42% | Top-5 Accuracy: 32.39%
[2025-10-23 09:37:34,461] - [INFO] - Eval Loss: 4.9281 | Perplexity: 138.12 | Accuracy: 20.86% | Top-5 Accuracy: 32.75%
[2025-10-23 09:37:34,461] - [INFO] - 
=== Running combination ===
[2025-10-23 09:37:34,461] - [INFO] - Embed: 64, Hidden: 128, Top fraction: 0.05, Replace: True, Context: 5
[2025-10-23 09:37:35,997] - [INFO] - Train dataset contains 2194 samples
[2025-10-23 09:37:35,997] - [INFO] - Validation dataset contains 228 samples
[2025-10-23 09:37:35,997] - [INFO] - Test dataset contains 356 samples
[2025-10-23 09:37:36,000] - [INFO] - Top 5.00% frequent words (205) out of 4103 total words
[2025-10-23 09:37:36,000] - [INFO] - The fragment to replace is 0.16787383177570095 of the 205 frequent words (7704 out of 12933)
[2025-10-23 09:37:36,023] - [INFO] - Replaced 1334 / 12933 tokens (10.31%)
[2025-10-23 09:37:36,037] - [INFO] - Replaced 134 / 1371 tokens (9.77%)
[2025-10-23 09:37:36,042] - [INFO] - Replaced 178 / 2088 tokens (8.52%)
[2025-10-23 09:37:36,044] - [INFO] - ==== Example Sentence ====
[2025-10-23 09:37:36,044] - [INFO] - Original:  30년 전쟁의 승자는 누구인가?
[2025-10-23 09:37:36,044] - [INFO] - Tokenized: ['30년', '전쟁의', '승자는', '누구인가', '?']
[2025-10-23 09:37:36,044] - [INFO] - Replaced:  ['30년', '전쟁의', '승자는', '누구인가', '?']
[2025-10-23 09:37:36,044] - [INFO] - Window:    (tensor([1613,  994, 1112, 2172, 3970]), tensor(1119))
[2025-10-23 09:37:37,189] - [INFO] - Eval Loss: 7.1190 | Perplexity: 1235.26 | Accuracy: 33.48% | Top-5 Accuracy: 49.74%
[2025-10-23 09:37:38,286] - [INFO] - Eval Loss: 5.4494 | Perplexity: 232.63 | Accuracy: 35.30% | Top-5 Accuracy: 55.87%
[2025-10-23 09:37:39,349] - [INFO] - Eval Loss: 4.9742 | Perplexity: 144.63 | Accuracy: 32.90% | Top-5 Accuracy: 57.26%
[2025-10-23 09:37:40,441] - [INFO] - Eval Loss: 4.7203 | Perplexity: 112.20 | Accuracy: 33.77% | Top-5 Accuracy: 57.11%
[2025-10-23 09:37:41,558] - [INFO] - Eval Loss: 4.5990 | Perplexity: 99.39 | Accuracy: 36.76% | Top-5 Accuracy: 58.13%
[2025-10-23 09:37:42,596] - [INFO] - Eval Loss: 4.5091 | Perplexity: 90.84 | Accuracy: 36.47% | Top-5 Accuracy: 59.15%
[2025-10-23 09:37:43,653] - [INFO] - Eval Loss: 4.4391 | Perplexity: 84.69 | Accuracy: 36.76% | Top-5 Accuracy: 59.37%
[2025-10-23 09:37:44,741] - [INFO] - Eval Loss: 4.3781 | Perplexity: 79.69 | Accuracy: 36.91% | Top-5 Accuracy: 59.45%
[2025-10-23 09:37:45,835] - [INFO] - Eval Loss: 4.3274 | Perplexity: 75.75 | Accuracy: 36.83% | Top-5 Accuracy: 59.59%
[2025-10-23 09:37:46,944] - [INFO] - Eval Loss: 4.2819 | Perplexity: 72.37 | Accuracy: 36.98% | Top-5 Accuracy: 59.59%
[2025-10-23 09:37:46,944] - [INFO] - 
=== Running combination ===
[2025-10-23 09:37:46,944] - [INFO] - Embed: 64, Hidden: 128, Top fraction: 0.05, Replace: True, Context: 5
[2025-10-23 09:37:48,447] - [INFO] - Train dataset contains 2194 samples
[2025-10-23 09:37:48,447] - [INFO] - Validation dataset contains 228 samples
[2025-10-23 09:37:48,447] - [INFO] - Test dataset contains 356 samples
[2025-10-23 09:37:48,450] - [INFO] - Top 5.00% frequent words (205) out of 4103 total words
[2025-10-23 09:37:48,450] - [INFO] - The fragment to replace is 0.08393691588785047 of the 205 frequent words (7704 out of 12933)
[2025-10-23 09:37:48,478] - [INFO] - Replaced 634 / 12933 tokens (4.90%)
[2025-10-23 09:37:48,494] - [INFO] - Replaced 63 / 1371 tokens (4.60%)
[2025-10-23 09:37:48,500] - [INFO] - Replaced 73 / 2088 tokens (3.50%)
[2025-10-23 09:37:48,502] - [INFO] - ==== Example Sentence ====
[2025-10-23 09:37:48,502] - [INFO] - Original:  30년 전쟁의 승자는 누구인가?
[2025-10-23 09:37:48,502] - [INFO] - Tokenized: ['30년', '전쟁의', '승자는', '누구인가', '?']
[2025-10-23 09:37:48,502] - [INFO] - Replaced:  ['30년', '전쟁의', '승자는', '누구인가', '?']
[2025-10-23 09:37:48,502] - [INFO] - Window:    (tensor([1613,  994, 1112, 2172, 3970]), tensor(1119))
[2025-10-23 09:37:51,352] - [INFO] - Eval Loss: 7.4598 | Perplexity: 1736.73 | Accuracy: 20.93% | Top-5 Accuracy: 43.54%
[2025-10-23 09:37:54,201] - [INFO] - Eval Loss: 5.9112 | Perplexity: 369.15 | Accuracy: 16.34% | Top-5 Accuracy: 52.37%
[2025-10-23 09:37:57,050] - [INFO] - Eval Loss: 5.3166 | Perplexity: 203.68 | Accuracy: 24.87% | Top-5 Accuracy: 54.19%
[2025-10-23 09:37:59,897] - [INFO] - Eval Loss: 5.0395 | Perplexity: 154.40 | Accuracy: 19.33% | Top-5 Accuracy: 54.56%
[2025-10-23 09:38:02,745] - [INFO] - Eval Loss: 4.8877 | Perplexity: 132.64 | Accuracy: 20.28% | Top-5 Accuracy: 56.53%
[2025-10-23 09:38:05,605] - [INFO] - Eval Loss: 4.7846 | Perplexity: 119.66 | Accuracy: 22.17% | Top-5 Accuracy: 57.11%
[2025-10-23 09:38:08,454] - [INFO] - Eval Loss: 4.6950 | Perplexity: 109.39 | Accuracy: 22.83% | Top-5 Accuracy: 57.33%
[2025-10-23 09:38:11,300] - [INFO] - Eval Loss: 4.6241 | Perplexity: 101.91 | Accuracy: 23.41% | Top-5 Accuracy: 57.33%
[2025-10-23 09:38:14,148] - [INFO] - Eval Loss: 4.5482 | Perplexity: 94.46 | Accuracy: 24.65% | Top-5 Accuracy: 57.33%
[2025-10-23 09:38:16,999] - [INFO] - Eval Loss: 4.4894 | Perplexity: 89.06 | Accuracy: 26.26% | Top-5 Accuracy: 57.40%
[2025-10-23 09:38:17,000] - [INFO] - 
=== Running combination ===
[2025-10-23 09:38:17,000] - [INFO] - Embed: 64, Hidden: 128, Top fraction: 0.05, Replace: True, Context: 5
[2025-10-23 09:38:18,869] - [INFO] - Train dataset contains 2194 samples
[2025-10-23 09:38:18,869] - [INFO] - Validation dataset contains 228 samples
[2025-10-23 09:38:18,869] - [INFO] - Test dataset contains 356 samples
[2025-10-23 09:38:18,872] - [INFO] - Top 5.00% frequent words (205) out of 4103 total words
[2025-10-23 09:38:18,872] - [INFO] - The fragment to replace is 0.016787383177570094 of the 205 frequent words (7704 out of 12933)
[2025-10-23 09:38:18,899] - [INFO] - Replaced 123 / 12933 tokens (0.95%)
[2025-10-23 09:38:18,916] - [INFO] - Replaced 13 / 1371 tokens (0.95%)
[2025-10-23 09:38:18,922] - [INFO] - Replaced 14 / 2088 tokens (0.67%)
[2025-10-23 09:38:18,924] - [INFO] - ==== Example Sentence ====
[2025-10-23 09:38:18,924] - [INFO] - Original:  30년 전쟁의 승자는 누구인가?
[2025-10-23 09:38:18,924] - [INFO] - Tokenized: ['30년', '전쟁의', '승자는', '누구인가', '?']
[2025-10-23 09:38:18,924] - [INFO] - Replaced:  ['30년', '전쟁의', '승자는', '누구인가', '?']
[2025-10-23 09:38:18,925] - [INFO] - Window:    (tensor([1613,  994, 1112, 2172, 3970]), tensor(1119))
[2025-10-23 09:38:21,768] - [INFO] - Eval Loss: 7.6591 | Perplexity: 2119.80 | Accuracy: 12.69% | Top-5 Accuracy: 21.95%
[2025-10-23 09:38:24,605] - [INFO] - Eval Loss: 6.4480 | Perplexity: 631.46 | Accuracy: 16.56% | Top-5 Accuracy: 29.25%
[2025-10-23 09:38:27,439] - [INFO] - Eval Loss: 5.8234 | Perplexity: 338.13 | Accuracy: 18.67% | Top-5 Accuracy: 30.63%
[2025-10-23 09:38:30,269] - [INFO] - Eval Loss: 5.4838 | Perplexity: 240.77 | Accuracy: 20.20% | Top-5 Accuracy: 32.39%
[2025-10-23 09:38:33,103] - [INFO] - Eval Loss: 5.2930 | Perplexity: 198.95 | Accuracy: 21.23% | Top-5 Accuracy: 33.33%
[2025-10-23 09:38:35,937] - [INFO] - Eval Loss: 5.1564 | Perplexity: 173.53 | Accuracy: 21.88% | Top-5 Accuracy: 33.84%
[2025-10-23 09:38:38,769] - [INFO] - Eval Loss: 5.0571 | Perplexity: 157.13 | Accuracy: 22.17% | Top-5 Accuracy: 35.08%
[2025-10-23 09:38:41,601] - [INFO] - Eval Loss: 4.9721 | Perplexity: 144.33 | Accuracy: 23.41% | Top-5 Accuracy: 35.52%
[2025-10-23 09:38:44,438] - [INFO] - Eval Loss: 4.8946 | Perplexity: 133.57 | Accuracy: 23.71% | Top-5 Accuracy: 35.96%
[2025-10-23 09:38:47,277] - [INFO] - Eval Loss: 4.8297 | Perplexity: 125.17 | Accuracy: 23.78% | Top-5 Accuracy: 36.47%
[2025-10-23 09:38:47,277] - [INFO] - 
=== Running combination ===
[2025-10-23 09:38:47,277] - [INFO] - Embed: 64, Hidden: 128, Top fraction: 0.05, Replace: True, Context: 2
[2025-10-23 09:38:48,802] - [INFO] - Train dataset contains 2194 samples
[2025-10-23 09:38:48,802] - [INFO] - Validation dataset contains 228 samples
[2025-10-23 09:38:48,802] - [INFO] - Test dataset contains 356 samples
[2025-10-23 09:38:48,805] - [INFO] - Top 5.00% frequent words (205) out of 4103 total words
[2025-10-23 09:38:48,805] - [INFO] - The fragment to replace is 0.16787383177570095 of the 205 frequent words (7704 out of 12933)
[2025-10-23 09:38:48,832] - [INFO] - Replaced 1334 / 12933 tokens (10.31%)
[2025-10-23 09:38:48,845] - [INFO] - Replaced 134 / 1371 tokens (9.77%)
[2025-10-23 09:38:48,851] - [INFO] - Replaced 178 / 2088 tokens (8.52%)
[2025-10-23 09:38:48,852] - [INFO] - ==== Example Sentence ====
[2025-10-23 09:38:48,852] - [INFO] - Original:  30년 전쟁의 승자는 누구인가?
[2025-10-23 09:38:48,852] - [INFO] - Tokenized: ['30년', '전쟁의', '승자는', '누구인가', '?']
[2025-10-23 09:38:48,852] - [INFO] - Replaced:  ['30년', '전쟁의', '승자는', '누구인가', '?']
[2025-10-23 09:38:48,853] - [INFO] - Window:    (tensor([1613,  994]), tensor(1112))
[2025-10-23 09:38:51,688] - [INFO] - Eval Loss: 7.6541 | Perplexity: 2109.19 | Accuracy: 26.04% | Top-5 Accuracy: 45.81%
[2025-10-23 09:38:54,517] - [INFO] - Eval Loss: 6.9417 | Perplexity: 1034.55 | Accuracy: 29.83% | Top-5 Accuracy: 52.22%
[2025-10-23 09:38:57,347] - [INFO] - Eval Loss: 5.9831 | Perplexity: 396.66 | Accuracy: 29.25% | Top-5 Accuracy: 53.61%
[2025-10-23 09:39:00,178] - [INFO] - Eval Loss: 5.2503 | Perplexity: 190.61 | Accuracy: 29.76% | Top-5 Accuracy: 53.98%
[2025-10-23 09:39:03,010] - [INFO] - Eval Loss: 4.9618 | Perplexity: 142.85 | Accuracy: 27.21% | Top-5 Accuracy: 54.56%
[2025-10-23 09:39:05,835] - [INFO] - Eval Loss: 4.7760 | Perplexity: 118.63 | Accuracy: 30.49% | Top-5 Accuracy: 54.63%
[2025-10-23 09:39:08,666] - [INFO] - Eval Loss: 4.6245 | Perplexity: 101.95 | Accuracy: 30.78% | Top-5 Accuracy: 56.02%
[2025-10-23 09:39:11,498] - [INFO] - Eval Loss: 4.4957 | Perplexity: 89.63 | Accuracy: 30.93% | Top-5 Accuracy: 56.97%
[2025-10-23 09:39:14,328] - [INFO] - Eval Loss: 4.3960 | Perplexity: 81.12 | Accuracy: 31.80% | Top-5 Accuracy: 57.48%
[2025-10-23 09:39:17,155] - [INFO] - Eval Loss: 4.3161 | Perplexity: 74.90 | Accuracy: 32.02% | Top-5 Accuracy: 57.84%
[2025-10-23 09:39:17,156] - [INFO] - 
=== Running combination ===
[2025-10-23 09:39:17,156] - [INFO] - Embed: 64, Hidden: 128, Top fraction: 0.05, Replace: True, Context: 2
[2025-10-23 09:39:18,677] - [INFO] - Train dataset contains 2194 samples
[2025-10-23 09:39:18,677] - [INFO] - Validation dataset contains 228 samples
[2025-10-23 09:39:18,678] - [INFO] - Test dataset contains 356 samples
[2025-10-23 09:39:18,680] - [INFO] - Top 5.00% frequent words (205) out of 4103 total words
[2025-10-23 09:39:18,680] - [INFO] - The fragment to replace is 0.08393691588785047 of the 205 frequent words (7704 out of 12933)
[2025-10-23 09:39:18,708] - [INFO] - Replaced 634 / 12933 tokens (4.90%)
[2025-10-23 09:39:18,720] - [INFO] - Replaced 63 / 1371 tokens (4.60%)
[2025-10-23 09:39:18,726] - [INFO] - Replaced 73 / 2088 tokens (3.50%)
[2025-10-23 09:39:18,727] - [INFO] - ==== Example Sentence ====
[2025-10-23 09:39:18,727] - [INFO] - Original:  30년 전쟁의 승자는 누구인가?
[2025-10-23 09:39:18,727] - [INFO] - Tokenized: ['30년', '전쟁의', '승자는', '누구인가', '?']
[2025-10-23 09:39:18,727] - [INFO] - Replaced:  ['30년', '전쟁의', '승자는', '누구인가', '?']
[2025-10-23 09:39:18,728] - [INFO] - Window:    (tensor([1613,  994]), tensor(1112))
[2025-10-23 09:39:19,865] - [INFO] - Eval Loss: 7.7362 | Perplexity: 2289.84 | Accuracy: 24.80% | Top-5 Accuracy: 39.53%
[2025-10-23 09:39:20,962] - [INFO] - Eval Loss: 7.1644 | Perplexity: 1292.63 | Accuracy: 24.73% | Top-5 Accuracy: 47.48%
[2025-10-23 09:39:21,877] - [INFO] - Eval Loss: 6.4187 | Perplexity: 613.20 | Accuracy: 25.24% | Top-5 Accuracy: 49.60%
[2025-10-23 09:39:22,826] - [INFO] - Eval Loss: 5.7202 | Perplexity: 304.97 | Accuracy: 25.16% | Top-5 Accuracy: 50.55%
[2025-10-23 09:39:23,755] - [INFO] - Eval Loss: 5.2882 | Perplexity: 197.99 | Accuracy: 24.95% | Top-5 Accuracy: 51.35%
[2025-10-23 09:39:24,688] - [INFO] - Eval Loss: 5.0344 | Perplexity: 153.61 | Accuracy: 24.73% | Top-5 Accuracy: 52.44%
[2025-10-23 09:39:25,622] - [INFO] - Eval Loss: 4.8681 | Perplexity: 130.07 | Accuracy: 24.73% | Top-5 Accuracy: 53.32%
[2025-10-23 09:39:26,576] - [INFO] - Eval Loss: 4.7277 | Perplexity: 113.04 | Accuracy: 24.80% | Top-5 Accuracy: 54.49%
[2025-10-23 09:39:27,510] - [INFO] - Eval Loss: 4.6115 | Perplexity: 100.63 | Accuracy: 25.09% | Top-5 Accuracy: 54.63%
[2025-10-23 09:39:28,475] - [INFO] - Eval Loss: 4.5136 | Perplexity: 91.25 | Accuracy: 25.60% | Top-5 Accuracy: 55.58%
[2025-10-23 09:39:28,475] - [INFO] - 
=== Running combination ===
[2025-10-23 09:39:28,475] - [INFO] - Embed: 64, Hidden: 128, Top fraction: 0.05, Replace: True, Context: 2
[2025-10-23 09:39:30,157] - [INFO] - Train dataset contains 2194 samples
[2025-10-23 09:39:30,157] - [INFO] - Validation dataset contains 228 samples
[2025-10-23 09:39:30,157] - [INFO] - Test dataset contains 356 samples
[2025-10-23 09:39:30,160] - [INFO] - Top 5.00% frequent words (205) out of 4103 total words
[2025-10-23 09:39:30,160] - [INFO] - The fragment to replace is 0.016787383177570094 of the 205 frequent words (7704 out of 12933)
[2025-10-23 09:39:30,187] - [INFO] - Replaced 123 / 12933 tokens (0.95%)
[2025-10-23 09:39:30,200] - [INFO] - Replaced 13 / 1371 tokens (0.95%)
[2025-10-23 09:39:30,205] - [INFO] - Replaced 14 / 2088 tokens (0.67%)
[2025-10-23 09:39:30,207] - [INFO] - ==== Example Sentence ====
[2025-10-23 09:39:30,207] - [INFO] - Original:  30년 전쟁의 승자는 누구인가?
[2025-10-23 09:39:30,207] - [INFO] - Tokenized: ['30년', '전쟁의', '승자는', '누구인가', '?']
[2025-10-23 09:39:30,207] - [INFO] - Replaced:  ['30년', '전쟁의', '승자는', '누구인가', '?']
[2025-10-23 09:39:30,207] - [INFO] - Window:    (tensor([1613,  994]), tensor(1112))
[2025-10-23 09:39:33,055] - [INFO] - Eval Loss: 7.7902 | Perplexity: 2416.74 | Accuracy: 22.83% | Top-5 Accuracy: 31.07%
[2025-10-23 09:39:35,904] - [INFO] - Eval Loss: 7.2953 | Perplexity: 1473.32 | Accuracy: 18.53% | Top-5 Accuracy: 41.50%
[2025-10-23 09:39:38,749] - [INFO] - Eval Loss: 6.6742 | Perplexity: 791.69 | Accuracy: 19.26% | Top-5 Accuracy: 43.62%
[2025-10-23 09:39:41,599] - [INFO] - Eval Loss: 6.0988 | Perplexity: 445.33 | Accuracy: 18.96% | Top-5 Accuracy: 45.73%
[2025-10-23 09:39:44,452] - [INFO] - Eval Loss: 5.7186 | Perplexity: 304.48 | Accuracy: 18.53% | Top-5 Accuracy: 46.46%
[2025-10-23 09:39:47,305] - [INFO] - Eval Loss: 5.4354 | Perplexity: 229.38 | Accuracy: 18.45% | Top-5 Accuracy: 40.92%
[2025-10-23 09:39:50,158] - [INFO] - Eval Loss: 5.2114 | Perplexity: 183.34 | Accuracy: 18.45% | Top-5 Accuracy: 40.55%
[2025-10-23 09:39:53,013] - [INFO] - Eval Loss: 5.0388 | Perplexity: 154.28 | Accuracy: 19.77% | Top-5 Accuracy: 40.19%
[2025-10-23 09:39:55,867] - [INFO] - Eval Loss: 4.9023 | Perplexity: 134.60 | Accuracy: 19.99% | Top-5 Accuracy: 33.70%
[2025-10-23 09:39:58,715] - [INFO] - Eval Loss: 4.7938 | Perplexity: 120.76 | Accuracy: 20.42% | Top-5 Accuracy: 32.97%
[2025-10-23 09:39:58,715] - [INFO] - 
=== Running combination ===
[2025-10-23 09:39:58,715] - [INFO] - Embed: 64, Hidden: 128, Top fraction: 0.05, Replace: False, Context: 5
[2025-10-23 09:40:00,287] - [INFO] - Train dataset contains 2194 samples
[2025-10-23 09:40:00,287] - [INFO] - Validation dataset contains 228 samples
[2025-10-23 09:40:00,287] - [INFO] - Test dataset contains 356 samples
[2025-10-23 09:40:00,290] - [INFO] - Top 5.00% frequent words (205) out of 4103 total words
[2025-10-23 09:40:00,290] - [INFO] - The fragment to replace is 6.308780487804879 of the 205 frequent words (205 out of 12933)
[2025-10-23 09:40:00,317] - [INFO] - Replaced 205 / 12933 tokens (1.59%)
[2025-10-23 09:40:00,333] - [INFO] - Replaced 8 / 1371 tokens (0.58%)
[2025-10-23 09:40:00,339] - [INFO] - Replaced 12 / 2088 tokens (0.57%)
[2025-10-23 09:40:00,341] - [INFO] - ==== Example Sentence ====
[2025-10-23 09:40:00,341] - [INFO] - Original:  30년 전쟁의 승자는 누구인가?
[2025-10-23 09:40:00,341] - [INFO] - Tokenized: ['30년', '전쟁의', '승자는', '누구인가', '?']
[2025-10-23 09:40:00,341] - [INFO] - Replaced:  ['30년', '전쟁의', '<UNK', '누구인가', '?']
[2025-10-23 09:40:00,341] - [INFO] - Window:    (tensor([1613,  994, 1112, 1957, 3970]), tensor(1119))
[2025-10-23 09:40:03,203] - [INFO] - Eval Loss: 7.5332 | Perplexity: 1869.01 | Accuracy: 14.08% | Top-5 Accuracy: 35.08%
[2025-10-23 09:40:06,060] - [INFO] - Eval Loss: 6.1217 | Perplexity: 455.66 | Accuracy: 17.51% | Top-5 Accuracy: 35.01%
[2025-10-23 09:40:08,925] - [INFO] - Eval Loss: 5.4688 | Perplexity: 237.17 | Accuracy: 19.26% | Top-5 Accuracy: 43.69%
[2025-10-23 09:40:11,781] - [INFO] - Eval Loss: 5.1373 | Perplexity: 170.25 | Accuracy: 20.93% | Top-5 Accuracy: 47.41%
[2025-10-23 09:40:14,636] - [INFO] - Eval Loss: 4.9533 | Perplexity: 141.64 | Accuracy: 21.95% | Top-5 Accuracy: 50.98%
[2025-10-23 09:40:17,491] - [INFO] - Eval Loss: 4.8138 | Perplexity: 123.20 | Accuracy: 23.85% | Top-5 Accuracy: 52.22%
[2025-10-23 09:40:20,339] - [INFO] - Eval Loss: 4.7001 | Perplexity: 109.95 | Accuracy: 24.29% | Top-5 Accuracy: 53.03%
[2025-10-23 09:40:23,191] - [INFO] - Eval Loss: 4.5996 | Perplexity: 99.45 | Accuracy: 26.11% | Top-5 Accuracy: 53.32%
[2025-10-23 09:40:26,049] - [INFO] - Eval Loss: 4.5110 | Perplexity: 91.01 | Accuracy: 26.55% | Top-5 Accuracy: 54.05%
[2025-10-23 09:40:28,903] - [INFO] - Eval Loss: 4.4493 | Perplexity: 85.57 | Accuracy: 27.06% | Top-5 Accuracy: 54.05%
[2025-10-23 09:40:28,903] - [INFO] - 
=== Running combination ===
[2025-10-23 09:40:28,903] - [INFO] - Embed: 64, Hidden: 128, Top fraction: 0.05, Replace: False, Context: 5
[2025-10-23 09:40:30,432] - [INFO] - Train dataset contains 2194 samples
[2025-10-23 09:40:30,432] - [INFO] - Validation dataset contains 228 samples
[2025-10-23 09:40:30,432] - [INFO] - Test dataset contains 356 samples
[2025-10-23 09:40:30,435] - [INFO] - Top 5.00% frequent words (205) out of 4103 total words
[2025-10-23 09:40:30,435] - [INFO] - The fragment to replace is 3.1543902439024394 of the 205 frequent words (205 out of 12933)
[2025-10-23 09:40:30,461] - [INFO] - Replaced 205 / 12933 tokens (1.59%)
[2025-10-23 09:40:30,477] - [INFO] - Replaced 8 / 1371 tokens (0.58%)
[2025-10-23 09:40:30,483] - [INFO] - Replaced 12 / 2088 tokens (0.57%)
[2025-10-23 09:40:30,647] - [INFO] - ==== Example Sentence ====
[2025-10-23 09:40:30,647] - [INFO] - Original:  30년 전쟁의 승자는 누구인가?
[2025-10-23 09:40:30,647] - [INFO] - Tokenized: ['30년', '전쟁의', '승자는', '누구인가', '?']
[2025-10-23 09:40:30,647] - [INFO] - Replaced:  ['30년', '전쟁의', '<UNK', '누구인가', '?']
[2025-10-23 09:40:30,647] - [INFO] - Window:    (tensor([1613,  994, 1112, 1957, 3970]), tensor(1119))
[2025-10-23 09:40:33,498] - [INFO] - Eval Loss: 7.5332 | Perplexity: 1869.01 | Accuracy: 14.08% | Top-5 Accuracy: 35.08%
[2025-10-23 09:40:36,550] - [INFO] - Eval Loss: 6.1217 | Perplexity: 455.66 | Accuracy: 17.51% | Top-5 Accuracy: 35.01%
[2025-10-23 09:40:39,618] - [INFO] - Eval Loss: 5.4688 | Perplexity: 237.17 | Accuracy: 19.26% | Top-5 Accuracy: 43.69%
[2025-10-23 09:40:42,658] - [INFO] - Eval Loss: 5.1373 | Perplexity: 170.25 | Accuracy: 20.93% | Top-5 Accuracy: 47.41%
[2025-10-23 09:40:45,698] - [INFO] - Eval Loss: 4.9533 | Perplexity: 141.64 | Accuracy: 21.95% | Top-5 Accuracy: 50.98%
[2025-10-23 09:40:48,727] - [INFO] - Eval Loss: 4.8138 | Perplexity: 123.20 | Accuracy: 23.85% | Top-5 Accuracy: 52.22%
[2025-10-23 09:40:51,723] - [INFO] - Eval Loss: 4.7001 | Perplexity: 109.95 | Accuracy: 24.29% | Top-5 Accuracy: 53.03%
[2025-10-23 09:40:54,692] - [INFO] - Eval Loss: 4.5996 | Perplexity: 99.45 | Accuracy: 26.11% | Top-5 Accuracy: 53.32%
[2025-10-23 09:40:57,656] - [INFO] - Eval Loss: 4.5110 | Perplexity: 91.01 | Accuracy: 26.55% | Top-5 Accuracy: 54.05%
[2025-10-23 09:41:00,614] - [INFO] - Eval Loss: 4.4493 | Perplexity: 85.57 | Accuracy: 27.06% | Top-5 Accuracy: 54.05%
[2025-10-23 09:41:00,615] - [INFO] - 
=== Running combination ===
[2025-10-23 09:41:00,615] - [INFO] - Embed: 64, Hidden: 128, Top fraction: 0.05, Replace: False, Context: 5
[2025-10-23 09:41:02,136] - [INFO] - Train dataset contains 2194 samples
[2025-10-23 09:41:02,136] - [INFO] - Validation dataset contains 228 samples
[2025-10-23 09:41:02,136] - [INFO] - Test dataset contains 356 samples
[2025-10-23 09:41:02,139] - [INFO] - Top 5.00% frequent words (205) out of 4103 total words
[2025-10-23 09:41:02,139] - [INFO] - The fragment to replace is 0.6308780487804879 of the 205 frequent words (205 out of 12933)
[2025-10-23 09:41:02,166] - [INFO] - Replaced 126 / 12933 tokens (0.97%)
[2025-10-23 09:41:02,184] - [INFO] - Replaced 3 / 1371 tokens (0.22%)
[2025-10-23 09:41:02,190] - [INFO] - Replaced 9 / 2088 tokens (0.43%)
[2025-10-23 09:41:02,192] - [INFO] - ==== Example Sentence ====
[2025-10-23 09:41:02,192] - [INFO] - Original:  30년 전쟁의 승자는 누구인가?
[2025-10-23 09:41:02,192] - [INFO] - Tokenized: ['30년', '전쟁의', '승자는', '누구인가', '?']
[2025-10-23 09:41:02,192] - [INFO] - Replaced:  ['30년', '전쟁의', '<UNK', '누구인가', '?']
[2025-10-23 09:41:02,193] - [INFO] - Window:    (tensor([1613,  994, 1112, 1957, 3970]), tensor(1119))
[2025-10-23 09:41:05,144] - [INFO] - Eval Loss: 7.6103 | Perplexity: 2018.96 | Accuracy: 12.91% | Top-5 Accuracy: 22.68%
[2025-10-23 09:41:08,082] - [INFO] - Eval Loss: 6.3207 | Perplexity: 555.96 | Accuracy: 17.51% | Top-5 Accuracy: 29.91%
[2025-10-23 09:41:11,014] - [INFO] - Eval Loss: 5.6932 | Perplexity: 296.85 | Accuracy: 19.11% | Top-5 Accuracy: 31.44%
[2025-10-23 09:41:13,940] - [INFO] - Eval Loss: 5.3607 | Perplexity: 212.86 | Accuracy: 20.71% | Top-5 Accuracy: 33.04%
[2025-10-23 09:41:16,853] - [INFO] - Eval Loss: 5.1739 | Perplexity: 176.61 | Accuracy: 21.81% | Top-5 Accuracy: 34.06%
[2025-10-23 09:41:19,763] - [INFO] - Eval Loss: 5.0412 | Perplexity: 154.65 | Accuracy: 22.54% | Top-5 Accuracy: 35.67%
[2025-10-23 09:41:22,673] - [INFO] - Eval Loss: 4.9335 | Perplexity: 138.86 | Accuracy: 22.83% | Top-5 Accuracy: 36.98%
[2025-10-23 09:41:25,571] - [INFO] - Eval Loss: 4.8380 | Perplexity: 126.21 | Accuracy: 24.43% | Top-5 Accuracy: 40.12%
[2025-10-23 09:41:28,410] - [INFO] - Eval Loss: 4.7520 | Perplexity: 115.82 | Accuracy: 24.51% | Top-5 Accuracy: 40.85%
[2025-10-23 09:41:31,253] - [INFO] - Eval Loss: 4.6906 | Perplexity: 108.92 | Accuracy: 24.65% | Top-5 Accuracy: 41.36%
[2025-10-23 09:41:31,254] - [INFO] - 
=== Running combination ===
[2025-10-23 09:41:31,254] - [INFO] - Embed: 64, Hidden: 128, Top fraction: 0.05, Replace: False, Context: 2
[2025-10-23 09:41:32,773] - [INFO] - Train dataset contains 2194 samples
[2025-10-23 09:41:32,773] - [INFO] - Validation dataset contains 228 samples
[2025-10-23 09:41:32,773] - [INFO] - Test dataset contains 356 samples
[2025-10-23 09:41:32,776] - [INFO] - Top 5.00% frequent words (205) out of 4103 total words
[2025-10-23 09:41:32,776] - [INFO] - The fragment to replace is 6.308780487804879 of the 205 frequent words (205 out of 12933)
[2025-10-23 09:41:32,803] - [INFO] - Replaced 205 / 12933 tokens (1.59%)
[2025-10-23 09:41:32,815] - [INFO] - Replaced 8 / 1371 tokens (0.58%)
[2025-10-23 09:41:32,821] - [INFO] - Replaced 12 / 2088 tokens (0.57%)
[2025-10-23 09:41:32,822] - [INFO] - ==== Example Sentence ====
[2025-10-23 09:41:32,822] - [INFO] - Original:  30년 전쟁의 승자는 누구인가?
[2025-10-23 09:41:32,822] - [INFO] - Tokenized: ['30년', '전쟁의', '승자는', '누구인가', '?']
[2025-10-23 09:41:32,822] - [INFO] - Replaced:  ['30년', '전쟁의', '<UNK', '누구인가', '?']
[2025-10-23 09:41:32,823] - [INFO] - Window:    (tensor([1613,  994]), tensor(1112))
[2025-10-23 09:41:34,028] - [INFO] - Eval Loss: 7.7507 | Perplexity: 2323.13 | Accuracy: 25.16% | Top-5 Accuracy: 36.69%
[2025-10-23 09:41:35,206] - [INFO] - Eval Loss: 7.1853 | Perplexity: 1319.91 | Accuracy: 18.89% | Top-5 Accuracy: 44.71%
[2025-10-23 09:41:36,165] - [INFO] - Eval Loss: 6.4744 | Perplexity: 648.35 | Accuracy: 19.55% | Top-5 Accuracy: 45.66%
[2025-10-23 09:41:37,119] - [INFO] - Eval Loss: 5.8495 | Perplexity: 347.05 | Accuracy: 19.33% | Top-5 Accuracy: 48.21%
[2025-10-23 09:41:38,085] - [INFO] - Eval Loss: 5.4396 | Perplexity: 230.34 | Accuracy: 18.96% | Top-5 Accuracy: 49.45%
[2025-10-23 09:41:39,003] - [INFO] - Eval Loss: 5.1366 | Perplexity: 170.14 | Accuracy: 18.82% | Top-5 Accuracy: 50.26%
[2025-10-23 09:41:39,935] - [INFO] - Eval Loss: 4.9098 | Perplexity: 135.61 | Accuracy: 18.82% | Top-5 Accuracy: 50.33%
[2025-10-23 09:41:40,891] - [INFO] - Eval Loss: 4.7379 | Perplexity: 114.19 | Accuracy: 20.35% | Top-5 Accuracy: 50.84%
[2025-10-23 09:41:41,854] - [INFO] - Eval Loss: 4.6053 | Perplexity: 100.01 | Accuracy: 20.57% | Top-5 Accuracy: 50.77%
[2025-10-23 09:41:42,816] - [INFO] - Eval Loss: 4.4991 | Perplexity: 89.94 | Accuracy: 21.66% | Top-5 Accuracy: 51.28%
[2025-10-23 09:41:42,817] - [INFO] - 
=== Running combination ===
[2025-10-23 09:41:42,817] - [INFO] - Embed: 64, Hidden: 128, Top fraction: 0.05, Replace: False, Context: 2
[2025-10-23 09:41:44,349] - [INFO] - Train dataset contains 2194 samples
[2025-10-23 09:41:44,349] - [INFO] - Validation dataset contains 228 samples
[2025-10-23 09:41:44,349] - [INFO] - Test dataset contains 356 samples
[2025-10-23 09:41:44,352] - [INFO] - Top 5.00% frequent words (205) out of 4103 total words
[2025-10-23 09:41:44,352] - [INFO] - The fragment to replace is 3.1543902439024394 of the 205 frequent words (205 out of 12933)
[2025-10-23 09:41:44,378] - [INFO] - Replaced 205 / 12933 tokens (1.59%)
[2025-10-23 09:41:44,391] - [INFO] - Replaced 8 / 1371 tokens (0.58%)
[2025-10-23 09:41:44,396] - [INFO] - Replaced 12 / 2088 tokens (0.57%)
[2025-10-23 09:41:44,397] - [INFO] - ==== Example Sentence ====
[2025-10-23 09:41:44,397] - [INFO] - Original:  30년 전쟁의 승자는 누구인가?
[2025-10-23 09:41:44,397] - [INFO] - Tokenized: ['30년', '전쟁의', '승자는', '누구인가', '?']
[2025-10-23 09:41:44,397] - [INFO] - Replaced:  ['30년', '전쟁의', '<UNK', '누구인가', '?']
[2025-10-23 09:41:44,398] - [INFO] - Window:    (tensor([1613,  994]), tensor(1112))
[2025-10-23 09:41:47,236] - [INFO] - Eval Loss: 7.7507 | Perplexity: 2323.13 | Accuracy: 25.16% | Top-5 Accuracy: 36.69%
[2025-10-23 09:41:50,073] - [INFO] - Eval Loss: 7.1853 | Perplexity: 1319.91 | Accuracy: 18.89% | Top-5 Accuracy: 44.71%
[2025-10-23 09:41:53,057] - [INFO] - Eval Loss: 6.4744 | Perplexity: 648.35 | Accuracy: 19.55% | Top-5 Accuracy: 45.66%
[2025-10-23 09:41:55,891] - [INFO] - Eval Loss: 5.8495 | Perplexity: 347.05 | Accuracy: 19.33% | Top-5 Accuracy: 48.21%
[2025-10-23 09:41:58,717] - [INFO] - Eval Loss: 5.4396 | Perplexity: 230.34 | Accuracy: 18.96% | Top-5 Accuracy: 49.45%
[2025-10-23 09:42:01,549] - [INFO] - Eval Loss: 5.1366 | Perplexity: 170.14 | Accuracy: 18.82% | Top-5 Accuracy: 50.26%
[2025-10-23 09:42:04,379] - [INFO] - Eval Loss: 4.9098 | Perplexity: 135.61 | Accuracy: 18.82% | Top-5 Accuracy: 50.33%
[2025-10-23 09:42:07,213] - [INFO] - Eval Loss: 4.7379 | Perplexity: 114.19 | Accuracy: 20.35% | Top-5 Accuracy: 50.84%
[2025-10-23 09:42:10,045] - [INFO] - Eval Loss: 4.6053 | Perplexity: 100.01 | Accuracy: 20.57% | Top-5 Accuracy: 50.77%
[2025-10-23 09:42:12,874] - [INFO] - Eval Loss: 4.4991 | Perplexity: 89.94 | Accuracy: 21.66% | Top-5 Accuracy: 51.28%
[2025-10-23 09:42:12,875] - [INFO] - 
=== Running combination ===
[2025-10-23 09:42:12,875] - [INFO] - Embed: 64, Hidden: 128, Top fraction: 0.05, Replace: False, Context: 2
[2025-10-23 09:42:14,400] - [INFO] - Train dataset contains 2194 samples
[2025-10-23 09:42:14,400] - [INFO] - Validation dataset contains 228 samples
[2025-10-23 09:42:14,400] - [INFO] - Test dataset contains 356 samples
[2025-10-23 09:42:14,403] - [INFO] - Top 5.00% frequent words (205) out of 4103 total words
[2025-10-23 09:42:14,403] - [INFO] - The fragment to replace is 0.6308780487804879 of the 205 frequent words (205 out of 12933)
[2025-10-23 09:42:14,429] - [INFO] - Replaced 126 / 12933 tokens (0.97%)
[2025-10-23 09:42:14,616] - [INFO] - Replaced 3 / 1371 tokens (0.22%)
[2025-10-23 09:42:14,622] - [INFO] - Replaced 9 / 2088 tokens (0.43%)
[2025-10-23 09:42:14,623] - [INFO] - ==== Example Sentence ====
[2025-10-23 09:42:14,623] - [INFO] - Original:  30년 전쟁의 승자는 누구인가?
[2025-10-23 09:42:14,623] - [INFO] - Tokenized: ['30년', '전쟁의', '승자는', '누구인가', '?']
[2025-10-23 09:42:14,623] - [INFO] - Replaced:  ['30년', '전쟁의', '<UNK', '누구인가', '?']
[2025-10-23 09:42:14,624] - [INFO] - Window:    (tensor([1613,  994]), tensor(1112))
[2025-10-23 09:42:17,473] - [INFO] - Eval Loss: 7.7743 | Perplexity: 2378.67 | Accuracy: 22.83% | Top-5 Accuracy: 34.50%
[2025-10-23 09:42:20,313] - [INFO] - Eval Loss: 7.2514 | Perplexity: 1410.09 | Accuracy: 18.82% | Top-5 Accuracy: 41.87%
[2025-10-23 09:42:23,152] - [INFO] - Eval Loss: 6.5984 | Perplexity: 733.90 | Accuracy: 19.55% | Top-5 Accuracy: 44.57%
[2025-10-23 09:42:25,991] - [INFO] - Eval Loss: 6.0190 | Perplexity: 411.18 | Accuracy: 19.33% | Top-5 Accuracy: 47.05%
[2025-10-23 09:42:28,837] - [INFO] - Eval Loss: 5.6376 | Perplexity: 280.79 | Accuracy: 18.96% | Top-5 Accuracy: 47.48%
[2025-10-23 09:42:31,674] - [INFO] - Eval Loss: 5.3505 | Perplexity: 210.71 | Accuracy: 18.82% | Top-5 Accuracy: 47.19%
[2025-10-23 09:42:34,518] - [INFO] - Eval Loss: 5.1268 | Perplexity: 168.48 | Accuracy: 18.82% | Top-5 Accuracy: 45.88%
[2025-10-23 09:42:37,359] - [INFO] - Eval Loss: 4.9521 | Perplexity: 141.48 | Accuracy: 20.35% | Top-5 Accuracy: 44.13%
[2025-10-23 09:42:40,196] - [INFO] - Eval Loss: 4.8134 | Perplexity: 123.15 | Accuracy: 20.42% | Top-5 Accuracy: 44.13%
[2025-10-23 09:42:43,038] - [INFO] - Eval Loss: 4.7042 | Perplexity: 110.41 | Accuracy: 21.66% | Top-5 Accuracy: 44.57%
[2025-10-23 09:42:43,038] - [INFO] - 
=== Running combination ===
[2025-10-23 09:42:43,038] - [INFO] - Embed: 64, Hidden: 128, Top fraction: 0.1, Replace: True, Context: 5
[2025-10-23 09:42:44,790] - [INFO] - Train dataset contains 2194 samples
[2025-10-23 09:42:44,790] - [INFO] - Validation dataset contains 228 samples
[2025-10-23 09:42:44,790] - [INFO] - Test dataset contains 356 samples
[2025-10-23 09:42:44,793] - [INFO] - Top 10.00% frequent words (410) out of 4103 total words
[2025-10-23 09:42:44,793] - [INFO] - The fragment to replace is 0.1521708436286622 of the 410 frequent words (8499 out of 12933)
[2025-10-23 09:42:44,821] - [INFO] - Replaced 1334 / 12933 tokens (10.31%)
[2025-10-23 09:42:44,838] - [INFO] - Replaced 114 / 1371 tokens (8.32%)
[2025-10-23 09:42:44,844] - [INFO] - Replaced 200 / 2088 tokens (9.58%)
[2025-10-23 09:42:44,846] - [INFO] - ==== Example Sentence ====
[2025-10-23 09:42:44,846] - [INFO] - Original:  30년 전쟁의 승자는 누구인가?
[2025-10-23 09:42:44,846] - [INFO] - Tokenized: ['30년', '전쟁의', '승자는', '누구인가', '?']
[2025-10-23 09:42:44,846] - [INFO] - Replaced:  ['30년', '전쟁의', '승자는', '누구인가', '<UNK']
[2025-10-23 09:42:44,846] - [INFO] - Window:    (tensor([1613,  994, 1112, 2172, 3970]), tensor(1957))
[2025-10-23 09:42:47,677] - [INFO] - Eval Loss: 7.1295 | Perplexity: 1248.20 | Accuracy: 33.04% | Top-5 Accuracy: 49.60%
[2025-10-23 09:42:50,500] - [INFO] - Eval Loss: 5.4667 | Perplexity: 236.68 | Accuracy: 34.21% | Top-5 Accuracy: 55.36%
[2025-10-23 09:42:53,322] - [INFO] - Eval Loss: 4.9734 | Perplexity: 144.52 | Accuracy: 31.36% | Top-5 Accuracy: 56.67%
[2025-10-23 09:42:56,145] - [INFO] - Eval Loss: 4.7320 | Perplexity: 113.52 | Accuracy: 33.33% | Top-5 Accuracy: 57.18%
[2025-10-23 09:42:58,970] - [INFO] - Eval Loss: 4.5980 | Perplexity: 99.29 | Accuracy: 36.03% | Top-5 Accuracy: 58.64%
[2025-10-23 09:43:01,795] - [INFO] - Eval Loss: 4.4988 | Perplexity: 89.91 | Accuracy: 36.18% | Top-5 Accuracy: 59.23%
[2025-10-23 09:43:04,623] - [INFO] - Eval Loss: 4.4379 | Perplexity: 84.60 | Accuracy: 36.32% | Top-5 Accuracy: 59.66%
[2025-10-23 09:43:07,453] - [INFO] - Eval Loss: 4.3743 | Perplexity: 79.38 | Accuracy: 36.47% | Top-5 Accuracy: 59.59%
[2025-10-23 09:43:10,281] - [INFO] - Eval Loss: 4.3263 | Perplexity: 75.66 | Accuracy: 36.18% | Top-5 Accuracy: 59.66%
[2025-10-23 09:43:13,100] - [INFO] - Eval Loss: 4.2906 | Perplexity: 73.01 | Accuracy: 36.11% | Top-5 Accuracy: 59.88%
[2025-10-23 09:43:13,101] - [INFO] - 
=== Running combination ===
[2025-10-23 09:43:13,101] - [INFO] - Embed: 64, Hidden: 128, Top fraction: 0.1, Replace: True, Context: 5
[2025-10-23 09:43:14,619] - [INFO] - Train dataset contains 2194 samples
[2025-10-23 09:43:14,619] - [INFO] - Validation dataset contains 228 samples
[2025-10-23 09:43:14,619] - [INFO] - Test dataset contains 356 samples
[2025-10-23 09:43:14,622] - [INFO] - Top 10.00% frequent words (410) out of 4103 total words
[2025-10-23 09:43:14,622] - [INFO] - The fragment to replace is 0.0760854218143311 of the 410 frequent words (8499 out of 12933)
[2025-10-23 09:43:14,650] - [INFO] - Replaced 621 / 12933 tokens (4.80%)
[2025-10-23 09:43:14,666] - [INFO] - Replaced 49 / 1371 tokens (3.57%)
[2025-10-23 09:43:14,672] - [INFO] - Replaced 92 / 2088 tokens (4.41%)
[2025-10-23 09:43:14,674] - [INFO] - ==== Example Sentence ====
[2025-10-23 09:43:14,674] - [INFO] - Original:  30년 전쟁의 승자는 누구인가?
[2025-10-23 09:43:14,674] - [INFO] - Tokenized: ['30년', '전쟁의', '승자는', '누구인가', '?']
[2025-10-23 09:43:14,674] - [INFO] - Replaced:  ['30년', '전쟁의', '승자는', '누구인가', '<UNK']
[2025-10-23 09:43:14,675] - [INFO] - Window:    (tensor([1613,  994, 1112, 2172, 3970]), tensor(1957))
[2025-10-23 09:43:17,509] - [INFO] - Eval Loss: 7.4478 | Perplexity: 1716.09 | Accuracy: 21.95% | Top-5 Accuracy: 44.42%
[2025-10-23 09:43:20,337] - [INFO] - Eval Loss: 5.8905 | Perplexity: 361.58 | Accuracy: 16.92% | Top-5 Accuracy: 52.08%
[2025-10-23 09:43:23,166] - [INFO] - Eval Loss: 5.2905 | Perplexity: 198.44 | Accuracy: 25.67% | Top-5 Accuracy: 53.98%
[2025-10-23 09:43:25,995] - [INFO] - Eval Loss: 4.9997 | Perplexity: 148.37 | Accuracy: 20.06% | Top-5 Accuracy: 54.19%
[2025-10-23 09:43:28,831] - [INFO] - Eval Loss: 4.8402 | Perplexity: 126.50 | Accuracy: 22.61% | Top-5 Accuracy: 56.82%
[2025-10-23 09:43:31,657] - [INFO] - Eval Loss: 4.7250 | Perplexity: 112.73 | Accuracy: 23.27% | Top-5 Accuracy: 57.04%
[2025-10-23 09:43:34,487] - [INFO] - Eval Loss: 4.6430 | Perplexity: 103.85 | Accuracy: 23.34% | Top-5 Accuracy: 57.33%
[2025-10-23 09:43:37,311] - [INFO] - Eval Loss: 4.5547 | Perplexity: 95.07 | Accuracy: 25.16% | Top-5 Accuracy: 57.33%
[2025-10-23 09:43:40,165] - [INFO] - Eval Loss: 4.4860 | Perplexity: 88.76 | Accuracy: 25.53% | Top-5 Accuracy: 57.48%
[2025-10-23 09:43:42,995] - [INFO] - Eval Loss: 4.4334 | Perplexity: 84.21 | Accuracy: 26.99% | Top-5 Accuracy: 57.62%
[2025-10-23 09:43:42,995] - [INFO] - 
=== Running combination ===
[2025-10-23 09:43:42,995] - [INFO] - Embed: 64, Hidden: 128, Top fraction: 0.1, Replace: True, Context: 5
[2025-10-23 09:43:44,524] - [INFO] - Train dataset contains 2194 samples
[2025-10-23 09:43:44,524] - [INFO] - Validation dataset contains 228 samples
[2025-10-23 09:43:44,524] - [INFO] - Test dataset contains 356 samples
[2025-10-23 09:43:44,527] - [INFO] - Top 10.00% frequent words (410) out of 4103 total words
[2025-10-23 09:43:44,527] - [INFO] - The fragment to replace is 0.01521708436286622 of the 410 frequent words (8499 out of 12933)
[2025-10-23 09:43:44,554] - [INFO] - Replaced 124 / 12933 tokens (0.96%)
[2025-10-23 09:43:44,729] - [INFO] - Replaced 9 / 1371 tokens (0.66%)
[2025-10-23 09:43:44,735] - [INFO] - Replaced 19 / 2088 tokens (0.91%)
[2025-10-23 09:43:44,737] - [INFO] - ==== Example Sentence ====
[2025-10-23 09:43:44,737] - [INFO] - Original:  30년 전쟁의 승자는 누구인가?
[2025-10-23 09:43:44,737] - [INFO] - Tokenized: ['30년', '전쟁의', '승자는', '누구인가', '?']
[2025-10-23 09:43:44,737] - [INFO] - Replaced:  ['30년', '전쟁의', '승자는', '누구인가', '?']
[2025-10-23 09:43:44,738] - [INFO] - Window:    (tensor([1613,  994, 1112, 2172, 3970]), tensor(1119))
[2025-10-23 09:43:47,567] - [INFO] - Eval Loss: 7.6486 | Perplexity: 2097.72 | Accuracy: 12.91% | Top-5 Accuracy: 22.39%
[2025-10-23 09:43:50,396] - [INFO] - Eval Loss: 6.4200 | Perplexity: 614.00 | Accuracy: 17.07% | Top-5 Accuracy: 29.76%
[2025-10-23 09:43:53,223] - [INFO] - Eval Loss: 5.7929 | Perplexity: 327.95 | Accuracy: 18.96% | Top-5 Accuracy: 30.93%
[2025-10-23 09:43:56,054] - [INFO] - Eval Loss: 5.4551 | Perplexity: 233.94 | Accuracy: 20.71% | Top-5 Accuracy: 32.82%
[2025-10-23 09:43:58,891] - [INFO] - Eval Loss: 5.2597 | Perplexity: 192.43 | Accuracy: 21.74% | Top-5 Accuracy: 33.70%
[2025-10-23 09:44:01,719] - [INFO] - Eval Loss: 5.1278 | Perplexity: 168.65 | Accuracy: 22.10% | Top-5 Accuracy: 34.50%
[2025-10-23 09:44:04,549] - [INFO] - Eval Loss: 5.0316 | Perplexity: 153.18 | Accuracy: 22.61% | Top-5 Accuracy: 35.08%
[2025-10-23 09:44:07,383] - [INFO] - Eval Loss: 4.9471 | Perplexity: 140.77 | Accuracy: 23.92% | Top-5 Accuracy: 36.47%
[2025-10-23 09:44:10,209] - [INFO] - Eval Loss: 4.8685 | Perplexity: 130.12 | Accuracy: 24.29% | Top-5 Accuracy: 37.05%
[2025-10-23 09:44:13,042] - [INFO] - Eval Loss: 4.8077 | Perplexity: 122.45 | Accuracy: 24.22% | Top-5 Accuracy: 37.49%
[2025-10-23 09:44:13,042] - [INFO] - 
=== Running combination ===
[2025-10-23 09:44:13,042] - [INFO] - Embed: 64, Hidden: 128, Top fraction: 0.1, Replace: True, Context: 2
[2025-10-23 09:44:14,571] - [INFO] - Train dataset contains 2194 samples
[2025-10-23 09:44:14,571] - [INFO] - Validation dataset contains 228 samples
[2025-10-23 09:44:14,571] - [INFO] - Test dataset contains 356 samples
[2025-10-23 09:44:14,574] - [INFO] - Top 10.00% frequent words (410) out of 4103 total words
[2025-10-23 09:44:14,574] - [INFO] - The fragment to replace is 0.1521708436286622 of the 410 frequent words (8499 out of 12933)
[2025-10-23 09:44:14,602] - [INFO] - Replaced 1334 / 12933 tokens (10.31%)
[2025-10-23 09:44:14,615] - [INFO] - Replaced 114 / 1371 tokens (8.32%)
[2025-10-23 09:44:14,621] - [INFO] - Replaced 200 / 2088 tokens (9.58%)
[2025-10-23 09:44:14,622] - [INFO] - ==== Example Sentence ====
[2025-10-23 09:44:14,622] - [INFO] - Original:  30년 전쟁의 승자는 누구인가?
[2025-10-23 09:44:14,622] - [INFO] - Tokenized: ['30년', '전쟁의', '승자는', '누구인가', '?']
[2025-10-23 09:44:14,622] - [INFO] - Replaced:  ['30년', '전쟁의', '승자는', '누구인가', '<UNK']
[2025-10-23 09:44:14,622] - [INFO] - Window:    (tensor([1613,  994]), tensor(1112))
[2025-10-23 09:44:17,468] - [INFO] - Eval Loss: 7.6583 | Perplexity: 2118.13 | Accuracy: 26.19% | Top-5 Accuracy: 44.86%
[2025-10-23 09:44:20,308] - [INFO] - Eval Loss: 6.9432 | Perplexity: 1036.06 | Accuracy: 29.98% | Top-5 Accuracy: 51.42%
[2025-10-23 09:44:23,149] - [INFO] - Eval Loss: 5.9853 | Perplexity: 397.52 | Accuracy: 30.34% | Top-5 Accuracy: 52.88%
[2025-10-23 09:44:25,984] - [INFO] - Eval Loss: 5.2883 | Perplexity: 198.01 | Accuracy: 28.23% | Top-5 Accuracy: 53.46%
[2025-10-23 09:44:28,813] - [INFO] - Eval Loss: 5.0131 | Perplexity: 150.37 | Accuracy: 27.43% | Top-5 Accuracy: 54.34%
[2025-10-23 09:44:31,652] - [INFO] - Eval Loss: 4.8169 | Perplexity: 123.58 | Accuracy: 30.49% | Top-5 Accuracy: 54.63%
[2025-10-23 09:44:34,485] - [INFO] - Eval Loss: 4.6582 | Perplexity: 105.44 | Accuracy: 30.93% | Top-5 Accuracy: 56.24%
[2025-10-23 09:44:37,324] - [INFO] - Eval Loss: 4.5228 | Perplexity: 92.10 | Accuracy: 30.93% | Top-5 Accuracy: 57.26%
[2025-10-23 09:44:40,159] - [INFO] - Eval Loss: 4.4140 | Perplexity: 82.60 | Accuracy: 31.00% | Top-5 Accuracy: 57.62%
[2025-10-23 09:44:42,996] - [INFO] - Eval Loss: 4.3343 | Perplexity: 76.27 | Accuracy: 31.22% | Top-5 Accuracy: 57.84%
[2025-10-23 09:44:42,996] - [INFO] - 
=== Running combination ===
[2025-10-23 09:44:42,996] - [INFO] - Embed: 64, Hidden: 128, Top fraction: 0.1, Replace: True, Context: 2
[2025-10-23 09:44:44,529] - [INFO] - Train dataset contains 2194 samples
[2025-10-23 09:44:44,529] - [INFO] - Validation dataset contains 228 samples
[2025-10-23 09:44:44,529] - [INFO] - Test dataset contains 356 samples
[2025-10-23 09:44:44,532] - [INFO] - Top 10.00% frequent words (410) out of 4103 total words
[2025-10-23 09:44:44,532] - [INFO] - The fragment to replace is 0.0760854218143311 of the 410 frequent words (8499 out of 12933)
[2025-10-23 09:44:44,560] - [INFO] - Replaced 621 / 12933 tokens (4.80%)
[2025-10-23 09:44:44,573] - [INFO] - Replaced 49 / 1371 tokens (3.57%)
[2025-10-23 09:44:44,578] - [INFO] - Replaced 92 / 2088 tokens (4.41%)
[2025-10-23 09:44:44,580] - [INFO] - ==== Example Sentence ====
[2025-10-23 09:44:44,580] - [INFO] - Original:  30년 전쟁의 승자는 누구인가?
[2025-10-23 09:44:44,580] - [INFO] - Tokenized: ['30년', '전쟁의', '승자는', '누구인가', '?']
[2025-10-23 09:44:44,580] - [INFO] - Replaced:  ['30년', '전쟁의', '승자는', '누구인가', '<UNK']
[2025-10-23 09:44:44,580] - [INFO] - Window:    (tensor([1613,  994]), tensor(1112))
[2025-10-23 09:44:47,422] - [INFO] - Eval Loss: 7.7299 | Perplexity: 2275.41 | Accuracy: 25.60% | Top-5 Accuracy: 40.34%
[2025-10-23 09:44:50,254] - [INFO] - Eval Loss: 7.1483 | Perplexity: 1271.95 | Accuracy: 25.38% | Top-5 Accuracy: 47.19%
[2025-10-23 09:44:53,088] - [INFO] - Eval Loss: 6.3902 | Perplexity: 595.96 | Accuracy: 26.11% | Top-5 Accuracy: 49.53%
[2025-10-23 09:44:55,925] - [INFO] - Eval Loss: 5.6938 | Perplexity: 297.01 | Accuracy: 25.89% | Top-5 Accuracy: 50.91%
[2025-10-23 09:44:58,759] - [INFO] - Eval Loss: 5.2654 | Perplexity: 193.52 | Accuracy: 25.67% | Top-5 Accuracy: 52.44%
[2025-10-23 09:45:01,592] - [INFO] - Eval Loss: 5.0021 | Perplexity: 148.72 | Accuracy: 25.46% | Top-5 Accuracy: 52.88%
[2025-10-23 09:45:04,476] - [INFO] - Eval Loss: 4.8270 | Perplexity: 124.84 | Accuracy: 25.46% | Top-5 Accuracy: 53.68%
[2025-10-23 09:45:07,317] - [INFO] - Eval Loss: 4.6839 | Perplexity: 108.19 | Accuracy: 25.67% | Top-5 Accuracy: 54.34%
[2025-10-23 09:45:10,155] - [INFO] - Eval Loss: 4.5624 | Perplexity: 95.82 | Accuracy: 25.89% | Top-5 Accuracy: 54.85%
[2025-10-23 09:45:12,994] - [INFO] - Eval Loss: 4.4677 | Perplexity: 87.16 | Accuracy: 26.33% | Top-5 Accuracy: 55.22%
[2025-10-23 09:45:12,995] - [INFO] - 
=== Running combination ===
[2025-10-23 09:45:12,995] - [INFO] - Embed: 64, Hidden: 128, Top fraction: 0.1, Replace: True, Context: 2
[2025-10-23 09:45:14,728] - [INFO] - Train dataset contains 2194 samples
[2025-10-23 09:45:14,728] - [INFO] - Validation dataset contains 228 samples
[2025-10-23 09:45:14,728] - [INFO] - Test dataset contains 356 samples
[2025-10-23 09:45:14,731] - [INFO] - Top 10.00% frequent words (410) out of 4103 total words
[2025-10-23 09:45:14,732] - [INFO] - The fragment to replace is 0.01521708436286622 of the 410 frequent words (8499 out of 12933)
[2025-10-23 09:45:14,759] - [INFO] - Replaced 124 / 12933 tokens (0.96%)
[2025-10-23 09:45:14,943] - [INFO] - Replaced 9 / 1371 tokens (0.66%)
[2025-10-23 09:45:14,948] - [INFO] - Replaced 19 / 2088 tokens (0.91%)
[2025-10-23 09:45:14,950] - [INFO] - ==== Example Sentence ====
[2025-10-23 09:45:14,950] - [INFO] - Original:  30년 전쟁의 승자는 누구인가?
[2025-10-23 09:45:14,950] - [INFO] - Tokenized: ['30년', '전쟁의', '승자는', '누구인가', '?']
[2025-10-23 09:45:14,950] - [INFO] - Replaced:  ['30년', '전쟁의', '승자는', '누구인가', '?']
[2025-10-23 09:45:14,950] - [INFO] - Window:    (tensor([1613,  994]), tensor(1112))
[2025-10-23 09:45:17,797] - [INFO] - Eval Loss: 7.7888 | Perplexity: 2413.34 | Accuracy: 22.61% | Top-5 Accuracy: 31.58%
[2025-10-23 09:45:20,635] - [INFO] - Eval Loss: 7.2917 | Perplexity: 1468.07 | Accuracy: 18.67% | Top-5 Accuracy: 41.65%
[2025-10-23 09:45:23,474] - [INFO] - Eval Loss: 6.6698 | Perplexity: 788.24 | Accuracy: 19.40% | Top-5 Accuracy: 44.13%
[2025-10-23 09:45:26,316] - [INFO] - Eval Loss: 6.0961 | Perplexity: 444.10 | Accuracy: 19.18% | Top-5 Accuracy: 45.66%
[2025-10-23 09:45:29,155] - [INFO] - Eval Loss: 5.7176 | Perplexity: 304.16 | Accuracy: 18.75% | Top-5 Accuracy: 46.10%
[2025-10-23 09:45:31,997] - [INFO] - Eval Loss: 5.4334 | Perplexity: 228.93 | Accuracy: 18.67% | Top-5 Accuracy: 41.58%
[2025-10-23 09:45:34,837] - [INFO] - Eval Loss: 5.2098 | Perplexity: 183.06 | Accuracy: 18.67% | Top-5 Accuracy: 40.26%
[2025-10-23 09:45:37,679] - [INFO] - Eval Loss: 5.0379 | Perplexity: 154.15 | Accuracy: 20.06% | Top-5 Accuracy: 33.92%
[2025-10-23 09:45:40,521] - [INFO] - Eval Loss: 4.9005 | Perplexity: 134.36 | Accuracy: 20.28% | Top-5 Accuracy: 33.77%
[2025-10-23 09:45:43,360] - [INFO] - Eval Loss: 4.7927 | Perplexity: 120.63 | Accuracy: 20.64% | Top-5 Accuracy: 33.41%
[2025-10-23 09:45:43,361] - [INFO] - 
=== Running combination ===
[2025-10-23 09:45:43,361] - [INFO] - Embed: 64, Hidden: 128, Top fraction: 0.1, Replace: False, Context: 5
[2025-10-23 09:45:44,959] - [INFO] - Train dataset contains 2194 samples
[2025-10-23 09:45:44,959] - [INFO] - Validation dataset contains 228 samples
[2025-10-23 09:45:44,959] - [INFO] - Test dataset contains 356 samples
[2025-10-23 09:45:44,962] - [INFO] - Top 10.00% frequent words (410) out of 4103 total words
[2025-10-23 09:45:44,962] - [INFO] - The fragment to replace is 3.1543902439024394 of the 410 frequent words (410 out of 12933)
[2025-10-23 09:45:44,988] - [INFO] - Replaced 410 / 12933 tokens (3.17%)
[2025-10-23 09:45:45,005] - [INFO] - Replaced 14 / 1371 tokens (1.02%)
[2025-10-23 09:45:45,011] - [INFO] - Replaced 29 / 2088 tokens (1.39%)
[2025-10-23 09:45:45,013] - [INFO] - ==== Example Sentence ====
[2025-10-23 09:45:45,013] - [INFO] - Original:  30년 전쟁의 승자는 누구인가?
[2025-10-23 09:45:45,014] - [INFO] - Tokenized: ['30년', '전쟁의', '승자는', '누구인가', '?']
[2025-10-23 09:45:45,014] - [INFO] - Replaced:  ['30년', '전쟁의', '<UNK', '누구인가', '?']
[2025-10-23 09:45:45,014] - [INFO] - Window:    (tensor([1613,  994, 1112, 1957, 3970]), tensor(1119))
[2025-10-23 09:45:47,855] - [INFO] - Eval Loss: 7.3675 | Perplexity: 1583.74 | Accuracy: 22.68% | Top-5 Accuracy: 43.54%
[2025-10-23 09:45:50,690] - [INFO] - Eval Loss: 5.7600 | Perplexity: 317.35 | Accuracy: 17.94% | Top-5 Accuracy: 50.47%
[2025-10-23 09:45:53,522] - [INFO] - Eval Loss: 5.1676 | Perplexity: 175.50 | Accuracy: 19.40% | Top-5 Accuracy: 51.86%
[2025-10-23 09:45:56,361] - [INFO] - Eval Loss: 4.8622 | Perplexity: 129.31 | Accuracy: 29.03% | Top-5 Accuracy: 54.41%
[2025-10-23 09:45:59,196] - [INFO] - Eval Loss: 4.7013 | Perplexity: 110.09 | Accuracy: 34.14% | Top-5 Accuracy: 54.92%
[2025-10-23 09:46:02,031] - [INFO] - Eval Loss: 4.5667 | Perplexity: 96.23 | Accuracy: 34.94% | Top-5 Accuracy: 55.80%
[2025-10-23 09:46:04,866] - [INFO] - Eval Loss: 4.4596 | Perplexity: 86.45 | Accuracy: 35.52% | Top-5 Accuracy: 56.02%
[2025-10-23 09:46:07,702] - [INFO] - Eval Loss: 4.3714 | Perplexity: 79.15 | Accuracy: 36.18% | Top-5 Accuracy: 56.24%
[2025-10-23 09:46:10,535] - [INFO] - Eval Loss: 4.2986 | Perplexity: 73.60 | Accuracy: 36.54% | Top-5 Accuracy: 56.53%
[2025-10-23 09:46:13,370] - [INFO] - Eval Loss: 4.2558 | Perplexity: 70.52 | Accuracy: 30.71% | Top-5 Accuracy: 56.97%
[2025-10-23 09:46:13,370] - [INFO] - 
=== Running combination ===
[2025-10-23 09:46:13,371] - [INFO] - Embed: 64, Hidden: 128, Top fraction: 0.1, Replace: False, Context: 5
[2025-10-23 09:46:14,960] - [INFO] - Train dataset contains 2194 samples
[2025-10-23 09:46:14,960] - [INFO] - Validation dataset contains 228 samples
[2025-10-23 09:46:14,960] - [INFO] - Test dataset contains 356 samples
[2025-10-23 09:46:14,963] - [INFO] - Top 10.00% frequent words (410) out of 4103 total words
[2025-10-23 09:46:14,963] - [INFO] - The fragment to replace is 1.5771951219512197 of the 410 frequent words (410 out of 12933)
[2025-10-23 09:46:14,990] - [INFO] - Replaced 410 / 12933 tokens (3.17%)
[2025-10-23 09:46:15,005] - [INFO] - Replaced 14 / 1371 tokens (1.02%)
[2025-10-23 09:46:15,011] - [INFO] - Replaced 29 / 2088 tokens (1.39%)
[2025-10-23 09:46:15,013] - [INFO] - ==== Example Sentence ====
[2025-10-23 09:46:15,013] - [INFO] - Original:  30년 전쟁의 승자는 누구인가?
[2025-10-23 09:46:15,013] - [INFO] - Tokenized: ['30년', '전쟁의', '승자는', '누구인가', '?']
[2025-10-23 09:46:15,013] - [INFO] - Replaced:  ['30년', '전쟁의', '<UNK', '누구인가', '?']
[2025-10-23 09:46:15,014] - [INFO] - Window:    (tensor([1613,  994, 1112, 1957, 3970]), tensor(1119))
[2025-10-23 09:46:16,231] - [INFO] - Eval Loss: 7.3675 | Perplexity: 1583.74 | Accuracy: 22.68% | Top-5 Accuracy: 43.54%
[2025-10-23 09:46:17,338] - [INFO] - Eval Loss: 5.7600 | Perplexity: 317.35 | Accuracy: 17.94% | Top-5 Accuracy: 50.47%
[2025-10-23 09:46:18,308] - [INFO] - Eval Loss: 5.1676 | Perplexity: 175.50 | Accuracy: 19.40% | Top-5 Accuracy: 51.86%
[2025-10-23 09:46:19,272] - [INFO] - Eval Loss: 4.8622 | Perplexity: 129.31 | Accuracy: 29.03% | Top-5 Accuracy: 54.41%
[2025-10-23 09:46:20,250] - [INFO] - Eval Loss: 4.7013 | Perplexity: 110.09 | Accuracy: 34.14% | Top-5 Accuracy: 54.92%
[2025-10-23 09:46:21,224] - [INFO] - Eval Loss: 4.5667 | Perplexity: 96.23 | Accuracy: 34.94% | Top-5 Accuracy: 55.80%
[2025-10-23 09:46:22,197] - [INFO] - Eval Loss: 4.4596 | Perplexity: 86.45 | Accuracy: 35.52% | Top-5 Accuracy: 56.02%
[2025-10-23 09:46:23,183] - [INFO] - Eval Loss: 4.3714 | Perplexity: 79.15 | Accuracy: 36.18% | Top-5 Accuracy: 56.24%
[2025-10-23 09:46:24,144] - [INFO] - Eval Loss: 4.2986 | Perplexity: 73.60 | Accuracy: 36.54% | Top-5 Accuracy: 56.53%
[2025-10-23 09:46:25,067] - [INFO] - Eval Loss: 4.2558 | Perplexity: 70.52 | Accuracy: 30.71% | Top-5 Accuracy: 56.97%
[2025-10-23 09:46:25,068] - [INFO] - 
=== Running combination ===
[2025-10-23 09:46:25,068] - [INFO] - Embed: 64, Hidden: 128, Top fraction: 0.1, Replace: False, Context: 5
[2025-10-23 09:46:26,558] - [INFO] - Train dataset contains 2194 samples
[2025-10-23 09:46:26,558] - [INFO] - Validation dataset contains 228 samples
[2025-10-23 09:46:26,558] - [INFO] - Test dataset contains 356 samples
[2025-10-23 09:46:26,561] - [INFO] - Top 10.00% frequent words (410) out of 4103 total words
[2025-10-23 09:46:26,561] - [INFO] - The fragment to replace is 0.31543902439024396 of the 410 frequent words (410 out of 12933)
[2025-10-23 09:46:26,587] - [INFO] - Replaced 141 / 12933 tokens (1.09%)
[2025-10-23 09:46:26,756] - [INFO] - Replaced 5 / 1371 tokens (0.36%)
[2025-10-23 09:46:26,762] - [INFO] - Replaced 13 / 2088 tokens (0.62%)
[2025-10-23 09:46:26,764] - [INFO] - ==== Example Sentence ====
[2025-10-23 09:46:26,764] - [INFO] - Original:  30년 전쟁의 승자는 누구인가?
[2025-10-23 09:46:26,764] - [INFO] - Tokenized: ['30년', '전쟁의', '승자는', '누구인가', '?']
[2025-10-23 09:46:26,764] - [INFO] - Replaced:  ['30년', '전쟁의', '<UNK', '누구인가', '?']
[2025-10-23 09:46:26,765] - [INFO] - Window:    (tensor([1613,  994, 1112, 1957, 3970]), tensor(1119))
[2025-10-23 09:46:29,600] - [INFO] - Eval Loss: 7.5928 | Perplexity: 1983.93 | Accuracy: 12.91% | Top-5 Accuracy: 22.83%
[2025-10-23 09:46:32,431] - [INFO] - Eval Loss: 6.2846 | Perplexity: 536.23 | Accuracy: 17.65% | Top-5 Accuracy: 29.83%
[2025-10-23 09:46:35,297] - [INFO] - Eval Loss: 5.6477 | Perplexity: 283.63 | Accuracy: 19.18% | Top-5 Accuracy: 31.36%
[2025-10-23 09:46:38,140] - [INFO] - Eval Loss: 5.3270 | Perplexity: 205.81 | Accuracy: 20.79% | Top-5 Accuracy: 32.90%
[2025-10-23 09:46:40,970] - [INFO] - Eval Loss: 5.1503 | Perplexity: 172.48 | Accuracy: 21.81% | Top-5 Accuracy: 35.01%
[2025-10-23 09:46:43,802] - [INFO] - Eval Loss: 5.0190 | Perplexity: 151.27 | Accuracy: 22.47% | Top-5 Accuracy: 36.11%
[2025-10-23 09:46:46,639] - [INFO] - Eval Loss: 4.9066 | Perplexity: 135.18 | Accuracy: 22.76% | Top-5 Accuracy: 37.35%
[2025-10-23 09:46:49,475] - [INFO] - Eval Loss: 4.8160 | Perplexity: 123.47 | Accuracy: 24.29% | Top-5 Accuracy: 40.41%
[2025-10-23 09:46:52,307] - [INFO] - Eval Loss: 4.7363 | Perplexity: 114.01 | Accuracy: 24.51% | Top-5 Accuracy: 40.85%
[2025-10-23 09:46:55,140] - [INFO] - Eval Loss: 4.6776 | Perplexity: 107.51 | Accuracy: 24.58% | Top-5 Accuracy: 41.58%
[2025-10-23 09:46:55,140] - [INFO] - 
=== Running combination ===
[2025-10-23 09:46:55,140] - [INFO] - Embed: 64, Hidden: 128, Top fraction: 0.1, Replace: False, Context: 2
[2025-10-23 09:46:56,671] - [INFO] - Train dataset contains 2194 samples
[2025-10-23 09:46:56,671] - [INFO] - Validation dataset contains 228 samples
[2025-10-23 09:46:56,671] - [INFO] - Test dataset contains 356 samples
[2025-10-23 09:46:56,674] - [INFO] - Top 10.00% frequent words (410) out of 4103 total words
[2025-10-23 09:46:56,674] - [INFO] - The fragment to replace is 3.1543902439024394 of the 410 frequent words (410 out of 12933)
[2025-10-23 09:46:56,700] - [INFO] - Replaced 410 / 12933 tokens (3.17%)
[2025-10-23 09:46:56,713] - [INFO] - Replaced 14 / 1371 tokens (1.02%)
[2025-10-23 09:46:56,719] - [INFO] - Replaced 29 / 2088 tokens (1.39%)
[2025-10-23 09:46:56,720] - [INFO] - ==== Example Sentence ====
[2025-10-23 09:46:56,720] - [INFO] - Original:  30년 전쟁의 승자는 누구인가?
[2025-10-23 09:46:56,720] - [INFO] - Tokenized: ['30년', '전쟁의', '승자는', '누구인가', '?']
[2025-10-23 09:46:56,720] - [INFO] - Replaced:  ['30년', '전쟁의', '<UNK', '누구인가', '?']
[2025-10-23 09:46:56,721] - [INFO] - Window:    (tensor([1613,  994]), tensor(1112))
[2025-10-23 09:46:57,908] - [INFO] - Eval Loss: 7.7035 | Perplexity: 2216.06 | Accuracy: 25.97% | Top-5 Accuracy: 39.46%
[2025-10-23 09:46:59,085] - [INFO] - Eval Loss: 7.0475 | Perplexity: 1149.96 | Accuracy: 28.52% | Top-5 Accuracy: 46.32%
[2025-10-23 09:47:00,041] - [INFO] - Eval Loss: 6.2270 | Perplexity: 506.23 | Accuracy: 26.70% | Top-5 Accuracy: 47.63%
[2025-10-23 09:47:00,986] - [INFO] - Eval Loss: 5.5661 | Perplexity: 261.40 | Accuracy: 26.40% | Top-5 Accuracy: 50.11%
[2025-10-23 09:47:01,951] - [INFO] - Eval Loss: 5.1563 | Perplexity: 173.51 | Accuracy: 26.33% | Top-5 Accuracy: 50.98%
[2025-10-23 09:47:02,895] - [INFO] - Eval Loss: 4.8763 | Perplexity: 131.15 | Accuracy: 26.19% | Top-5 Accuracy: 52.30%
[2025-10-23 09:47:03,872] - [INFO] - Eval Loss: 4.6778 | Perplexity: 107.53 | Accuracy: 26.19% | Top-5 Accuracy: 53.32%
[2025-10-23 09:47:04,828] - [INFO] - Eval Loss: 4.5201 | Perplexity: 91.85 | Accuracy: 29.10% | Top-5 Accuracy: 54.05%
[2025-10-23 09:47:05,760] - [INFO] - Eval Loss: 4.4021 | Perplexity: 81.62 | Accuracy: 29.39% | Top-5 Accuracy: 53.98%
[2025-10-23 09:47:07,128] - [INFO] - Eval Loss: 4.3115 | Perplexity: 74.56 | Accuracy: 30.63% | Top-5 Accuracy: 54.19%
[2025-10-23 09:47:07,128] - [INFO] - 
=== Running combination ===
[2025-10-23 09:47:07,128] - [INFO] - Embed: 64, Hidden: 128, Top fraction: 0.1, Replace: False, Context: 2
[2025-10-23 09:47:08,664] - [INFO] - Train dataset contains 2194 samples
[2025-10-23 09:47:08,664] - [INFO] - Validation dataset contains 228 samples
[2025-10-23 09:47:08,664] - [INFO] - Test dataset contains 356 samples
[2025-10-23 09:47:08,667] - [INFO] - Top 10.00% frequent words (410) out of 4103 total words
[2025-10-23 09:47:08,667] - [INFO] - The fragment to replace is 1.5771951219512197 of the 410 frequent words (410 out of 12933)
[2025-10-23 09:47:08,694] - [INFO] - Replaced 410 / 12933 tokens (3.17%)
[2025-10-23 09:47:08,706] - [INFO] - Replaced 14 / 1371 tokens (1.02%)
[2025-10-23 09:47:08,712] - [INFO] - Replaced 29 / 2088 tokens (1.39%)
[2025-10-23 09:47:08,713] - [INFO] - ==== Example Sentence ====
[2025-10-23 09:47:08,713] - [INFO] - Original:  30년 전쟁의 승자는 누구인가?
[2025-10-23 09:47:08,713] - [INFO] - Tokenized: ['30년', '전쟁의', '승자는', '누구인가', '?']
[2025-10-23 09:47:08,713] - [INFO] - Replaced:  ['30년', '전쟁의', '<UNK', '누구인가', '?']
[2025-10-23 09:47:08,714] - [INFO] - Window:    (tensor([1613,  994]), tensor(1112))
[2025-10-23 09:47:11,555] - [INFO] - Eval Loss: 7.7035 | Perplexity: 2216.06 | Accuracy: 25.97% | Top-5 Accuracy: 39.46%
[2025-10-23 09:47:14,392] - [INFO] - Eval Loss: 7.0475 | Perplexity: 1149.96 | Accuracy: 28.52% | Top-5 Accuracy: 46.32%
[2025-10-23 09:47:17,220] - [INFO] - Eval Loss: 6.2270 | Perplexity: 506.23 | Accuracy: 26.70% | Top-5 Accuracy: 47.63%
[2025-10-23 09:47:20,052] - [INFO] - Eval Loss: 5.5661 | Perplexity: 261.40 | Accuracy: 26.40% | Top-5 Accuracy: 50.11%
[2025-10-23 09:47:22,882] - [INFO] - Eval Loss: 5.1563 | Perplexity: 173.51 | Accuracy: 26.33% | Top-5 Accuracy: 50.98%
[2025-10-23 09:47:25,715] - [INFO] - Eval Loss: 4.8763 | Perplexity: 131.15 | Accuracy: 26.19% | Top-5 Accuracy: 52.30%
[2025-10-23 09:47:28,543] - [INFO] - Eval Loss: 4.6778 | Perplexity: 107.53 | Accuracy: 26.19% | Top-5 Accuracy: 53.32%
[2025-10-23 09:47:31,375] - [INFO] - Eval Loss: 4.5201 | Perplexity: 91.85 | Accuracy: 29.10% | Top-5 Accuracy: 54.05%
[2025-10-23 09:47:34,205] - [INFO] - Eval Loss: 4.4021 | Perplexity: 81.62 | Accuracy: 29.39% | Top-5 Accuracy: 53.98%
[2025-10-23 09:47:37,035] - [INFO] - Eval Loss: 4.3115 | Perplexity: 74.56 | Accuracy: 30.63% | Top-5 Accuracy: 54.19%
[2025-10-23 09:47:37,035] - [INFO] - 
=== Running combination ===
[2025-10-23 09:47:37,035] - [INFO] - Embed: 64, Hidden: 128, Top fraction: 0.1, Replace: False, Context: 2
[2025-10-23 09:47:38,560] - [INFO] - Train dataset contains 2194 samples
[2025-10-23 09:47:38,560] - [INFO] - Validation dataset contains 228 samples
[2025-10-23 09:47:38,560] - [INFO] - Test dataset contains 356 samples
[2025-10-23 09:47:38,563] - [INFO] - Top 10.00% frequent words (410) out of 4103 total words
[2025-10-23 09:47:38,563] - [INFO] - The fragment to replace is 0.31543902439024396 of the 410 frequent words (410 out of 12933)
[2025-10-23 09:47:38,589] - [INFO] - Replaced 141 / 12933 tokens (1.09%)
[2025-10-23 09:47:38,778] - [INFO] - Replaced 5 / 1371 tokens (0.36%)
[2025-10-23 09:47:38,783] - [INFO] - Replaced 13 / 2088 tokens (0.62%)
[2025-10-23 09:47:38,785] - [INFO] - ==== Example Sentence ====
[2025-10-23 09:47:38,785] - [INFO] - Original:  30년 전쟁의 승자는 누구인가?
[2025-10-23 09:47:38,785] - [INFO] - Tokenized: ['30년', '전쟁의', '승자는', '누구인가', '?']
[2025-10-23 09:47:38,785] - [INFO] - Replaced:  ['30년', '전쟁의', '<UNK', '누구인가', '?']
[2025-10-23 09:47:38,785] - [INFO] - Window:    (tensor([1613,  994]), tensor(1112))
[2025-10-23 09:47:41,628] - [INFO] - Eval Loss: 7.7691 | Perplexity: 2366.34 | Accuracy: 22.54% | Top-5 Accuracy: 34.65%
[2025-10-23 09:47:44,461] - [INFO] - Eval Loss: 7.2397 | Perplexity: 1393.63 | Accuracy: 18.82% | Top-5 Accuracy: 42.60%
[2025-10-23 09:47:47,294] - [INFO] - Eval Loss: 6.5774 | Perplexity: 718.67 | Accuracy: 19.62% | Top-5 Accuracy: 44.71%
[2025-10-23 09:47:50,128] - [INFO] - Eval Loss: 5.9943 | Perplexity: 401.13 | Accuracy: 19.33% | Top-5 Accuracy: 47.41%
[2025-10-23 09:47:52,972] - [INFO] - Eval Loss: 5.6097 | Perplexity: 273.07 | Accuracy: 18.96% | Top-5 Accuracy: 47.92%
[2025-10-23 09:47:55,806] - [INFO] - Eval Loss: 5.3213 | Perplexity: 204.65 | Accuracy: 18.82% | Top-5 Accuracy: 48.29%
[2025-10-23 09:47:58,637] - [INFO] - Eval Loss: 5.0985 | Perplexity: 163.77 | Accuracy: 18.82% | Top-5 Accuracy: 45.15%
[2025-10-23 09:48:01,473] - [INFO] - Eval Loss: 4.9241 | Perplexity: 137.57 | Accuracy: 20.35% | Top-5 Accuracy: 45.00%
[2025-10-23 09:48:04,308] - [INFO] - Eval Loss: 4.7870 | Perplexity: 119.94 | Accuracy: 20.42% | Top-5 Accuracy: 44.06%
[2025-10-23 09:48:07,142] - [INFO] - Eval Loss: 4.6807 | Perplexity: 107.84 | Accuracy: 20.86% | Top-5 Accuracy: 44.06%
[2025-10-23 09:48:07,142] - [INFO] - 
=== Running combination ===
[2025-10-23 09:48:07,142] - [INFO] - Embed: 64, Hidden: 256, Top fraction: 0.01, Replace: True, Context: 5
[2025-10-23 09:48:08,654] - [INFO] - Train dataset contains 2194 samples
[2025-10-23 09:48:08,654] - [INFO] - Validation dataset contains 228 samples
[2025-10-23 09:48:08,654] - [INFO] - Test dataset contains 356 samples
[2025-10-23 09:48:08,657] - [INFO] - Top 1.00% frequent words (41) out of 4103 total words
[2025-10-23 09:48:08,657] - [INFO] - The fragment to replace is 0.21976210705182672 of the 41 frequent words (5885 out of 12933)
[2025-10-23 09:48:08,685] - [INFO] - Replaced 1308 / 12933 tokens (10.11%)
[2025-10-23 09:48:08,702] - [INFO] - Replaced 152 / 1371 tokens (11.09%)
[2025-10-23 09:48:08,707] - [INFO] - Replaced 213 / 2088 tokens (10.20%)
[2025-10-23 09:48:08,710] - [INFO] - ==== Example Sentence ====
[2025-10-23 09:48:08,710] - [INFO] - Original:  30년 전쟁의 승자는 누구인가?
[2025-10-23 09:48:08,710] - [INFO] - Tokenized: ['30년', '전쟁의', '승자는', '누구인가', '?']
[2025-10-23 09:48:08,710] - [INFO] - Replaced:  ['30년', '전쟁의', '승자는', '누구인가', '?']
[2025-10-23 09:48:08,710] - [INFO] - Window:    (tensor([1613,  994, 1112, 2172, 3970]), tensor(1119))
[2025-10-23 09:48:11,562] - [INFO] - Eval Loss: 6.1883 | Perplexity: 487.00 | Accuracy: 32.97% | Top-5 Accuracy: 52.30%
[2025-10-23 09:48:14,406] - [INFO] - Eval Loss: 5.0259 | Perplexity: 152.31 | Accuracy: 34.94% | Top-5 Accuracy: 54.19%
[2025-10-23 09:48:17,242] - [INFO] - Eval Loss: 4.7543 | Perplexity: 116.08 | Accuracy: 24.65% | Top-5 Accuracy: 57.11%
[2025-10-23 09:48:20,080] - [INFO] - Eval Loss: 4.5788 | Perplexity: 97.40 | Accuracy: 25.75% | Top-5 Accuracy: 58.21%
[2025-10-23 09:48:22,921] - [INFO] - Eval Loss: 4.4788 | Perplexity: 88.13 | Accuracy: 26.26% | Top-5 Accuracy: 58.28%
[2025-10-23 09:48:25,761] - [INFO] - Eval Loss: 4.4063 | Perplexity: 81.96 | Accuracy: 27.57% | Top-5 Accuracy: 58.35%
[2025-10-23 09:48:28,602] - [INFO] - Eval Loss: 4.3597 | Perplexity: 78.24 | Accuracy: 27.94% | Top-5 Accuracy: 58.50%
[2025-10-23 09:48:31,444] - [INFO] - Eval Loss: 4.3016 | Perplexity: 73.82 | Accuracy: 28.01% | Top-5 Accuracy: 58.50%
[2025-10-23 09:48:34,282] - [INFO] - Eval Loss: 4.2586 | Perplexity: 70.71 | Accuracy: 28.30% | Top-5 Accuracy: 58.42%
[2025-10-23 09:48:37,120] - [INFO] - Eval Loss: 4.2364 | Perplexity: 69.16 | Accuracy: 28.15% | Top-5 Accuracy: 58.86%
[2025-10-23 09:48:37,120] - [INFO] - 
=== Running combination ===
[2025-10-23 09:48:37,120] - [INFO] - Embed: 64, Hidden: 256, Top fraction: 0.01, Replace: True, Context: 5
[2025-10-23 09:48:38,635] - [INFO] - Train dataset contains 2194 samples
[2025-10-23 09:48:38,635] - [INFO] - Validation dataset contains 228 samples
[2025-10-23 09:48:38,635] - [INFO] - Test dataset contains 356 samples
[2025-10-23 09:48:38,638] - [INFO] - Top 1.00% frequent words (41) out of 4103 total words
[2025-10-23 09:48:38,639] - [INFO] - The fragment to replace is 0.10988105352591336 of the 41 frequent words (5885 out of 12933)
[2025-10-23 09:48:38,666] - [INFO] - Replaced 642 / 12933 tokens (4.96%)
[2025-10-23 09:48:38,683] - [INFO] - Replaced 75 / 1371 tokens (5.47%)
[2025-10-23 09:48:38,689] - [INFO] - Replaced 111 / 2088 tokens (5.32%)
[2025-10-23 09:48:38,691] - [INFO] - ==== Example Sentence ====
[2025-10-23 09:48:38,691] - [INFO] - Original:  30년 전쟁의 승자는 누구인가?
[2025-10-23 09:48:38,691] - [INFO] - Tokenized: ['30년', '전쟁의', '승자는', '누구인가', '?']
[2025-10-23 09:48:38,691] - [INFO] - Replaced:  ['30년', '전쟁의', '승자는', '누구인가', '?']
[2025-10-23 09:48:38,691] - [INFO] - Window:    (tensor([1613,  994, 1112, 2172, 3970]), tensor(1119))
[2025-10-23 09:48:41,535] - [INFO] - Eval Loss: 6.5971 | Perplexity: 732.96 | Accuracy: 12.76% | Top-5 Accuracy: 51.35%
[2025-10-23 09:48:44,370] - [INFO] - Eval Loss: 5.2761 | Perplexity: 195.61 | Accuracy: 17.29% | Top-5 Accuracy: 53.54%
[2025-10-23 09:48:47,198] - [INFO] - Eval Loss: 4.9344 | Perplexity: 138.99 | Accuracy: 19.47% | Top-5 Accuracy: 55.73%
[2025-10-23 09:48:50,021] - [INFO] - Eval Loss: 4.7513 | Perplexity: 115.74 | Accuracy: 21.23% | Top-5 Accuracy: 56.89%
[2025-10-23 09:48:52,849] - [INFO] - Eval Loss: 4.6323 | Perplexity: 102.75 | Accuracy: 22.83% | Top-5 Accuracy: 57.40%
[2025-10-23 09:48:55,678] - [INFO] - Eval Loss: 4.5423 | Perplexity: 93.91 | Accuracy: 23.49% | Top-5 Accuracy: 57.48%
[2025-10-23 09:48:58,508] - [INFO] - Eval Loss: 4.4821 | Perplexity: 88.42 | Accuracy: 23.19% | Top-5 Accuracy: 57.48%
[2025-10-23 09:49:01,350] - [INFO] - Eval Loss: 4.4137 | Perplexity: 82.57 | Accuracy: 24.73% | Top-5 Accuracy: 58.35%
[2025-10-23 09:49:04,178] - [INFO] - Eval Loss: 4.3593 | Perplexity: 78.21 | Accuracy: 24.95% | Top-5 Accuracy: 58.57%
[2025-10-23 09:49:07,009] - [INFO] - Eval Loss: 4.3354 | Perplexity: 76.36 | Accuracy: 22.98% | Top-5 Accuracy: 58.94%
[2025-10-23 09:49:07,009] - [INFO] - 
=== Running combination ===
[2025-10-23 09:49:07,009] - [INFO] - Embed: 64, Hidden: 256, Top fraction: 0.01, Replace: True, Context: 5
[2025-10-23 09:49:08,526] - [INFO] - Train dataset contains 2194 samples
[2025-10-23 09:49:08,526] - [INFO] - Validation dataset contains 228 samples
[2025-10-23 09:49:08,526] - [INFO] - Test dataset contains 356 samples
[2025-10-23 09:49:08,529] - [INFO] - Top 1.00% frequent words (41) out of 4103 total words
[2025-10-23 09:49:08,529] - [INFO] - The fragment to replace is 0.02197621070518267 of the 41 frequent words (5885 out of 12933)
[2025-10-23 09:49:08,556] - [INFO] - Replaced 121 / 12933 tokens (0.94%)
[2025-10-23 09:49:08,735] - [INFO] - Replaced 15 / 1371 tokens (1.09%)
[2025-10-23 09:49:08,741] - [INFO] - Replaced 22 / 2088 tokens (1.05%)
[2025-10-23 09:49:08,743] - [INFO] - ==== Example Sentence ====
[2025-10-23 09:49:08,743] - [INFO] - Original:  30년 전쟁의 승자는 누구인가?
[2025-10-23 09:49:08,743] - [INFO] - Tokenized: ['30년', '전쟁의', '승자는', '누구인가', '?']
[2025-10-23 09:49:08,743] - [INFO] - Replaced:  ['30년', '전쟁의', '승자는', '누구인가', '?']
[2025-10-23 09:49:08,744] - [INFO] - Window:    (tensor([1613,  994, 1112, 2172, 3970]), tensor(1119))
[2025-10-23 09:49:11,581] - [INFO] - Eval Loss: 6.8688 | Perplexity: 961.80 | Accuracy: 13.27% | Top-5 Accuracy: 29.54%
[2025-10-23 09:49:14,533] - [INFO] - Eval Loss: 5.6907 | Perplexity: 296.11 | Accuracy: 18.96% | Top-5 Accuracy: 32.68%
[2025-10-23 09:49:17,587] - [INFO] - Eval Loss: 5.2658 | Perplexity: 193.61 | Accuracy: 21.30% | Top-5 Accuracy: 34.50%
[2025-10-23 09:49:20,586] - [INFO] - Eval Loss: 5.0583 | Perplexity: 157.33 | Accuracy: 22.03% | Top-5 Accuracy: 36.25%
[2025-10-23 09:49:23,489] - [INFO] - Eval Loss: 4.9140 | Perplexity: 136.18 | Accuracy: 23.41% | Top-5 Accuracy: 37.27%
[2025-10-23 09:49:26,371] - [INFO] - Eval Loss: 4.8077 | Perplexity: 122.44 | Accuracy: 24.00% | Top-5 Accuracy: 38.00%
[2025-10-23 09:49:29,242] - [INFO] - Eval Loss: 4.7333 | Perplexity: 113.67 | Accuracy: 24.14% | Top-5 Accuracy: 38.58%
[2025-10-23 09:49:32,112] - [INFO] - Eval Loss: 4.6642 | Perplexity: 106.08 | Accuracy: 24.07% | Top-5 Accuracy: 39.31%
[2025-10-23 09:49:34,974] - [INFO] - Eval Loss: 4.6009 | Perplexity: 99.57 | Accuracy: 24.36% | Top-5 Accuracy: 39.75%
[2025-10-23 09:49:37,835] - [INFO] - Eval Loss: 4.5579 | Perplexity: 95.39 | Accuracy: 24.95% | Top-5 Accuracy: 39.97%
[2025-10-23 09:49:37,836] - [INFO] - 
=== Running combination ===
[2025-10-23 09:49:37,836] - [INFO] - Embed: 64, Hidden: 256, Top fraction: 0.01, Replace: True, Context: 2
[2025-10-23 09:49:39,380] - [INFO] - Train dataset contains 2194 samples
[2025-10-23 09:49:39,381] - [INFO] - Validation dataset contains 228 samples
[2025-10-23 09:49:39,381] - [INFO] - Test dataset contains 356 samples
[2025-10-23 09:49:39,384] - [INFO] - Top 1.00% frequent words (41) out of 4103 total words
[2025-10-23 09:49:39,384] - [INFO] - The fragment to replace is 0.21976210705182672 of the 41 frequent words (5885 out of 12933)
[2025-10-23 09:49:39,411] - [INFO] - Replaced 1308 / 12933 tokens (10.11%)
[2025-10-23 09:49:39,424] - [INFO] - Replaced 152 / 1371 tokens (11.09%)
[2025-10-23 09:49:39,430] - [INFO] - Replaced 213 / 2088 tokens (10.20%)
[2025-10-23 09:49:39,432] - [INFO] - ==== Example Sentence ====
[2025-10-23 09:49:39,432] - [INFO] - Original:  30년 전쟁의 승자는 누구인가?
[2025-10-23 09:49:39,432] - [INFO] - Tokenized: ['30년', '전쟁의', '승자는', '누구인가', '?']
[2025-10-23 09:49:39,432] - [INFO] - Replaced:  ['30년', '전쟁의', '승자는', '누구인가', '?']
[2025-10-23 09:49:39,432] - [INFO] - Window:    (tensor([1613,  994]), tensor(1112))
[2025-10-23 09:49:42,295] - [INFO] - Eval Loss: 7.3448 | Perplexity: 1548.14 | Accuracy: 26.04% | Top-5 Accuracy: 50.11%
[2025-10-23 09:49:45,214] - [INFO] - Eval Loss: 6.2158 | Perplexity: 500.58 | Accuracy: 24.51% | Top-5 Accuracy: 55.43%
[2025-10-23 09:49:48,058] - [INFO] - Eval Loss: 5.1557 | Perplexity: 173.42 | Accuracy: 24.65% | Top-5 Accuracy: 56.60%
[2025-10-23 09:49:50,905] - [INFO] - Eval Loss: 4.7488 | Perplexity: 115.45 | Accuracy: 24.87% | Top-5 Accuracy: 56.89%
[2025-10-23 09:49:53,751] - [INFO] - Eval Loss: 4.5512 | Perplexity: 94.75 | Accuracy: 29.32% | Top-5 Accuracy: 57.33%
[2025-10-23 09:49:56,596] - [INFO] - Eval Loss: 4.4161 | Perplexity: 82.77 | Accuracy: 30.05% | Top-5 Accuracy: 57.55%
[2025-10-23 09:49:59,442] - [INFO] - Eval Loss: 4.3358 | Perplexity: 76.38 | Accuracy: 30.71% | Top-5 Accuracy: 57.84%
[2025-10-23 09:50:02,279] - [INFO] - Eval Loss: 4.2817 | Perplexity: 72.36 | Accuracy: 30.63% | Top-5 Accuracy: 57.99%
[2025-10-23 09:50:05,114] - [INFO] - Eval Loss: 4.2476 | Perplexity: 69.93 | Accuracy: 24.36% | Top-5 Accuracy: 58.13%
[2025-10-23 09:50:07,951] - [INFO] - Eval Loss: 4.2283 | Perplexity: 68.60 | Accuracy: 24.51% | Top-5 Accuracy: 58.28%
[2025-10-23 09:50:07,952] - [INFO] - 
=== Running combination ===
[2025-10-23 09:50:07,952] - [INFO] - Embed: 64, Hidden: 256, Top fraction: 0.01, Replace: True, Context: 2
[2025-10-23 09:50:09,577] - [INFO] - Train dataset contains 2194 samples
[2025-10-23 09:50:09,577] - [INFO] - Validation dataset contains 228 samples
[2025-10-23 09:50:09,577] - [INFO] - Test dataset contains 356 samples
[2025-10-23 09:50:09,580] - [INFO] - Top 1.00% frequent words (41) out of 4103 total words
[2025-10-23 09:50:09,580] - [INFO] - The fragment to replace is 0.10988105352591336 of the 41 frequent words (5885 out of 12933)
[2025-10-23 09:50:09,608] - [INFO] - Replaced 642 / 12933 tokens (4.96%)
[2025-10-23 09:50:09,621] - [INFO] - Replaced 75 / 1371 tokens (5.47%)
[2025-10-23 09:50:09,627] - [INFO] - Replaced 111 / 2088 tokens (5.32%)
[2025-10-23 09:50:09,628] - [INFO] - ==== Example Sentence ====
[2025-10-23 09:50:09,628] - [INFO] - Original:  30년 전쟁의 승자는 누구인가?
[2025-10-23 09:50:09,628] - [INFO] - Tokenized: ['30년', '전쟁의', '승자는', '누구인가', '?']
[2025-10-23 09:50:09,628] - [INFO] - Replaced:  ['30년', '전쟁의', '승자는', '누구인가', '?']
[2025-10-23 09:50:09,629] - [INFO] - Window:    (tensor([1613,  994]), tensor(1112))
[2025-10-23 09:50:12,491] - [INFO] - Eval Loss: 7.4221 | Perplexity: 1672.62 | Accuracy: 16.05% | Top-5 Accuracy: 44.57%
[2025-10-23 09:50:15,348] - [INFO] - Eval Loss: 6.4504 | Perplexity: 632.95 | Accuracy: 16.56% | Top-5 Accuracy: 52.22%
[2025-10-23 09:50:18,207] - [INFO] - Eval Loss: 5.4951 | Perplexity: 243.48 | Accuracy: 16.34% | Top-5 Accuracy: 55.00%
[2025-10-23 09:50:21,063] - [INFO] - Eval Loss: 4.9605 | Perplexity: 142.66 | Accuracy: 16.41% | Top-5 Accuracy: 55.43%
[2025-10-23 09:50:23,920] - [INFO] - Eval Loss: 4.7087 | Perplexity: 110.91 | Accuracy: 16.70% | Top-5 Accuracy: 56.16%
[2025-10-23 09:50:26,779] - [INFO] - Eval Loss: 4.5537 | Perplexity: 94.98 | Accuracy: 18.23% | Top-5 Accuracy: 56.31%
[2025-10-23 09:50:29,636] - [INFO] - Eval Loss: 4.4517 | Perplexity: 85.77 | Accuracy: 19.18% | Top-5 Accuracy: 56.53%
[2025-10-23 09:50:32,493] - [INFO] - Eval Loss: 4.3806 | Perplexity: 79.88 | Accuracy: 19.84% | Top-5 Accuracy: 56.97%
[2025-10-23 09:50:35,349] - [INFO] - Eval Loss: 4.3374 | Perplexity: 76.51 | Accuracy: 20.13% | Top-5 Accuracy: 57.11%
[2025-10-23 09:50:38,205] - [INFO] - Eval Loss: 4.3110 | Perplexity: 74.52 | Accuracy: 20.42% | Top-5 Accuracy: 57.99%
[2025-10-23 09:50:38,206] - [INFO] - 
=== Running combination ===
[2025-10-23 09:50:38,206] - [INFO] - Embed: 64, Hidden: 256, Top fraction: 0.01, Replace: True, Context: 2
[2025-10-23 09:50:39,807] - [INFO] - Train dataset contains 2194 samples
[2025-10-23 09:50:39,807] - [INFO] - Validation dataset contains 228 samples
[2025-10-23 09:50:39,807] - [INFO] - Test dataset contains 356 samples
[2025-10-23 09:50:39,810] - [INFO] - Top 1.00% frequent words (41) out of 4103 total words
[2025-10-23 09:50:39,810] - [INFO] - The fragment to replace is 0.02197621070518267 of the 41 frequent words (5885 out of 12933)
[2025-10-23 09:50:39,838] - [INFO] - Replaced 121 / 12933 tokens (0.94%)
[2025-10-23 09:50:40,026] - [INFO] - Replaced 15 / 1371 tokens (1.09%)
[2025-10-23 09:50:40,031] - [INFO] - Replaced 22 / 2088 tokens (1.05%)
[2025-10-23 09:50:40,033] - [INFO] - ==== Example Sentence ====
[2025-10-23 09:50:40,033] - [INFO] - Original:  30년 전쟁의 승자는 누구인가?
[2025-10-23 09:50:40,033] - [INFO] - Tokenized: ['30년', '전쟁의', '승자는', '누구인가', '?']
[2025-10-23 09:50:40,033] - [INFO] - Replaced:  ['30년', '전쟁의', '승자는', '누구인가', '?']
[2025-10-23 09:50:40,033] - [INFO] - Window:    (tensor([1613,  994]), tensor(1112))
[2025-10-23 09:50:42,889] - [INFO] - Eval Loss: 7.4845 | Perplexity: 1780.23 | Accuracy: 16.70% | Top-5 Accuracy: 27.35%
[2025-10-23 09:50:45,755] - [INFO] - Eval Loss: 6.6193 | Perplexity: 749.45 | Accuracy: 18.23% | Top-5 Accuracy: 31.15%
[2025-10-23 09:50:48,612] - [INFO] - Eval Loss: 5.8124 | Perplexity: 334.41 | Accuracy: 18.16% | Top-5 Accuracy: 32.09%
[2025-10-23 09:50:51,473] - [INFO] - Eval Loss: 5.3182 | Perplexity: 204.01 | Accuracy: 18.31% | Top-5 Accuracy: 32.90%
[2025-10-23 09:50:54,336] - [INFO] - Eval Loss: 5.0165 | Perplexity: 150.89 | Accuracy: 18.45% | Top-5 Accuracy: 33.41%
[2025-10-23 09:50:57,195] - [INFO] - Eval Loss: 4.8282 | Perplexity: 124.98 | Accuracy: 20.93% | Top-5 Accuracy: 33.99%
[2025-10-23 09:51:00,049] - [INFO] - Eval Loss: 4.7036 | Perplexity: 110.35 | Accuracy: 21.52% | Top-5 Accuracy: 34.21%
[2025-10-23 09:51:02,907] - [INFO] - Eval Loss: 4.6111 | Perplexity: 100.60 | Accuracy: 21.81% | Top-5 Accuracy: 34.50%
[2025-10-23 09:51:05,769] - [INFO] - Eval Loss: 4.5462 | Perplexity: 94.27 | Accuracy: 22.47% | Top-5 Accuracy: 35.45%
[2025-10-23 09:51:08,630] - [INFO] - Eval Loss: 4.4993 | Perplexity: 89.95 | Accuracy: 22.54% | Top-5 Accuracy: 36.32%
[2025-10-23 09:51:08,631] - [INFO] - 
=== Running combination ===
[2025-10-23 09:51:08,631] - [INFO] - Embed: 64, Hidden: 256, Top fraction: 0.01, Replace: False, Context: 5
[2025-10-23 09:51:10,181] - [INFO] - Train dataset contains 2194 samples
[2025-10-23 09:51:10,181] - [INFO] - Validation dataset contains 228 samples
[2025-10-23 09:51:10,181] - [INFO] - Test dataset contains 356 samples
[2025-10-23 09:51:10,184] - [INFO] - Top 1.00% frequent words (41) out of 4103 total words
[2025-10-23 09:51:10,184] - [INFO] - The fragment to replace is 31.543902439024393 of the 41 frequent words (41 out of 12933)
[2025-10-23 09:51:10,210] - [INFO] - Replaced 41 / 12933 tokens (0.32%)
[2025-10-23 09:51:10,227] - [INFO] - Replaced 1 / 1371 tokens (0.07%)
[2025-10-23 09:51:10,233] - [INFO] - Replaced 3 / 2088 tokens (0.14%)
[2025-10-23 09:51:10,235] - [INFO] - ==== Example Sentence ====
[2025-10-23 09:51:10,235] - [INFO] - Original:  30년 전쟁의 승자는 누구인가?
[2025-10-23 09:51:10,235] - [INFO] - Tokenized: ['30년', '전쟁의', '승자는', '누구인가', '?']
[2025-10-23 09:51:10,235] - [INFO] - Replaced:  ['30년', '전쟁의', '<UNK', '누구인가', '?']
[2025-10-23 09:51:10,235] - [INFO] - Window:    (tensor([1613,  994, 1112, 1957, 3970]), tensor(1119))
[2025-10-23 09:51:11,461] - [INFO] - Eval Loss: 6.9078 | Perplexity: 1000.02 | Accuracy: 13.57% | Top-5 Accuracy: 29.03%
[2025-10-23 09:51:12,637] - [INFO] - Eval Loss: 5.7888 | Perplexity: 326.62 | Accuracy: 19.47% | Top-5 Accuracy: 32.09%
[2025-10-23 09:51:13,747] - [INFO] - Eval Loss: 5.3806 | Perplexity: 217.16 | Accuracy: 21.66% | Top-5 Accuracy: 32.90%
[2025-10-23 09:51:14,833] - [INFO] - Eval Loss: 5.1656 | Perplexity: 175.14 | Accuracy: 22.39% | Top-5 Accuracy: 34.35%
[2025-10-23 09:51:15,922] - [INFO] - Eval Loss: 5.0222 | Perplexity: 151.75 | Accuracy: 24.14% | Top-5 Accuracy: 34.35%
[2025-10-23 09:51:17,032] - [INFO] - Eval Loss: 4.9023 | Perplexity: 134.60 | Accuracy: 24.43% | Top-5 Accuracy: 35.23%
[2025-10-23 09:51:18,108] - [INFO] - Eval Loss: 4.8185 | Perplexity: 123.78 | Accuracy: 24.65% | Top-5 Accuracy: 35.74%
[2025-10-23 09:51:19,199] - [INFO] - Eval Loss: 4.7402 | Perplexity: 114.46 | Accuracy: 24.58% | Top-5 Accuracy: 36.83%
[2025-10-23 09:51:20,279] - [INFO] - Eval Loss: 4.6755 | Perplexity: 107.28 | Accuracy: 24.87% | Top-5 Accuracy: 36.62%
[2025-10-23 09:51:21,339] - [INFO] - Eval Loss: 4.6212 | Perplexity: 101.62 | Accuracy: 25.09% | Top-5 Accuracy: 37.35%
[2025-10-23 09:51:21,339] - [INFO] - 
=== Running combination ===
[2025-10-23 09:51:21,339] - [INFO] - Embed: 64, Hidden: 256, Top fraction: 0.01, Replace: False, Context: 5
[2025-10-23 09:51:22,890] - [INFO] - Train dataset contains 2194 samples
[2025-10-23 09:51:22,890] - [INFO] - Validation dataset contains 228 samples
[2025-10-23 09:51:22,890] - [INFO] - Test dataset contains 356 samples
[2025-10-23 09:51:22,893] - [INFO] - Top 1.00% frequent words (41) out of 4103 total words
[2025-10-23 09:51:22,893] - [INFO] - The fragment to replace is 15.771951219512196 of the 41 frequent words (41 out of 12933)
[2025-10-23 09:51:22,919] - [INFO] - Replaced 41 / 12933 tokens (0.32%)
[2025-10-23 09:51:22,936] - [INFO] - Replaced 1 / 1371 tokens (0.07%)
[2025-10-23 09:51:22,941] - [INFO] - Replaced 3 / 2088 tokens (0.14%)
[2025-10-23 09:51:22,943] - [INFO] - ==== Example Sentence ====
[2025-10-23 09:51:22,943] - [INFO] - Original:  30년 전쟁의 승자는 누구인가?
[2025-10-23 09:51:22,943] - [INFO] - Tokenized: ['30년', '전쟁의', '승자는', '누구인가', '?']
[2025-10-23 09:51:22,944] - [INFO] - Replaced:  ['30년', '전쟁의', '<UNK', '누구인가', '?']
[2025-10-23 09:51:22,944] - [INFO] - Window:    (tensor([1613,  994, 1112, 1957, 3970]), tensor(1119))
[2025-10-23 09:51:25,818] - [INFO] - Eval Loss: 6.9078 | Perplexity: 1000.02 | Accuracy: 13.57% | Top-5 Accuracy: 29.03%
[2025-10-23 09:51:28,670] - [INFO] - Eval Loss: 5.7888 | Perplexity: 326.62 | Accuracy: 19.47% | Top-5 Accuracy: 32.09%
[2025-10-23 09:51:31,524] - [INFO] - Eval Loss: 5.3806 | Perplexity: 217.16 | Accuracy: 21.66% | Top-5 Accuracy: 32.90%
[2025-10-23 09:51:34,378] - [INFO] - Eval Loss: 5.1656 | Perplexity: 175.14 | Accuracy: 22.39% | Top-5 Accuracy: 34.35%
[2025-10-23 09:51:37,230] - [INFO] - Eval Loss: 5.0222 | Perplexity: 151.75 | Accuracy: 24.14% | Top-5 Accuracy: 34.35%
[2025-10-23 09:51:40,083] - [INFO] - Eval Loss: 4.9023 | Perplexity: 134.60 | Accuracy: 24.43% | Top-5 Accuracy: 35.23%
[2025-10-23 09:51:42,936] - [INFO] - Eval Loss: 4.8185 | Perplexity: 123.78 | Accuracy: 24.65% | Top-5 Accuracy: 35.74%
[2025-10-23 09:51:45,788] - [INFO] - Eval Loss: 4.7402 | Perplexity: 114.46 | Accuracy: 24.58% | Top-5 Accuracy: 36.83%
[2025-10-23 09:51:48,636] - [INFO] - Eval Loss: 4.6755 | Perplexity: 107.28 | Accuracy: 24.87% | Top-5 Accuracy: 36.62%
[2025-10-23 09:51:51,479] - [INFO] - Eval Loss: 4.6212 | Perplexity: 101.62 | Accuracy: 25.09% | Top-5 Accuracy: 37.35%
[2025-10-23 09:51:51,479] - [INFO] - 
=== Running combination ===
[2025-10-23 09:51:51,479] - [INFO] - Embed: 64, Hidden: 256, Top fraction: 0.01, Replace: False, Context: 5
[2025-10-23 09:51:52,999] - [INFO] - Train dataset contains 2194 samples
[2025-10-23 09:51:52,999] - [INFO] - Validation dataset contains 228 samples
[2025-10-23 09:51:52,999] - [INFO] - Test dataset contains 356 samples
[2025-10-23 09:51:53,002] - [INFO] - Top 1.00% frequent words (41) out of 4103 total words
[2025-10-23 09:51:53,002] - [INFO] - The fragment to replace is 3.1543902439024394 of the 41 frequent words (41 out of 12933)
[2025-10-23 09:51:53,029] - [INFO] - Replaced 41 / 12933 tokens (0.32%)
[2025-10-23 09:51:53,197] - [INFO] - Replaced 1 / 1371 tokens (0.07%)
[2025-10-23 09:51:53,204] - [INFO] - Replaced 3 / 2088 tokens (0.14%)
[2025-10-23 09:51:53,206] - [INFO] - ==== Example Sentence ====
[2025-10-23 09:51:53,206] - [INFO] - Original:  30년 전쟁의 승자는 누구인가?
[2025-10-23 09:51:53,206] - [INFO] - Tokenized: ['30년', '전쟁의', '승자는', '누구인가', '?']
[2025-10-23 09:51:53,206] - [INFO] - Replaced:  ['30년', '전쟁의', '<UNK', '누구인가', '?']
[2025-10-23 09:51:53,206] - [INFO] - Window:    (tensor([1613,  994, 1112, 1957, 3970]), tensor(1119))
[2025-10-23 09:51:56,050] - [INFO] - Eval Loss: 6.9078 | Perplexity: 1000.02 | Accuracy: 13.57% | Top-5 Accuracy: 29.03%
[2025-10-23 09:51:58,898] - [INFO] - Eval Loss: 5.7888 | Perplexity: 326.62 | Accuracy: 19.47% | Top-5 Accuracy: 32.09%
[2025-10-23 09:52:01,754] - [INFO] - Eval Loss: 5.3806 | Perplexity: 217.16 | Accuracy: 21.66% | Top-5 Accuracy: 32.90%
[2025-10-23 09:52:04,599] - [INFO] - Eval Loss: 5.1656 | Perplexity: 175.14 | Accuracy: 22.39% | Top-5 Accuracy: 34.35%
[2025-10-23 09:52:07,445] - [INFO] - Eval Loss: 5.0222 | Perplexity: 151.75 | Accuracy: 24.14% | Top-5 Accuracy: 34.35%
[2025-10-23 09:52:10,289] - [INFO] - Eval Loss: 4.9023 | Perplexity: 134.60 | Accuracy: 24.43% | Top-5 Accuracy: 35.23%
[2025-10-23 09:52:13,142] - [INFO] - Eval Loss: 4.8185 | Perplexity: 123.78 | Accuracy: 24.65% | Top-5 Accuracy: 35.74%
[2025-10-23 09:52:15,986] - [INFO] - Eval Loss: 4.7402 | Perplexity: 114.46 | Accuracy: 24.58% | Top-5 Accuracy: 36.83%
[2025-10-23 09:52:18,835] - [INFO] - Eval Loss: 4.6755 | Perplexity: 107.28 | Accuracy: 24.87% | Top-5 Accuracy: 36.62%
[2025-10-23 09:52:21,671] - [INFO] - Eval Loss: 4.6212 | Perplexity: 101.62 | Accuracy: 25.09% | Top-5 Accuracy: 37.35%
[2025-10-23 09:52:21,672] - [INFO] - 
=== Running combination ===
[2025-10-23 09:52:21,672] - [INFO] - Embed: 64, Hidden: 256, Top fraction: 0.01, Replace: False, Context: 2
[2025-10-23 09:52:23,259] - [INFO] - Train dataset contains 2194 samples
[2025-10-23 09:52:23,259] - [INFO] - Validation dataset contains 228 samples
[2025-10-23 09:52:23,259] - [INFO] - Test dataset contains 356 samples
[2025-10-23 09:52:23,262] - [INFO] - Top 1.00% frequent words (41) out of 4103 total words
[2025-10-23 09:52:23,262] - [INFO] - The fragment to replace is 31.543902439024393 of the 41 frequent words (41 out of 12933)
[2025-10-23 09:52:23,288] - [INFO] - Replaced 41 / 12933 tokens (0.32%)
[2025-10-23 09:52:23,301] - [INFO] - Replaced 1 / 1371 tokens (0.07%)
[2025-10-23 09:52:23,306] - [INFO] - Replaced 3 / 2088 tokens (0.14%)
[2025-10-23 09:52:23,308] - [INFO] - ==== Example Sentence ====
[2025-10-23 09:52:23,308] - [INFO] - Original:  30년 전쟁의 승자는 누구인가?
[2025-10-23 09:52:23,308] - [INFO] - Tokenized: ['30년', '전쟁의', '승자는', '누구인가', '?']
[2025-10-23 09:52:23,308] - [INFO] - Replaced:  ['30년', '전쟁의', '<UNK', '누구인가', '?']
[2025-10-23 09:52:23,308] - [INFO] - Window:    (tensor([1613,  994]), tensor(1112))
[2025-10-23 09:52:24,562] - [INFO] - Eval Loss: 7.4931 | Perplexity: 1795.56 | Accuracy: 17.21% | Top-5 Accuracy: 27.13%
[2025-10-23 09:52:25,685] - [INFO] - Eval Loss: 6.6398 | Perplexity: 764.92 | Accuracy: 18.53% | Top-5 Accuracy: 31.15%
[2025-10-23 09:52:26,676] - [INFO] - Eval Loss: 5.8650 | Perplexity: 352.48 | Accuracy: 18.45% | Top-5 Accuracy: 32.24%
[2025-10-23 09:52:27,676] - [INFO] - Eval Loss: 5.3981 | Perplexity: 220.99 | Accuracy: 18.67% | Top-5 Accuracy: 33.41%
[2025-10-23 09:52:28,661] - [INFO] - Eval Loss: 5.1107 | Perplexity: 165.78 | Accuracy: 18.75% | Top-5 Accuracy: 34.06%
[2025-10-23 09:52:29,621] - [INFO] - Eval Loss: 4.9231 | Perplexity: 137.42 | Accuracy: 21.59% | Top-5 Accuracy: 34.35%
[2025-10-23 09:52:30,569] - [INFO] - Eval Loss: 4.7943 | Perplexity: 120.82 | Accuracy: 22.17% | Top-5 Accuracy: 34.57%
[2025-10-23 09:52:31,526] - [INFO] - Eval Loss: 4.6977 | Perplexity: 109.69 | Accuracy: 22.39% | Top-5 Accuracy: 34.94%
[2025-10-23 09:52:32,499] - [INFO] - Eval Loss: 4.6238 | Perplexity: 101.88 | Accuracy: 22.90% | Top-5 Accuracy: 35.52%
[2025-10-23 09:52:33,486] - [INFO] - Eval Loss: 4.5681 | Perplexity: 96.36 | Accuracy: 22.90% | Top-5 Accuracy: 36.32%
[2025-10-23 09:52:33,486] - [INFO] - 
=== Running combination ===
[2025-10-23 09:52:33,486] - [INFO] - Embed: 64, Hidden: 256, Top fraction: 0.01, Replace: False, Context: 2
[2025-10-23 09:52:34,978] - [INFO] - Train dataset contains 2194 samples
[2025-10-23 09:52:34,978] - [INFO] - Validation dataset contains 228 samples
[2025-10-23 09:52:34,978] - [INFO] - Test dataset contains 356 samples
[2025-10-23 09:52:34,981] - [INFO] - Top 1.00% frequent words (41) out of 4103 total words
[2025-10-23 09:52:34,981] - [INFO] - The fragment to replace is 15.771951219512196 of the 41 frequent words (41 out of 12933)
[2025-10-23 09:52:35,007] - [INFO] - Replaced 41 / 12933 tokens (0.32%)
[2025-10-23 09:52:35,020] - [INFO] - Replaced 1 / 1371 tokens (0.07%)
[2025-10-23 09:52:35,025] - [INFO] - Replaced 3 / 2088 tokens (0.14%)
[2025-10-23 09:52:35,027] - [INFO] - ==== Example Sentence ====
[2025-10-23 09:52:35,027] - [INFO] - Original:  30년 전쟁의 승자는 누구인가?
[2025-10-23 09:52:35,027] - [INFO] - Tokenized: ['30년', '전쟁의', '승자는', '누구인가', '?']
[2025-10-23 09:52:35,027] - [INFO] - Replaced:  ['30년', '전쟁의', '<UNK', '누구인가', '?']
[2025-10-23 09:52:35,027] - [INFO] - Window:    (tensor([1613,  994]), tensor(1112))
[2025-10-23 09:52:37,887] - [INFO] - Eval Loss: 7.4931 | Perplexity: 1795.56 | Accuracy: 17.21% | Top-5 Accuracy: 27.13%
[2025-10-23 09:52:40,733] - [INFO] - Eval Loss: 6.6398 | Perplexity: 764.92 | Accuracy: 18.53% | Top-5 Accuracy: 31.15%
[2025-10-23 09:52:43,576] - [INFO] - Eval Loss: 5.8650 | Perplexity: 352.48 | Accuracy: 18.45% | Top-5 Accuracy: 32.24%
[2025-10-23 09:52:46,421] - [INFO] - Eval Loss: 5.3981 | Perplexity: 220.99 | Accuracy: 18.67% | Top-5 Accuracy: 33.41%
[2025-10-23 09:52:49,280] - [INFO] - Eval Loss: 5.1107 | Perplexity: 165.78 | Accuracy: 18.75% | Top-5 Accuracy: 34.06%
[2025-10-23 09:52:52,131] - [INFO] - Eval Loss: 4.9231 | Perplexity: 137.42 | Accuracy: 21.59% | Top-5 Accuracy: 34.35%
[2025-10-23 09:52:55,276] - [INFO] - Eval Loss: 4.7943 | Perplexity: 120.82 | Accuracy: 22.17% | Top-5 Accuracy: 34.57%
[2025-10-23 09:52:58,197] - [INFO] - Eval Loss: 4.6977 | Perplexity: 109.69 | Accuracy: 22.39% | Top-5 Accuracy: 34.94%
[2025-10-23 09:53:01,043] - [INFO] - Eval Loss: 4.6238 | Perplexity: 101.88 | Accuracy: 22.90% | Top-5 Accuracy: 35.52%
[2025-10-23 09:53:03,889] - [INFO] - Eval Loss: 4.5681 | Perplexity: 96.36 | Accuracy: 22.90% | Top-5 Accuracy: 36.32%
[2025-10-23 09:53:03,890] - [INFO] - 
=== Running combination ===
[2025-10-23 09:53:03,890] - [INFO] - Embed: 64, Hidden: 256, Top fraction: 0.01, Replace: False, Context: 2
[2025-10-23 09:53:05,655] - [INFO] - Train dataset contains 2194 samples
[2025-10-23 09:53:05,655] - [INFO] - Validation dataset contains 228 samples
[2025-10-23 09:53:05,655] - [INFO] - Test dataset contains 356 samples
[2025-10-23 09:53:05,658] - [INFO] - Top 1.00% frequent words (41) out of 4103 total words
[2025-10-23 09:53:05,658] - [INFO] - The fragment to replace is 3.1543902439024394 of the 41 frequent words (41 out of 12933)
[2025-10-23 09:53:05,684] - [INFO] - Replaced 41 / 12933 tokens (0.32%)
[2025-10-23 09:53:05,868] - [INFO] - Replaced 1 / 1371 tokens (0.07%)
[2025-10-23 09:53:05,874] - [INFO] - Replaced 3 / 2088 tokens (0.14%)
[2025-10-23 09:53:05,875] - [INFO] - ==== Example Sentence ====
[2025-10-23 09:53:05,875] - [INFO] - Original:  30년 전쟁의 승자는 누구인가?
[2025-10-23 09:53:05,875] - [INFO] - Tokenized: ['30년', '전쟁의', '승자는', '누구인가', '?']
[2025-10-23 09:53:05,875] - [INFO] - Replaced:  ['30년', '전쟁의', '<UNK', '누구인가', '?']
[2025-10-23 09:53:05,876] - [INFO] - Window:    (tensor([1613,  994]), tensor(1112))
[2025-10-23 09:53:08,725] - [INFO] - Eval Loss: 7.4931 | Perplexity: 1795.56 | Accuracy: 17.21% | Top-5 Accuracy: 27.13%
[2025-10-23 09:53:11,563] - [INFO] - Eval Loss: 6.6398 | Perplexity: 764.92 | Accuracy: 18.53% | Top-5 Accuracy: 31.15%
[2025-10-23 09:53:14,401] - [INFO] - Eval Loss: 5.8650 | Perplexity: 352.48 | Accuracy: 18.45% | Top-5 Accuracy: 32.24%
[2025-10-23 09:53:17,238] - [INFO] - Eval Loss: 5.3981 | Perplexity: 220.99 | Accuracy: 18.67% | Top-5 Accuracy: 33.41%
[2025-10-23 09:53:20,071] - [INFO] - Eval Loss: 5.1107 | Perplexity: 165.78 | Accuracy: 18.75% | Top-5 Accuracy: 34.06%
[2025-10-23 09:53:22,905] - [INFO] - Eval Loss: 4.9231 | Perplexity: 137.42 | Accuracy: 21.59% | Top-5 Accuracy: 34.35%
[2025-10-23 09:53:25,731] - [INFO] - Eval Loss: 4.7943 | Perplexity: 120.82 | Accuracy: 22.17% | Top-5 Accuracy: 34.57%
[2025-10-23 09:53:28,568] - [INFO] - Eval Loss: 4.6977 | Perplexity: 109.69 | Accuracy: 22.39% | Top-5 Accuracy: 34.94%
[2025-10-23 09:53:31,406] - [INFO] - Eval Loss: 4.6238 | Perplexity: 101.88 | Accuracy: 22.90% | Top-5 Accuracy: 35.52%
[2025-10-23 09:53:34,243] - [INFO] - Eval Loss: 4.5681 | Perplexity: 96.36 | Accuracy: 22.90% | Top-5 Accuracy: 36.32%
[2025-10-23 09:53:34,243] - [INFO] - 
=== Running combination ===
[2025-10-23 09:53:34,243] - [INFO] - Embed: 64, Hidden: 256, Top fraction: 0.05, Replace: True, Context: 5
[2025-10-23 09:53:36,132] - [INFO] - Train dataset contains 2194 samples
[2025-10-23 09:53:36,132] - [INFO] - Validation dataset contains 228 samples
[2025-10-23 09:53:36,132] - [INFO] - Test dataset contains 356 samples
[2025-10-23 09:53:36,135] - [INFO] - Top 5.00% frequent words (205) out of 4103 total words
[2025-10-23 09:53:36,135] - [INFO] - The fragment to replace is 0.16787383177570095 of the 205 frequent words (7704 out of 12933)
[2025-10-23 09:53:36,163] - [INFO] - Replaced 1334 / 12933 tokens (10.31%)
[2025-10-23 09:53:36,180] - [INFO] - Replaced 134 / 1371 tokens (9.77%)
[2025-10-23 09:53:36,185] - [INFO] - Replaced 178 / 2088 tokens (8.52%)
[2025-10-23 09:53:36,187] - [INFO] - ==== Example Sentence ====
[2025-10-23 09:53:36,187] - [INFO] - Original:  30년 전쟁의 승자는 누구인가?
[2025-10-23 09:53:36,187] - [INFO] - Tokenized: ['30년', '전쟁의', '승자는', '누구인가', '?']
[2025-10-23 09:53:36,187] - [INFO] - Replaced:  ['30년', '전쟁의', '승자는', '누구인가', '?']
[2025-10-23 09:53:36,188] - [INFO] - Window:    (tensor([1613,  994, 1112, 2172, 3970]), tensor(1119))
[2025-10-23 09:53:39,026] - [INFO] - Eval Loss: 5.9732 | Perplexity: 392.76 | Accuracy: 34.28% | Top-5 Accuracy: 53.54%
[2025-10-23 09:53:41,853] - [INFO] - Eval Loss: 4.8723 | Perplexity: 130.62 | Accuracy: 35.45% | Top-5 Accuracy: 55.00%
[2025-10-23 09:53:44,680] - [INFO] - Eval Loss: 4.6045 | Perplexity: 99.94 | Accuracy: 36.54% | Top-5 Accuracy: 58.57%
[2025-10-23 09:53:47,507] - [INFO] - Eval Loss: 4.4221 | Perplexity: 83.27 | Accuracy: 37.20% | Top-5 Accuracy: 59.30%
[2025-10-23 09:53:50,331] - [INFO] - Eval Loss: 4.3139 | Perplexity: 74.73 | Accuracy: 37.56% | Top-5 Accuracy: 59.81%
[2025-10-23 09:53:53,159] - [INFO] - Eval Loss: 4.2294 | Perplexity: 68.68 | Accuracy: 37.27% | Top-5 Accuracy: 59.96%
[2025-10-23 09:53:55,986] - [INFO] - Eval Loss: 4.1896 | Perplexity: 66.00 | Accuracy: 38.07% | Top-5 Accuracy: 59.81%
[2025-10-23 09:53:58,812] - [INFO] - Eval Loss: 4.1399 | Perplexity: 62.80 | Accuracy: 38.07% | Top-5 Accuracy: 60.03%
[2025-10-23 09:54:01,764] - [INFO] - Eval Loss: 4.0968 | Perplexity: 60.15 | Accuracy: 38.15% | Top-5 Accuracy: 60.10%
[2025-10-23 09:54:04,737] - [INFO] - Eval Loss: 4.0703 | Perplexity: 58.57 | Accuracy: 38.29% | Top-5 Accuracy: 60.98%
[2025-10-23 09:54:04,737] - [INFO] - 
=== Running combination ===
[2025-10-23 09:54:04,737] - [INFO] - Embed: 64, Hidden: 256, Top fraction: 0.05, Replace: True, Context: 5
[2025-10-23 09:54:06,416] - [INFO] - Train dataset contains 2194 samples
[2025-10-23 09:54:06,416] - [INFO] - Validation dataset contains 228 samples
[2025-10-23 09:54:06,416] - [INFO] - Test dataset contains 356 samples
[2025-10-23 09:54:06,419] - [INFO] - Top 5.00% frequent words (205) out of 4103 total words
[2025-10-23 09:54:06,419] - [INFO] - The fragment to replace is 0.08393691588785047 of the 205 frequent words (7704 out of 12933)
[2025-10-23 09:54:06,447] - [INFO] - Replaced 634 / 12933 tokens (4.90%)
[2025-10-23 09:54:06,466] - [INFO] - Replaced 63 / 1371 tokens (4.60%)
[2025-10-23 09:54:06,472] - [INFO] - Replaced 73 / 2088 tokens (3.50%)
[2025-10-23 09:54:06,474] - [INFO] - ==== Example Sentence ====
[2025-10-23 09:54:06,475] - [INFO] - Original:  30년 전쟁의 승자는 누구인가?
[2025-10-23 09:54:06,475] - [INFO] - Tokenized: ['30년', '전쟁의', '승자는', '누구인가', '?']
[2025-10-23 09:54:06,475] - [INFO] - Replaced:  ['30년', '전쟁의', '승자는', '누구인가', '?']
[2025-10-23 09:54:06,475] - [INFO] - Window:    (tensor([1613,  994, 1112, 2172, 3970]), tensor(1119))
[2025-10-23 09:54:09,467] - [INFO] - Eval Loss: 6.4965 | Perplexity: 662.80 | Accuracy: 13.57% | Top-5 Accuracy: 51.42%
[2025-10-23 09:54:12,427] - [INFO] - Eval Loss: 5.1989 | Perplexity: 181.08 | Accuracy: 18.31% | Top-5 Accuracy: 53.61%
[2025-10-23 09:54:15,375] - [INFO] - Eval Loss: 4.8650 | Perplexity: 129.67 | Accuracy: 19.47% | Top-5 Accuracy: 56.02%
[2025-10-23 09:54:18,310] - [INFO] - Eval Loss: 4.6675 | Perplexity: 106.43 | Accuracy: 21.95% | Top-5 Accuracy: 56.82%
[2025-10-23 09:54:21,268] - [INFO] - Eval Loss: 4.5369 | Perplexity: 93.40 | Accuracy: 24.58% | Top-5 Accuracy: 57.26%
[2025-10-23 09:54:24,187] - [INFO] - Eval Loss: 4.4381 | Perplexity: 84.62 | Accuracy: 25.89% | Top-5 Accuracy: 57.26%
[2025-10-23 09:54:27,103] - [INFO] - Eval Loss: 4.3820 | Perplexity: 80.00 | Accuracy: 26.04% | Top-5 Accuracy: 57.26%
[2025-10-23 09:54:30,012] - [INFO] - Eval Loss: 4.3116 | Perplexity: 74.56 | Accuracy: 26.26% | Top-5 Accuracy: 57.48%
[2025-10-23 09:54:32,916] - [INFO] - Eval Loss: 4.2605 | Perplexity: 70.85 | Accuracy: 26.40% | Top-5 Accuracy: 58.42%
[2025-10-23 09:54:35,823] - [INFO] - Eval Loss: 4.2160 | Perplexity: 67.76 | Accuracy: 26.70% | Top-5 Accuracy: 58.94%
[2025-10-23 09:54:35,824] - [INFO] - 
=== Running combination ===
[2025-10-23 09:54:35,824] - [INFO] - Embed: 64, Hidden: 256, Top fraction: 0.05, Replace: True, Context: 5
[2025-10-23 09:54:37,604] - [INFO] - Train dataset contains 2194 samples
[2025-10-23 09:54:37,604] - [INFO] - Validation dataset contains 228 samples
[2025-10-23 09:54:37,604] - [INFO] - Test dataset contains 356 samples
[2025-10-23 09:54:37,607] - [INFO] - Top 5.00% frequent words (205) out of 4103 total words
[2025-10-23 09:54:37,608] - [INFO] - The fragment to replace is 0.016787383177570094 of the 205 frequent words (7704 out of 12933)
[2025-10-23 09:54:37,634] - [INFO] - Replaced 123 / 12933 tokens (0.95%)
[2025-10-23 09:54:37,829] - [INFO] - Replaced 13 / 1371 tokens (0.95%)
[2025-10-23 09:54:37,836] - [INFO] - Replaced 14 / 2088 tokens (0.67%)
[2025-10-23 09:54:37,837] - [INFO] - ==== Example Sentence ====
[2025-10-23 09:54:37,838] - [INFO] - Original:  30년 전쟁의 승자는 누구인가?
[2025-10-23 09:54:37,838] - [INFO] - Tokenized: ['30년', '전쟁의', '승자는', '누구인가', '?']
[2025-10-23 09:54:37,838] - [INFO] - Replaced:  ['30년', '전쟁의', '승자는', '누구인가', '?']
[2025-10-23 09:54:37,838] - [INFO] - Window:    (tensor([1613,  994, 1112, 2172, 3970]), tensor(1119))
[2025-10-23 09:54:39,055] - [INFO] - Eval Loss: 6.8459 | Perplexity: 940.02 | Accuracy: 13.42% | Top-5 Accuracy: 30.42%
[2025-10-23 09:54:40,142] - [INFO] - Eval Loss: 5.6463 | Perplexity: 283.23 | Accuracy: 18.89% | Top-5 Accuracy: 33.26%
[2025-10-23 09:54:41,111] - [INFO] - Eval Loss: 5.2350 | Perplexity: 187.72 | Accuracy: 21.30% | Top-5 Accuracy: 35.16%
[2025-10-23 09:54:42,079] - [INFO] - Eval Loss: 5.0228 | Perplexity: 151.84 | Accuracy: 22.03% | Top-5 Accuracy: 36.25%
[2025-10-23 09:54:43,033] - [INFO] - Eval Loss: 4.8856 | Perplexity: 132.37 | Accuracy: 23.34% | Top-5 Accuracy: 36.40%
[2025-10-23 09:54:43,972] - [INFO] - Eval Loss: 4.7713 | Perplexity: 118.07 | Accuracy: 23.85% | Top-5 Accuracy: 37.64%
[2025-10-23 09:54:44,947] - [INFO] - Eval Loss: 4.6952 | Perplexity: 109.42 | Accuracy: 24.07% | Top-5 Accuracy: 38.07%
[2025-10-23 09:54:45,907] - [INFO] - Eval Loss: 4.6179 | Perplexity: 101.28 | Accuracy: 24.07% | Top-5 Accuracy: 39.46%
[2025-10-23 09:54:46,909] - [INFO] - Eval Loss: 4.5569 | Perplexity: 95.28 | Accuracy: 24.22% | Top-5 Accuracy: 39.75%
[2025-10-23 09:54:49,740] - [INFO] - Eval Loss: 4.5067 | Perplexity: 90.62 | Accuracy: 24.36% | Top-5 Accuracy: 40.41%
[2025-10-23 09:54:49,740] - [INFO] - 
=== Running combination ===
[2025-10-23 09:54:49,740] - [INFO] - Embed: 64, Hidden: 256, Top fraction: 0.05, Replace: True, Context: 2
[2025-10-23 09:54:51,263] - [INFO] - Train dataset contains 2194 samples
[2025-10-23 09:54:51,263] - [INFO] - Validation dataset contains 228 samples
[2025-10-23 09:54:51,263] - [INFO] - Test dataset contains 356 samples
[2025-10-23 09:54:51,266] - [INFO] - Top 5.00% frequent words (205) out of 4103 total words
[2025-10-23 09:54:51,266] - [INFO] - The fragment to replace is 0.16787383177570095 of the 205 frequent words (7704 out of 12933)
[2025-10-23 09:54:51,290] - [INFO] - Replaced 1334 / 12933 tokens (10.31%)
[2025-10-23 09:54:51,300] - [INFO] - Replaced 134 / 1371 tokens (9.77%)
[2025-10-23 09:54:51,305] - [INFO] - Replaced 178 / 2088 tokens (8.52%)
[2025-10-23 09:54:51,306] - [INFO] - ==== Example Sentence ====
[2025-10-23 09:54:51,306] - [INFO] - Original:  30년 전쟁의 승자는 누구인가?
[2025-10-23 09:54:51,306] - [INFO] - Tokenized: ['30년', '전쟁의', '승자는', '누구인가', '?']
[2025-10-23 09:54:51,306] - [INFO] - Replaced:  ['30년', '전쟁의', '승자는', '누구인가', '?']
[2025-10-23 09:54:51,306] - [INFO] - Window:    (tensor([1613,  994]), tensor(1112))
[2025-10-23 09:54:54,158] - [INFO] - Eval Loss: 7.2801 | Perplexity: 1451.11 | Accuracy: 27.72% | Top-5 Accuracy: 51.50%
[2025-10-23 09:54:57,005] - [INFO] - Eval Loss: 6.0314 | Perplexity: 416.29 | Accuracy: 29.76% | Top-5 Accuracy: 56.02%
[2025-10-23 09:54:59,856] - [INFO] - Eval Loss: 4.9700 | Perplexity: 144.02 | Accuracy: 26.62% | Top-5 Accuracy: 57.99%
[2025-10-23 09:55:02,715] - [INFO] - Eval Loss: 4.6031 | Perplexity: 99.79 | Accuracy: 29.91% | Top-5 Accuracy: 58.13%
[2025-10-23 09:55:05,565] - [INFO] - Eval Loss: 4.4095 | Perplexity: 82.23 | Accuracy: 30.93% | Top-5 Accuracy: 58.42%
[2025-10-23 09:55:08,414] - [INFO] - Eval Loss: 4.2746 | Perplexity: 71.85 | Accuracy: 31.44% | Top-5 Accuracy: 58.72%
[2025-10-23 09:55:11,263] - [INFO] - Eval Loss: 4.1902 | Perplexity: 66.04 | Accuracy: 31.80% | Top-5 Accuracy: 58.86%
[2025-10-23 09:55:14,113] - [INFO] - Eval Loss: 4.1323 | Perplexity: 62.32 | Accuracy: 33.11% | Top-5 Accuracy: 59.37%
[2025-10-23 09:55:16,960] - [INFO] - Eval Loss: 4.0964 | Perplexity: 60.12 | Accuracy: 33.70% | Top-5 Accuracy: 59.66%
[2025-10-23 09:55:19,968] - [INFO] - Eval Loss: 4.0763 | Perplexity: 58.93 | Accuracy: 33.92% | Top-5 Accuracy: 59.81%
[2025-10-23 09:55:19,969] - [INFO] - 
=== Running combination ===
[2025-10-23 09:55:19,969] - [INFO] - Embed: 64, Hidden: 256, Top fraction: 0.05, Replace: True, Context: 2
[2025-10-23 09:55:21,635] - [INFO] - Train dataset contains 2194 samples
[2025-10-23 09:55:21,636] - [INFO] - Validation dataset contains 228 samples
[2025-10-23 09:55:21,636] - [INFO] - Test dataset contains 356 samples
[2025-10-23 09:55:21,639] - [INFO] - Top 5.00% frequent words (205) out of 4103 total words
[2025-10-23 09:55:21,639] - [INFO] - The fragment to replace is 0.08393691588785047 of the 205 frequent words (7704 out of 12933)
[2025-10-23 09:55:21,666] - [INFO] - Replaced 634 / 12933 tokens (4.90%)
[2025-10-23 09:55:21,679] - [INFO] - Replaced 63 / 1371 tokens (4.60%)
[2025-10-23 09:55:21,684] - [INFO] - Replaced 73 / 2088 tokens (3.50%)
[2025-10-23 09:55:21,686] - [INFO] - ==== Example Sentence ====
[2025-10-23 09:55:21,686] - [INFO] - Original:  30년 전쟁의 승자는 누구인가?
[2025-10-23 09:55:21,686] - [INFO] - Tokenized: ['30년', '전쟁의', '승자는', '누구인가', '?']
[2025-10-23 09:55:21,686] - [INFO] - Replaced:  ['30년', '전쟁의', '승자는', '누구인가', '?']
[2025-10-23 09:55:21,686] - [INFO] - Window:    (tensor([1613,  994]), tensor(1112))
[2025-10-23 09:55:24,533] - [INFO] - Eval Loss: 7.4017 | Perplexity: 1638.70 | Accuracy: 16.48% | Top-5 Accuracy: 41.58%
[2025-10-23 09:55:27,371] - [INFO] - Eval Loss: 6.3873 | Perplexity: 594.27 | Accuracy: 17.51% | Top-5 Accuracy: 52.37%
[2025-10-23 09:55:30,209] - [INFO] - Eval Loss: 5.4010 | Perplexity: 221.62 | Accuracy: 17.14% | Top-5 Accuracy: 55.07%
[2025-10-23 09:55:33,046] - [INFO] - Eval Loss: 4.8856 | Perplexity: 132.36 | Accuracy: 17.43% | Top-5 Accuracy: 55.58%
[2025-10-23 09:55:35,883] - [INFO] - Eval Loss: 4.6458 | Perplexity: 104.15 | Accuracy: 17.43% | Top-5 Accuracy: 56.53%
[2025-10-23 09:55:38,715] - [INFO] - Eval Loss: 4.4896 | Perplexity: 89.08 | Accuracy: 25.82% | Top-5 Accuracy: 56.60%
[2025-10-23 09:55:41,550] - [INFO] - Eval Loss: 4.3810 | Perplexity: 79.92 | Accuracy: 26.40% | Top-5 Accuracy: 56.97%
[2025-10-23 09:55:44,388] - [INFO] - Eval Loss: 4.3033 | Perplexity: 73.94 | Accuracy: 21.01% | Top-5 Accuracy: 57.26%
[2025-10-23 09:55:47,230] - [INFO] - Eval Loss: 4.2507 | Perplexity: 70.16 | Accuracy: 21.23% | Top-5 Accuracy: 57.48%
[2025-10-23 09:55:50,069] - [INFO] - Eval Loss: 4.2158 | Perplexity: 67.75 | Accuracy: 21.81% | Top-5 Accuracy: 57.91%
[2025-10-23 09:55:50,069] - [INFO] - 
=== Running combination ===
[2025-10-23 09:55:50,070] - [INFO] - Embed: 64, Hidden: 256, Top fraction: 0.05, Replace: True, Context: 2
[2025-10-23 09:55:51,728] - [INFO] - Train dataset contains 2194 samples
[2025-10-23 09:55:51,728] - [INFO] - Validation dataset contains 228 samples
[2025-10-23 09:55:51,728] - [INFO] - Test dataset contains 356 samples
[2025-10-23 09:55:51,731] - [INFO] - Top 5.00% frequent words (205) out of 4103 total words
[2025-10-23 09:55:51,731] - [INFO] - The fragment to replace is 0.016787383177570094 of the 205 frequent words (7704 out of 12933)
[2025-10-23 09:55:51,758] - [INFO] - Replaced 123 / 12933 tokens (0.95%)
[2025-10-23 09:55:51,931] - [INFO] - Replaced 13 / 1371 tokens (0.95%)
[2025-10-23 09:55:51,937] - [INFO] - Replaced 14 / 2088 tokens (0.67%)
[2025-10-23 09:55:51,939] - [INFO] - ==== Example Sentence ====
[2025-10-23 09:55:51,939] - [INFO] - Original:  30년 전쟁의 승자는 누구인가?
[2025-10-23 09:55:51,939] - [INFO] - Tokenized: ['30년', '전쟁의', '승자는', '누구인가', '?']
[2025-10-23 09:55:51,939] - [INFO] - Replaced:  ['30년', '전쟁의', '승자는', '누구인가', '?']
[2025-10-23 09:55:51,939] - [INFO] - Window:    (tensor([1613,  994]), tensor(1112))
[2025-10-23 09:55:54,785] - [INFO] - Eval Loss: 7.4782 | Perplexity: 1769.00 | Accuracy: 16.70% | Top-5 Accuracy: 27.64%
[2025-10-23 09:55:57,622] - [INFO] - Eval Loss: 6.6032 | Perplexity: 737.45 | Accuracy: 18.16% | Top-5 Accuracy: 31.15%
[2025-10-23 09:56:00,459] - [INFO] - Eval Loss: 5.7860 | Perplexity: 325.69 | Accuracy: 18.09% | Top-5 Accuracy: 32.46%
[2025-10-23 09:56:03,298] - [INFO] - Eval Loss: 5.2861 | Perplexity: 197.58 | Accuracy: 18.23% | Top-5 Accuracy: 33.11%
[2025-10-23 09:56:06,145] - [INFO] - Eval Loss: 4.9838 | Perplexity: 146.03 | Accuracy: 18.38% | Top-5 Accuracy: 33.33%
[2025-10-23 09:56:08,984] - [INFO] - Eval Loss: 4.7942 | Perplexity: 120.81 | Accuracy: 20.79% | Top-5 Accuracy: 34.06%
[2025-10-23 09:56:11,826] - [INFO] - Eval Loss: 4.6690 | Perplexity: 106.59 | Accuracy: 21.37% | Top-5 Accuracy: 34.21%
[2025-10-23 09:56:14,669] - [INFO] - Eval Loss: 4.5793 | Perplexity: 97.44 | Accuracy: 21.95% | Top-5 Accuracy: 34.65%
[2025-10-23 09:56:17,509] - [INFO] - Eval Loss: 4.5151 | Perplexity: 91.39 | Accuracy: 22.54% | Top-5 Accuracy: 35.59%
[2025-10-23 09:56:20,352] - [INFO] - Eval Loss: 4.4668 | Perplexity: 87.08 | Accuracy: 22.68% | Top-5 Accuracy: 36.62%
[2025-10-23 09:56:20,353] - [INFO] - 
=== Running combination ===
[2025-10-23 09:56:20,353] - [INFO] - Embed: 64, Hidden: 256, Top fraction: 0.05, Replace: False, Context: 5
[2025-10-23 09:56:21,885] - [INFO] - Train dataset contains 2194 samples
[2025-10-23 09:56:21,885] - [INFO] - Validation dataset contains 228 samples
[2025-10-23 09:56:21,885] - [INFO] - Test dataset contains 356 samples
[2025-10-23 09:56:21,888] - [INFO] - Top 5.00% frequent words (205) out of 4103 total words
[2025-10-23 09:56:21,888] - [INFO] - The fragment to replace is 6.308780487804879 of the 205 frequent words (205 out of 12933)
[2025-10-23 09:56:21,915] - [INFO] - Replaced 205 / 12933 tokens (1.59%)
[2025-10-23 09:56:21,932] - [INFO] - Replaced 8 / 1371 tokens (0.58%)
[2025-10-23 09:56:21,938] - [INFO] - Replaced 12 / 2088 tokens (0.57%)
[2025-10-23 09:56:21,940] - [INFO] - ==== Example Sentence ====
[2025-10-23 09:56:21,940] - [INFO] - Original:  30년 전쟁의 승자는 누구인가?
[2025-10-23 09:56:21,940] - [INFO] - Tokenized: ['30년', '전쟁의', '승자는', '누구인가', '?']
[2025-10-23 09:56:21,940] - [INFO] - Replaced:  ['30년', '전쟁의', '<UNK', '누구인가', '?']
[2025-10-23 09:56:21,940] - [INFO] - Window:    (tensor([1613,  994, 1112, 1957, 3970]), tensor(1119))
[2025-10-23 09:56:24,794] - [INFO] - Eval Loss: 6.6299 | Perplexity: 757.39 | Accuracy: 14.51% | Top-5 Accuracy: 47.05%
[2025-10-23 09:56:27,629] - [INFO] - Eval Loss: 5.3487 | Perplexity: 210.33 | Accuracy: 19.40% | Top-5 Accuracy: 48.94%
[2025-10-23 09:56:30,471] - [INFO] - Eval Loss: 4.9342 | Perplexity: 138.97 | Accuracy: 21.74% | Top-5 Accuracy: 44.78%
[2025-10-23 09:56:33,309] - [INFO] - Eval Loss: 4.7112 | Perplexity: 111.19 | Accuracy: 23.78% | Top-5 Accuracy: 53.39%
[2025-10-23 09:56:36,153] - [INFO] - Eval Loss: 4.5624 | Perplexity: 95.81 | Accuracy: 25.16% | Top-5 Accuracy: 54.12%
[2025-10-23 09:56:38,994] - [INFO] - Eval Loss: 4.4299 | Perplexity: 83.93 | Accuracy: 25.82% | Top-5 Accuracy: 54.41%
[2025-10-23 09:56:41,837] - [INFO] - Eval Loss: 4.3493 | Perplexity: 77.42 | Accuracy: 26.55% | Top-5 Accuracy: 55.00%
[2025-10-23 09:56:44,683] - [INFO] - Eval Loss: 4.2639 | Perplexity: 71.08 | Accuracy: 29.39% | Top-5 Accuracy: 55.80%
[2025-10-23 09:56:47,524] - [INFO] - Eval Loss: 4.2066 | Perplexity: 67.13 | Accuracy: 29.98% | Top-5 Accuracy: 55.80%
[2025-10-23 09:56:50,358] - [INFO] - Eval Loss: 4.1525 | Perplexity: 63.60 | Accuracy: 30.05% | Top-5 Accuracy: 56.60%
[2025-10-23 09:56:50,358] - [INFO] - 
=== Running combination ===
[2025-10-23 09:56:50,358] - [INFO] - Embed: 64, Hidden: 256, Top fraction: 0.05, Replace: False, Context: 5
[2025-10-23 09:56:52,237] - [INFO] - Train dataset contains 2194 samples
[2025-10-23 09:56:52,237] - [INFO] - Validation dataset contains 228 samples
[2025-10-23 09:56:52,237] - [INFO] - Test dataset contains 356 samples
[2025-10-23 09:56:52,240] - [INFO] - Top 5.00% frequent words (205) out of 4103 total words
[2025-10-23 09:56:52,240] - [INFO] - The fragment to replace is 3.1543902439024394 of the 205 frequent words (205 out of 12933)
[2025-10-23 09:56:52,266] - [INFO] - Replaced 205 / 12933 tokens (1.59%)
[2025-10-23 09:56:52,283] - [INFO] - Replaced 8 / 1371 tokens (0.58%)
[2025-10-23 09:56:52,288] - [INFO] - Replaced 12 / 2088 tokens (0.57%)
[2025-10-23 09:56:52,290] - [INFO] - ==== Example Sentence ====
[2025-10-23 09:56:52,290] - [INFO] - Original:  30년 전쟁의 승자는 누구인가?
[2025-10-23 09:56:52,290] - [INFO] - Tokenized: ['30년', '전쟁의', '승자는', '누구인가', '?']
[2025-10-23 09:56:52,290] - [INFO] - Replaced:  ['30년', '전쟁의', '<UNK', '누구인가', '?']
[2025-10-23 09:56:52,291] - [INFO] - Window:    (tensor([1613,  994, 1112, 1957, 3970]), tensor(1119))
[2025-10-23 09:56:55,129] - [INFO] - Eval Loss: 6.6299 | Perplexity: 757.39 | Accuracy: 14.51% | Top-5 Accuracy: 47.05%
[2025-10-23 09:56:57,953] - [INFO] - Eval Loss: 5.3487 | Perplexity: 210.33 | Accuracy: 19.40% | Top-5 Accuracy: 48.94%
[2025-10-23 09:57:00,779] - [INFO] - Eval Loss: 4.9342 | Perplexity: 138.97 | Accuracy: 21.74% | Top-5 Accuracy: 44.78%
[2025-10-23 09:57:03,607] - [INFO] - Eval Loss: 4.7112 | Perplexity: 111.19 | Accuracy: 23.78% | Top-5 Accuracy: 53.39%
[2025-10-23 09:57:06,436] - [INFO] - Eval Loss: 4.5624 | Perplexity: 95.81 | Accuracy: 25.16% | Top-5 Accuracy: 54.12%
[2025-10-23 09:57:09,266] - [INFO] - Eval Loss: 4.4299 | Perplexity: 83.93 | Accuracy: 25.82% | Top-5 Accuracy: 54.41%
[2025-10-23 09:57:12,093] - [INFO] - Eval Loss: 4.3493 | Perplexity: 77.42 | Accuracy: 26.55% | Top-5 Accuracy: 55.00%
[2025-10-23 09:57:14,923] - [INFO] - Eval Loss: 4.2639 | Perplexity: 71.08 | Accuracy: 29.39% | Top-5 Accuracy: 55.80%
[2025-10-23 09:57:17,755] - [INFO] - Eval Loss: 4.2066 | Perplexity: 67.13 | Accuracy: 29.98% | Top-5 Accuracy: 55.80%
[2025-10-23 09:57:20,586] - [INFO] - Eval Loss: 4.1525 | Perplexity: 63.60 | Accuracy: 30.05% | Top-5 Accuracy: 56.60%
[2025-10-23 09:57:20,586] - [INFO] - 
=== Running combination ===
[2025-10-23 09:57:20,586] - [INFO] - Embed: 64, Hidden: 256, Top fraction: 0.05, Replace: False, Context: 5
[2025-10-23 09:57:22,088] - [INFO] - Train dataset contains 2194 samples
[2025-10-23 09:57:22,088] - [INFO] - Validation dataset contains 228 samples
[2025-10-23 09:57:22,088] - [INFO] - Test dataset contains 356 samples
[2025-10-23 09:57:22,091] - [INFO] - Top 5.00% frequent words (205) out of 4103 total words
[2025-10-23 09:57:22,091] - [INFO] - The fragment to replace is 0.6308780487804879 of the 205 frequent words (205 out of 12933)
[2025-10-23 09:57:22,116] - [INFO] - Replaced 126 / 12933 tokens (0.97%)
[2025-10-23 09:57:22,134] - [INFO] - Replaced 3 / 1371 tokens (0.22%)
[2025-10-23 09:57:22,139] - [INFO] - Replaced 9 / 2088 tokens (0.43%)
[2025-10-23 09:57:22,306] - [INFO] - ==== Example Sentence ====
[2025-10-23 09:57:22,306] - [INFO] - Original:  30년 전쟁의 승자는 누구인가?
[2025-10-23 09:57:22,306] - [INFO] - Tokenized: ['30년', '전쟁의', '승자는', '누구인가', '?']
[2025-10-23 09:57:22,306] - [INFO] - Replaced:  ['30년', '전쟁의', '<UNK', '누구인가', '?']
[2025-10-23 09:57:22,306] - [INFO] - Window:    (tensor([1613,  994, 1112, 1957, 3970]), tensor(1119))
[2025-10-23 09:57:25,169] - [INFO] - Eval Loss: 6.7606 | Perplexity: 863.17 | Accuracy: 14.15% | Top-5 Accuracy: 32.97%
[2025-10-23 09:57:28,024] - [INFO] - Eval Loss: 5.5437 | Perplexity: 255.63 | Accuracy: 19.47% | Top-5 Accuracy: 34.72%
[2025-10-23 09:57:30,873] - [INFO] - Eval Loss: 5.1268 | Perplexity: 168.48 | Accuracy: 21.74% | Top-5 Accuracy: 36.03%
[2025-10-23 09:57:33,725] - [INFO] - Eval Loss: 4.9169 | Perplexity: 136.58 | Accuracy: 22.47% | Top-5 Accuracy: 37.86%
[2025-10-23 09:57:36,576] - [INFO] - Eval Loss: 4.7693 | Perplexity: 117.83 | Accuracy: 24.07% | Top-5 Accuracy: 40.70%
[2025-10-23 09:57:39,426] - [INFO] - Eval Loss: 4.6415 | Perplexity: 103.70 | Accuracy: 24.51% | Top-5 Accuracy: 42.52%
[2025-10-23 09:57:42,279] - [INFO] - Eval Loss: 4.5618 | Perplexity: 95.76 | Accuracy: 24.80% | Top-5 Accuracy: 43.47%
[2025-10-23 09:57:45,129] - [INFO] - Eval Loss: 4.4779 | Perplexity: 88.05 | Accuracy: 24.80% | Top-5 Accuracy: 45.73%
[2025-10-23 09:57:47,990] - [INFO] - Eval Loss: 4.4133 | Perplexity: 82.54 | Accuracy: 25.02% | Top-5 Accuracy: 45.73%
[2025-10-23 09:57:50,842] - [INFO] - Eval Loss: 4.3510 | Perplexity: 77.55 | Accuracy: 25.16% | Top-5 Accuracy: 46.75%
[2025-10-23 09:57:50,843] - [INFO] - 
=== Running combination ===
[2025-10-23 09:57:50,843] - [INFO] - Embed: 64, Hidden: 256, Top fraction: 0.05, Replace: False, Context: 2
[2025-10-23 09:57:52,443] - [INFO] - Train dataset contains 2194 samples
[2025-10-23 09:57:52,443] - [INFO] - Validation dataset contains 228 samples
[2025-10-23 09:57:52,443] - [INFO] - Test dataset contains 356 samples
[2025-10-23 09:57:52,447] - [INFO] - Top 5.00% frequent words (205) out of 4103 total words
[2025-10-23 09:57:52,447] - [INFO] - The fragment to replace is 6.308780487804879 of the 205 frequent words (205 out of 12933)
[2025-10-23 09:57:52,474] - [INFO] - Replaced 205 / 12933 tokens (1.59%)
[2025-10-23 09:57:52,486] - [INFO] - Replaced 8 / 1371 tokens (0.58%)
[2025-10-23 09:57:52,492] - [INFO] - Replaced 12 / 2088 tokens (0.57%)
[2025-10-23 09:57:52,493] - [INFO] - ==== Example Sentence ====
[2025-10-23 09:57:52,493] - [INFO] - Original:  30년 전쟁의 승자는 누구인가?
[2025-10-23 09:57:52,493] - [INFO] - Tokenized: ['30년', '전쟁의', '승자는', '누구인가', '?']
[2025-10-23 09:57:52,493] - [INFO] - Replaced:  ['30년', '전쟁의', '<UNK', '누구인가', '?']
[2025-10-23 09:57:52,493] - [INFO] - Window:    (tensor([1613,  994]), tensor(1112))
[2025-10-23 09:57:53,738] - [INFO] - Eval Loss: 7.4147 | Perplexity: 1660.15 | Accuracy: 16.99% | Top-5 Accuracy: 38.80%
[2025-10-23 09:57:54,955] - [INFO] - Eval Loss: 6.4250 | Perplexity: 617.05 | Accuracy: 18.53% | Top-5 Accuracy: 46.39%
[2025-10-23 09:57:55,991] - [INFO] - Eval Loss: 5.5235 | Perplexity: 250.50 | Accuracy: 18.45% | Top-5 Accuracy: 49.60%
[2025-10-23 09:57:57,037] - [INFO] - Eval Loss: 4.9929 | Perplexity: 147.37 | Accuracy: 18.75% | Top-5 Accuracy: 50.47%
[2025-10-23 09:57:58,102] - [INFO] - Eval Loss: 4.6876 | Perplexity: 108.59 | Accuracy: 18.75% | Top-5 Accuracy: 51.28%
[2025-10-23 09:57:59,130] - [INFO] - Eval Loss: 4.4977 | Perplexity: 89.81 | Accuracy: 21.37% | Top-5 Accuracy: 51.71%
[2025-10-23 09:58:00,169] - [INFO] - Eval Loss: 4.3643 | Perplexity: 78.59 | Accuracy: 22.25% | Top-5 Accuracy: 51.71%
[2025-10-23 09:58:01,213] - [INFO] - Eval Loss: 4.2708 | Perplexity: 71.58 | Accuracy: 24.73% | Top-5 Accuracy: 52.01%
[2025-10-23 09:58:02,243] - [INFO] - Eval Loss: 4.1972 | Perplexity: 66.50 | Accuracy: 25.16% | Top-5 Accuracy: 52.59%
[2025-10-23 09:58:03,315] - [INFO] - Eval Loss: 4.1499 | Perplexity: 63.43 | Accuracy: 25.46% | Top-5 Accuracy: 53.98%
[2025-10-23 09:58:03,315] - [INFO] - 
=== Running combination ===
[2025-10-23 09:58:03,315] - [INFO] - Embed: 64, Hidden: 256, Top fraction: 0.05, Replace: False, Context: 2
[2025-10-23 09:58:05,237] - [INFO] - Train dataset contains 2194 samples
[2025-10-23 09:58:05,237] - [INFO] - Validation dataset contains 228 samples
[2025-10-23 09:58:05,237] - [INFO] - Test dataset contains 356 samples
[2025-10-23 09:58:05,240] - [INFO] - Top 5.00% frequent words (205) out of 4103 total words
[2025-10-23 09:58:05,240] - [INFO] - The fragment to replace is 3.1543902439024394 of the 205 frequent words (205 out of 12933)
[2025-10-23 09:58:05,266] - [INFO] - Replaced 205 / 12933 tokens (1.59%)
[2025-10-23 09:58:05,279] - [INFO] - Replaced 8 / 1371 tokens (0.58%)
[2025-10-23 09:58:05,284] - [INFO] - Replaced 12 / 2088 tokens (0.57%)
[2025-10-23 09:58:05,286] - [INFO] - ==== Example Sentence ====
[2025-10-23 09:58:05,286] - [INFO] - Original:  30년 전쟁의 승자는 누구인가?
[2025-10-23 09:58:05,286] - [INFO] - Tokenized: ['30년', '전쟁의', '승자는', '누구인가', '?']
[2025-10-23 09:58:05,286] - [INFO] - Replaced:  ['30년', '전쟁의', '<UNK', '누구인가', '?']
[2025-10-23 09:58:05,286] - [INFO] - Window:    (tensor([1613,  994]), tensor(1112))
[2025-10-23 09:58:08,145] - [INFO] - Eval Loss: 7.4147 | Perplexity: 1660.15 | Accuracy: 16.99% | Top-5 Accuracy: 38.80%
[2025-10-23 09:58:10,995] - [INFO] - Eval Loss: 6.4250 | Perplexity: 617.05 | Accuracy: 18.53% | Top-5 Accuracy: 46.39%
[2025-10-23 09:58:13,843] - [INFO] - Eval Loss: 5.5235 | Perplexity: 250.50 | Accuracy: 18.45% | Top-5 Accuracy: 49.60%
[2025-10-23 09:58:16,692] - [INFO] - Eval Loss: 4.9929 | Perplexity: 147.37 | Accuracy: 18.75% | Top-5 Accuracy: 50.47%
[2025-10-23 09:58:19,536] - [INFO] - Eval Loss: 4.6876 | Perplexity: 108.59 | Accuracy: 18.75% | Top-5 Accuracy: 51.28%
[2025-10-23 09:58:22,384] - [INFO] - Eval Loss: 4.4977 | Perplexity: 89.81 | Accuracy: 21.37% | Top-5 Accuracy: 51.71%
[2025-10-23 09:58:25,228] - [INFO] - Eval Loss: 4.3643 | Perplexity: 78.59 | Accuracy: 22.25% | Top-5 Accuracy: 51.71%
[2025-10-23 09:58:28,076] - [INFO] - Eval Loss: 4.2708 | Perplexity: 71.58 | Accuracy: 24.73% | Top-5 Accuracy: 52.01%
[2025-10-23 09:58:31,110] - [INFO] - Eval Loss: 4.1972 | Perplexity: 66.50 | Accuracy: 25.16% | Top-5 Accuracy: 52.59%
[2025-10-23 09:58:34,201] - [INFO] - Eval Loss: 4.1499 | Perplexity: 63.43 | Accuracy: 25.46% | Top-5 Accuracy: 53.98%
[2025-10-23 09:58:34,202] - [INFO] - 
=== Running combination ===
[2025-10-23 09:58:34,202] - [INFO] - Embed: 64, Hidden: 256, Top fraction: 0.05, Replace: False, Context: 2
[2025-10-23 09:58:35,910] - [INFO] - Train dataset contains 2194 samples
[2025-10-23 09:58:35,910] - [INFO] - Validation dataset contains 228 samples
[2025-10-23 09:58:35,910] - [INFO] - Test dataset contains 356 samples
[2025-10-23 09:58:35,914] - [INFO] - Top 5.00% frequent words (205) out of 4103 total words
[2025-10-23 09:58:35,914] - [INFO] - The fragment to replace is 0.6308780487804879 of the 205 frequent words (205 out of 12933)
[2025-10-23 09:58:35,940] - [INFO] - Replaced 126 / 12933 tokens (0.97%)
[2025-10-23 09:58:35,955] - [INFO] - Replaced 3 / 1371 tokens (0.22%)
[2025-10-23 09:58:35,961] - [INFO] - Replaced 9 / 2088 tokens (0.43%)
[2025-10-23 09:58:35,963] - [INFO] - ==== Example Sentence ====
[2025-10-23 09:58:35,963] - [INFO] - Original:  30년 전쟁의 승자는 누구인가?
[2025-10-23 09:58:35,963] - [INFO] - Tokenized: ['30년', '전쟁의', '승자는', '누구인가', '?']
[2025-10-23 09:58:35,963] - [INFO] - Replaced:  ['30년', '전쟁의', '<UNK', '누구인가', '?']
[2025-10-23 09:58:35,963] - [INFO] - Window:    (tensor([1613,  994]), tensor(1112))
[2025-10-23 09:58:37,533] - [INFO] - Eval Loss: 7.4527 | Perplexity: 1724.57 | Accuracy: 17.07% | Top-5 Accuracy: 35.38%
[2025-10-23 09:58:38,800] - [INFO] - Eval Loss: 6.5338 | Perplexity: 688.00 | Accuracy: 18.53% | Top-5 Accuracy: 34.50%
[2025-10-23 09:58:39,861] - [INFO] - Eval Loss: 5.6968 | Perplexity: 297.92 | Accuracy: 18.45% | Top-5 Accuracy: 35.89%
[2025-10-23 09:58:40,941] - [INFO] - Eval Loss: 5.1931 | Perplexity: 180.02 | Accuracy: 18.75% | Top-5 Accuracy: 36.69%
[2025-10-23 09:58:41,996] - [INFO] - Eval Loss: 4.8893 | Perplexity: 132.86 | Accuracy: 18.75% | Top-5 Accuracy: 36.69%
[2025-10-23 09:58:43,060] - [INFO] - Eval Loss: 4.6971 | Perplexity: 109.63 | Accuracy: 21.59% | Top-5 Accuracy: 36.76%
[2025-10-23 09:58:44,130] - [INFO] - Eval Loss: 4.5639 | Perplexity: 95.96 | Accuracy: 22.25% | Top-5 Accuracy: 43.98%
[2025-10-23 09:58:45,217] - [INFO] - Eval Loss: 4.4698 | Perplexity: 87.34 | Accuracy: 22.47% | Top-5 Accuracy: 44.42%
[2025-10-23 09:58:46,302] - [INFO] - Eval Loss: 4.3947 | Perplexity: 81.02 | Accuracy: 22.90% | Top-5 Accuracy: 45.15%
[2025-10-23 09:58:48,064] - [INFO] - Eval Loss: 4.3413 | Perplexity: 76.81 | Accuracy: 23.19% | Top-5 Accuracy: 46.61%
[2025-10-23 09:58:48,064] - [INFO] - 
=== Running combination ===
[2025-10-23 09:58:48,064] - [INFO] - Embed: 64, Hidden: 256, Top fraction: 0.1, Replace: True, Context: 5
[2025-10-23 09:58:49,606] - [INFO] - Train dataset contains 2194 samples
[2025-10-23 09:58:49,606] - [INFO] - Validation dataset contains 228 samples
[2025-10-23 09:58:49,606] - [INFO] - Test dataset contains 356 samples
[2025-10-23 09:58:49,609] - [INFO] - Top 10.00% frequent words (410) out of 4103 total words
[2025-10-23 09:58:49,609] - [INFO] - The fragment to replace is 0.1521708436286622 of the 410 frequent words (8499 out of 12933)
[2025-10-23 09:58:49,638] - [INFO] - Replaced 1334 / 12933 tokens (10.31%)
[2025-10-23 09:58:49,827] - [INFO] - Replaced 114 / 1371 tokens (8.32%)
[2025-10-23 09:58:49,833] - [INFO] - Replaced 200 / 2088 tokens (9.58%)
[2025-10-23 09:58:49,835] - [INFO] - ==== Example Sentence ====
[2025-10-23 09:58:49,835] - [INFO] - Original:  30년 전쟁의 승자는 누구인가?
[2025-10-23 09:58:49,835] - [INFO] - Tokenized: ['30년', '전쟁의', '승자는', '누구인가', '?']
[2025-10-23 09:58:49,835] - [INFO] - Replaced:  ['30년', '전쟁의', '승자는', '누구인가', '<UNK']
[2025-10-23 09:58:49,835] - [INFO] - Window:    (tensor([1613,  994, 1112, 2172, 3970]), tensor(1957))
[2025-10-23 09:58:52,693] - [INFO] - Eval Loss: 5.9620 | Perplexity: 388.37 | Accuracy: 33.04% | Top-5 Accuracy: 52.74%
[2025-10-23 09:58:55,544] - [INFO] - Eval Loss: 4.8822 | Perplexity: 131.92 | Accuracy: 35.16% | Top-5 Accuracy: 55.07%
[2025-10-23 09:58:58,398] - [INFO] - Eval Loss: 4.6140 | Perplexity: 100.88 | Accuracy: 35.23% | Top-5 Accuracy: 58.21%
[2025-10-23 09:59:01,249] - [INFO] - Eval Loss: 4.4465 | Perplexity: 85.33 | Accuracy: 35.81% | Top-5 Accuracy: 60.10%
[2025-10-23 09:59:04,102] - [INFO] - Eval Loss: 4.3356 | Perplexity: 76.37 | Accuracy: 36.54% | Top-5 Accuracy: 59.96%
[2025-10-23 09:59:06,954] - [INFO] - Eval Loss: 4.2465 | Perplexity: 69.86 | Accuracy: 37.13% | Top-5 Accuracy: 59.96%
[2025-10-23 09:59:09,807] - [INFO] - Eval Loss: 4.2039 | Perplexity: 66.95 | Accuracy: 37.05% | Top-5 Accuracy: 60.03%
[2025-10-23 09:59:12,658] - [INFO] - Eval Loss: 4.1339 | Perplexity: 62.42 | Accuracy: 37.56% | Top-5 Accuracy: 60.25%
[2025-10-23 09:59:15,514] - [INFO] - Eval Loss: 4.0893 | Perplexity: 59.70 | Accuracy: 38.44% | Top-5 Accuracy: 60.83%
[2025-10-23 09:59:18,365] - [INFO] - Eval Loss: 4.0657 | Perplexity: 58.30 | Accuracy: 38.51% | Top-5 Accuracy: 61.20%
[2025-10-23 09:59:18,365] - [INFO] - 
=== Running combination ===
[2025-10-23 09:59:18,365] - [INFO] - Embed: 64, Hidden: 256, Top fraction: 0.1, Replace: True, Context: 5
[2025-10-23 09:59:20,736] - [INFO] - Train dataset contains 2194 samples
[2025-10-23 09:59:20,736] - [INFO] - Validation dataset contains 228 samples
[2025-10-23 09:59:20,736] - [INFO] - Test dataset contains 356 samples
[2025-10-23 09:59:20,739] - [INFO] - Top 10.00% frequent words (410) out of 4103 total words
[2025-10-23 09:59:20,739] - [INFO] - The fragment to replace is 0.0760854218143311 of the 410 frequent words (8499 out of 12933)
[2025-10-23 09:59:20,767] - [INFO] - Replaced 621 / 12933 tokens (4.80%)
[2025-10-23 09:59:20,784] - [INFO] - Replaced 49 / 1371 tokens (3.57%)
[2025-10-23 09:59:20,790] - [INFO] - Replaced 92 / 2088 tokens (4.41%)
[2025-10-23 09:59:20,792] - [INFO] - ==== Example Sentence ====
[2025-10-23 09:59:20,792] - [INFO] - Original:  30년 전쟁의 승자는 누구인가?
[2025-10-23 09:59:20,792] - [INFO] - Tokenized: ['30년', '전쟁의', '승자는', '누구인가', '?']
[2025-10-23 09:59:20,792] - [INFO] - Replaced:  ['30년', '전쟁의', '승자는', '누구인가', '<UNK']
[2025-10-23 09:59:20,792] - [INFO] - Window:    (tensor([1613,  994, 1112, 2172, 3970]), tensor(1957))
[2025-10-23 09:59:23,653] - [INFO] - Eval Loss: 6.4758 | Perplexity: 649.24 | Accuracy: 14.22% | Top-5 Accuracy: 51.42%
[2025-10-23 09:59:26,501] - [INFO] - Eval Loss: 5.1942 | Perplexity: 180.22 | Accuracy: 18.67% | Top-5 Accuracy: 53.61%
[2025-10-23 09:59:29,343] - [INFO] - Eval Loss: 4.8375 | Perplexity: 126.15 | Accuracy: 21.15% | Top-5 Accuracy: 56.02%
[2025-10-23 09:59:32,195] - [INFO] - Eval Loss: 4.6391 | Perplexity: 103.45 | Accuracy: 22.90% | Top-5 Accuracy: 57.33%
[2025-10-23 09:59:35,049] - [INFO] - Eval Loss: 4.5125 | Perplexity: 91.15 | Accuracy: 24.51% | Top-5 Accuracy: 57.40%
[2025-10-23 09:59:37,897] - [INFO] - Eval Loss: 4.4030 | Perplexity: 81.69 | Accuracy: 26.55% | Top-5 Accuracy: 57.55%
[2025-10-23 09:59:40,750] - [INFO] - Eval Loss: 4.3411 | Perplexity: 76.79 | Accuracy: 26.48% | Top-5 Accuracy: 57.99%
[2025-10-23 09:59:43,603] - [INFO] - Eval Loss: 4.2632 | Perplexity: 71.04 | Accuracy: 26.99% | Top-5 Accuracy: 58.13%
[2025-10-23 09:59:46,453] - [INFO] - Eval Loss: 4.2057 | Perplexity: 67.07 | Accuracy: 27.13% | Top-5 Accuracy: 58.94%
[2025-10-23 09:59:49,306] - [INFO] - Eval Loss: 4.1786 | Perplexity: 65.27 | Accuracy: 26.91% | Top-5 Accuracy: 59.52%
[2025-10-23 09:59:49,306] - [INFO] - 
=== Running combination ===
[2025-10-23 09:59:49,306] - [INFO] - Embed: 64, Hidden: 256, Top fraction: 0.1, Replace: True, Context: 5
[2025-10-23 09:59:50,821] - [INFO] - Train dataset contains 2194 samples
[2025-10-23 09:59:50,821] - [INFO] - Validation dataset contains 228 samples
[2025-10-23 09:59:50,821] - [INFO] - Test dataset contains 356 samples
[2025-10-23 09:59:50,824] - [INFO] - Top 10.00% frequent words (410) out of 4103 total words
[2025-10-23 09:59:50,824] - [INFO] - The fragment to replace is 0.01521708436286622 of the 410 frequent words (8499 out of 12933)
[2025-10-23 09:59:50,851] - [INFO] - Replaced 124 / 12933 tokens (0.96%)
[2025-10-23 09:59:50,868] - [INFO] - Replaced 9 / 1371 tokens (0.66%)
[2025-10-23 09:59:50,874] - [INFO] - Replaced 19 / 2088 tokens (0.91%)
[2025-10-23 09:59:50,877] - [INFO] - ==== Example Sentence ====
[2025-10-23 09:59:50,877] - [INFO] - Original:  30년 전쟁의 승자는 누구인가?
[2025-10-23 09:59:50,877] - [INFO] - Tokenized: ['30년', '전쟁의', '승자는', '누구인가', '?']
[2025-10-23 09:59:50,877] - [INFO] - Replaced:  ['30년', '전쟁의', '승자는', '누구인가', '?']
[2025-10-23 09:59:50,877] - [INFO] - Window:    (tensor([1613,  994, 1112, 2172, 3970]), tensor(1119))
[2025-10-23 09:59:53,738] - [INFO] - Eval Loss: 6.8443 | Perplexity: 938.49 | Accuracy: 13.57% | Top-5 Accuracy: 30.56%
[2025-10-23 09:59:56,592] - [INFO] - Eval Loss: 5.6312 | Perplexity: 279.00 | Accuracy: 19.40% | Top-5 Accuracy: 33.48%
[2025-10-23 09:59:59,443] - [INFO] - Eval Loss: 5.2188 | Perplexity: 184.72 | Accuracy: 21.66% | Top-5 Accuracy: 35.08%
[2025-10-23 10:00:02,293] - [INFO] - Eval Loss: 5.0098 | Perplexity: 149.87 | Accuracy: 22.32% | Top-5 Accuracy: 36.76%
[2025-10-23 10:00:05,140] - [INFO] - Eval Loss: 4.8715 | Perplexity: 130.51 | Accuracy: 23.63% | Top-5 Accuracy: 36.62%
[2025-10-23 10:00:08,000] - [INFO] - Eval Loss: 4.7610 | Perplexity: 116.86 | Accuracy: 24.29% | Top-5 Accuracy: 37.71%
[2025-10-23 10:00:10,837] - [INFO] - Eval Loss: 4.6840 | Perplexity: 108.21 | Accuracy: 24.43% | Top-5 Accuracy: 38.51%
[2025-10-23 10:00:13,677] - [INFO] - Eval Loss: 4.6147 | Perplexity: 100.96 | Accuracy: 24.36% | Top-5 Accuracy: 39.46%
[2025-10-23 10:00:16,513] - [INFO] - Eval Loss: 4.5486 | Perplexity: 94.50 | Accuracy: 24.73% | Top-5 Accuracy: 39.82%
[2025-10-23 10:00:19,360] - [INFO] - Eval Loss: 4.5051 | Perplexity: 90.48 | Accuracy: 24.87% | Top-5 Accuracy: 40.19%
[2025-10-23 10:00:19,360] - [INFO] - 
=== Running combination ===
[2025-10-23 10:00:19,360] - [INFO] - Embed: 64, Hidden: 256, Top fraction: 0.1, Replace: True, Context: 2
[2025-10-23 10:00:20,948] - [INFO] - Train dataset contains 2194 samples
[2025-10-23 10:00:20,948] - [INFO] - Validation dataset contains 228 samples
[2025-10-23 10:00:20,948] - [INFO] - Test dataset contains 356 samples
[2025-10-23 10:00:20,951] - [INFO] - Top 10.00% frequent words (410) out of 4103 total words
[2025-10-23 10:00:20,951] - [INFO] - The fragment to replace is 0.1521708436286622 of the 410 frequent words (8499 out of 12933)
[2025-10-23 10:00:21,155] - [INFO] - Replaced 1334 / 12933 tokens (10.31%)
[2025-10-23 10:00:21,167] - [INFO] - Replaced 114 / 1371 tokens (8.32%)
[2025-10-23 10:00:21,173] - [INFO] - Replaced 200 / 2088 tokens (9.58%)
[2025-10-23 10:00:21,174] - [INFO] - ==== Example Sentence ====
[2025-10-23 10:00:21,174] - [INFO] - Original:  30년 전쟁의 승자는 누구인가?
[2025-10-23 10:00:21,174] - [INFO] - Tokenized: ['30년', '전쟁의', '승자는', '누구인가', '?']
[2025-10-23 10:00:21,174] - [INFO] - Replaced:  ['30년', '전쟁의', '승자는', '누구인가', '<UNK']
[2025-10-23 10:00:21,175] - [INFO] - Window:    (tensor([1613,  994]), tensor(1112))
[2025-10-23 10:00:24,019] - [INFO] - Eval Loss: 7.2719 | Perplexity: 1439.31 | Accuracy: 26.84% | Top-5 Accuracy: 50.04%
[2025-10-23 10:00:26,852] - [INFO] - Eval Loss: 6.0085 | Perplexity: 406.89 | Accuracy: 29.91% | Top-5 Accuracy: 56.16%
[2025-10-23 10:00:29,683] - [INFO] - Eval Loss: 4.9863 | Perplexity: 146.39 | Accuracy: 26.99% | Top-5 Accuracy: 57.84%
[2025-10-23 10:00:32,521] - [INFO] - Eval Loss: 4.6331 | Perplexity: 102.83 | Accuracy: 30.71% | Top-5 Accuracy: 57.99%
[2025-10-23 10:00:35,363] - [INFO] - Eval Loss: 4.4293 | Perplexity: 83.88 | Accuracy: 31.22% | Top-5 Accuracy: 58.21%
[2025-10-23 10:00:38,216] - [INFO] - Eval Loss: 4.2810 | Perplexity: 72.32 | Accuracy: 31.44% | Top-5 Accuracy: 58.35%
[2025-10-23 10:00:41,057] - [INFO] - Eval Loss: 4.1906 | Perplexity: 66.06 | Accuracy: 32.46% | Top-5 Accuracy: 58.86%
[2025-10-23 10:00:43,899] - [INFO] - Eval Loss: 4.1301 | Perplexity: 62.18 | Accuracy: 32.60% | Top-5 Accuracy: 58.94%
[2025-10-23 10:00:46,743] - [INFO] - Eval Loss: 4.0925 | Perplexity: 59.89 | Accuracy: 33.04% | Top-5 Accuracy: 59.15%
[2025-10-23 10:00:49,588] - [INFO] - Eval Loss: 4.0674 | Perplexity: 58.41 | Accuracy: 33.92% | Top-5 Accuracy: 59.30%
[2025-10-23 10:00:49,588] - [INFO] - 
=== Running combination ===
[2025-10-23 10:00:49,588] - [INFO] - Embed: 64, Hidden: 256, Top fraction: 0.1, Replace: True, Context: 2
[2025-10-23 10:00:51,362] - [INFO] - Train dataset contains 2194 samples
[2025-10-23 10:00:51,362] - [INFO] - Validation dataset contains 228 samples
[2025-10-23 10:00:51,362] - [INFO] - Test dataset contains 356 samples
[2025-10-23 10:00:51,365] - [INFO] - Top 10.00% frequent words (410) out of 4103 total words
[2025-10-23 10:00:51,365] - [INFO] - The fragment to replace is 0.0760854218143311 of the 410 frequent words (8499 out of 12933)
[2025-10-23 10:00:51,392] - [INFO] - Replaced 621 / 12933 tokens (4.80%)
[2025-10-23 10:00:51,405] - [INFO] - Replaced 49 / 1371 tokens (3.57%)
[2025-10-23 10:00:51,411] - [INFO] - Replaced 92 / 2088 tokens (4.41%)
[2025-10-23 10:00:51,413] - [INFO] - ==== Example Sentence ====
[2025-10-23 10:00:51,413] - [INFO] - Original:  30년 전쟁의 승자는 누구인가?
[2025-10-23 10:00:51,413] - [INFO] - Tokenized: ['30년', '전쟁의', '승자는', '누구인가', '?']
[2025-10-23 10:00:51,413] - [INFO] - Replaced:  ['30년', '전쟁의', '승자는', '누구인가', '<UNK']
[2025-10-23 10:00:51,413] - [INFO] - Window:    (tensor([1613,  994]), tensor(1112))
[2025-10-23 10:00:54,274] - [INFO] - Eval Loss: 7.3833 | Perplexity: 1608.87 | Accuracy: 17.29% | Top-5 Accuracy: 45.73%
[2025-10-23 10:00:57,119] - [INFO] - Eval Loss: 6.3456 | Perplexity: 569.96 | Accuracy: 18.23% | Top-5 Accuracy: 53.54%
[2025-10-23 10:00:59,964] - [INFO] - Eval Loss: 5.3565 | Perplexity: 211.97 | Accuracy: 17.65% | Top-5 Accuracy: 55.07%
[2025-10-23 10:01:02,810] - [INFO] - Eval Loss: 4.8503 | Perplexity: 127.77 | Accuracy: 18.16% | Top-5 Accuracy: 55.58%
[2025-10-23 10:01:05,651] - [INFO] - Eval Loss: 4.6115 | Perplexity: 100.63 | Accuracy: 25.75% | Top-5 Accuracy: 56.31%
[2025-10-23 10:01:08,493] - [INFO] - Eval Loss: 4.4495 | Perplexity: 85.58 | Accuracy: 27.06% | Top-5 Accuracy: 56.53%
[2025-10-23 10:01:11,340] - [INFO] - Eval Loss: 4.3378 | Perplexity: 76.54 | Accuracy: 27.79% | Top-5 Accuracy: 56.46%
[2025-10-23 10:01:14,184] - [INFO] - Eval Loss: 4.2637 | Perplexity: 71.07 | Accuracy: 22.03% | Top-5 Accuracy: 56.75%
[2025-10-23 10:01:17,032] - [INFO] - Eval Loss: 4.2131 | Perplexity: 67.57 | Accuracy: 22.10% | Top-5 Accuracy: 56.97%
[2025-10-23 10:01:19,884] - [INFO] - Eval Loss: 4.1771 | Perplexity: 65.18 | Accuracy: 22.47% | Top-5 Accuracy: 57.40%
[2025-10-23 10:01:19,885] - [INFO] - 
=== Running combination ===
[2025-10-23 10:01:19,885] - [INFO] - Embed: 64, Hidden: 256, Top fraction: 0.1, Replace: True, Context: 2
[2025-10-23 10:01:21,540] - [INFO] - Train dataset contains 2194 samples
[2025-10-23 10:01:21,540] - [INFO] - Validation dataset contains 228 samples
[2025-10-23 10:01:21,540] - [INFO] - Test dataset contains 356 samples
[2025-10-23 10:01:21,543] - [INFO] - Top 10.00% frequent words (410) out of 4103 total words
[2025-10-23 10:01:21,543] - [INFO] - The fragment to replace is 0.01521708436286622 of the 410 frequent words (8499 out of 12933)
[2025-10-23 10:01:21,570] - [INFO] - Replaced 124 / 12933 tokens (0.96%)
[2025-10-23 10:01:21,583] - [INFO] - Replaced 9 / 1371 tokens (0.66%)
[2025-10-23 10:01:21,589] - [INFO] - Replaced 19 / 2088 tokens (0.91%)
[2025-10-23 10:01:21,590] - [INFO] - ==== Example Sentence ====
[2025-10-23 10:01:21,590] - [INFO] - Original:  30년 전쟁의 승자는 누구인가?
[2025-10-23 10:01:21,590] - [INFO] - Tokenized: ['30년', '전쟁의', '승자는', '누구인가', '?']
[2025-10-23 10:01:21,590] - [INFO] - Replaced:  ['30년', '전쟁의', '승자는', '누구인가', '?']
[2025-10-23 10:01:21,591] - [INFO] - Window:    (tensor([1613,  994]), tensor(1112))
[2025-10-23 10:01:22,738] - [INFO] - Eval Loss: 7.4700 | Perplexity: 1754.57 | Accuracy: 16.99% | Top-5 Accuracy: 27.86%
[2025-10-23 10:01:23,869] - [INFO] - Eval Loss: 6.5895 | Perplexity: 727.43 | Accuracy: 18.38% | Top-5 Accuracy: 31.80%
[2025-10-23 10:01:24,785] - [INFO] - Eval Loss: 5.7705 | Perplexity: 320.70 | Accuracy: 18.31% | Top-5 Accuracy: 32.97%
[2025-10-23 10:01:25,735] - [INFO] - Eval Loss: 5.2717 | Perplexity: 194.74 | Accuracy: 18.38% | Top-5 Accuracy: 33.55%
[2025-10-23 10:01:26,696] - [INFO] - Eval Loss: 4.9714 | Perplexity: 144.23 | Accuracy: 18.60% | Top-5 Accuracy: 33.92%
[2025-10-23 10:01:27,617] - [INFO] - Eval Loss: 4.7835 | Perplexity: 119.52 | Accuracy: 21.15% | Top-5 Accuracy: 34.43%
[2025-10-23 10:01:28,571] - [INFO] - Eval Loss: 4.6576 | Perplexity: 105.38 | Accuracy: 22.03% | Top-5 Accuracy: 34.43%
[2025-10-23 10:01:29,516] - [INFO] - Eval Loss: 4.5692 | Perplexity: 96.47 | Accuracy: 22.25% | Top-5 Accuracy: 34.87%
[2025-10-23 10:01:30,478] - [INFO] - Eval Loss: 4.5032 | Perplexity: 90.30 | Accuracy: 22.68% | Top-5 Accuracy: 36.03%
[2025-10-23 10:01:31,421] - [INFO] - Eval Loss: 4.4541 | Perplexity: 85.98 | Accuracy: 22.68% | Top-5 Accuracy: 36.18%
[2025-10-23 10:01:31,422] - [INFO] - 
=== Running combination ===
[2025-10-23 10:01:31,422] - [INFO] - Embed: 64, Hidden: 256, Top fraction: 0.1, Replace: False, Context: 5
[2025-10-23 10:01:33,011] - [INFO] - Train dataset contains 2194 samples
[2025-10-23 10:01:33,011] - [INFO] - Validation dataset contains 228 samples
[2025-10-23 10:01:33,011] - [INFO] - Test dataset contains 356 samples
[2025-10-23 10:01:33,014] - [INFO] - Top 10.00% frequent words (410) out of 4103 total words
[2025-10-23 10:01:33,014] - [INFO] - The fragment to replace is 3.1543902439024394 of the 410 frequent words (410 out of 12933)
[2025-10-23 10:01:33,199] - [INFO] - Replaced 410 / 12933 tokens (3.17%)
[2025-10-23 10:01:33,215] - [INFO] - Replaced 14 / 1371 tokens (1.02%)
[2025-10-23 10:01:33,221] - [INFO] - Replaced 29 / 2088 tokens (1.39%)
[2025-10-23 10:01:33,223] - [INFO] - ==== Example Sentence ====
[2025-10-23 10:01:33,223] - [INFO] - Original:  30년 전쟁의 승자는 누구인가?
[2025-10-23 10:01:33,223] - [INFO] - Tokenized: ['30년', '전쟁의', '승자는', '누구인가', '?']
[2025-10-23 10:01:33,223] - [INFO] - Replaced:  ['30년', '전쟁의', '<UNK', '누구인가', '?']
[2025-10-23 10:01:33,224] - [INFO] - Window:    (tensor([1613,  994, 1112, 1957, 3970]), tensor(1119))
[2025-10-23 10:01:36,079] - [INFO] - Eval Loss: 6.3535 | Perplexity: 574.48 | Accuracy: 15.24% | Top-5 Accuracy: 50.33%
[2025-10-23 10:01:38,926] - [INFO] - Eval Loss: 5.0845 | Perplexity: 161.51 | Accuracy: 19.47% | Top-5 Accuracy: 52.44%
[2025-10-23 10:01:41,776] - [INFO] - Eval Loss: 4.7054 | Perplexity: 110.54 | Accuracy: 25.82% | Top-5 Accuracy: 55.14%
[2025-10-23 10:01:44,620] - [INFO] - Eval Loss: 4.4839 | Perplexity: 88.58 | Accuracy: 27.50% | Top-5 Accuracy: 56.09%
[2025-10-23 10:01:47,464] - [INFO] - Eval Loss: 4.3465 | Perplexity: 77.21 | Accuracy: 29.47% | Top-5 Accuracy: 56.38%
[2025-10-23 10:01:50,313] - [INFO] - Eval Loss: 4.2351 | Perplexity: 69.07 | Accuracy: 29.98% | Top-5 Accuracy: 56.53%
[2025-10-23 10:01:53,166] - [INFO] - Eval Loss: 4.1632 | Perplexity: 64.28 | Accuracy: 30.42% | Top-5 Accuracy: 56.97%
[2025-10-23 10:01:56,010] - [INFO] - Eval Loss: 4.0834 | Perplexity: 59.35 | Accuracy: 30.78% | Top-5 Accuracy: 58.42%
[2025-10-23 10:01:58,860] - [INFO] - Eval Loss: 4.0383 | Perplexity: 56.73 | Accuracy: 31.22% | Top-5 Accuracy: 57.77%
[2025-10-23 10:02:01,703] - [INFO] - Eval Loss: 3.9937 | Perplexity: 54.25 | Accuracy: 31.15% | Top-5 Accuracy: 58.21%
[2025-10-23 10:02:01,703] - [INFO] - 
=== Running combination ===
[2025-10-23 10:02:01,703] - [INFO] - Embed: 64, Hidden: 256, Top fraction: 0.1, Replace: False, Context: 5
[2025-10-23 10:02:03,433] - [INFO] - Train dataset contains 2194 samples
[2025-10-23 10:02:03,433] - [INFO] - Validation dataset contains 228 samples
[2025-10-23 10:02:03,433] - [INFO] - Test dataset contains 356 samples
[2025-10-23 10:02:03,436] - [INFO] - Top 10.00% frequent words (410) out of 4103 total words
[2025-10-23 10:02:03,436] - [INFO] - The fragment to replace is 1.5771951219512197 of the 410 frequent words (410 out of 12933)
[2025-10-23 10:02:03,462] - [INFO] - Replaced 410 / 12933 tokens (3.17%)
[2025-10-23 10:02:03,478] - [INFO] - Replaced 14 / 1371 tokens (1.02%)
[2025-10-23 10:02:03,484] - [INFO] - Replaced 29 / 2088 tokens (1.39%)
[2025-10-23 10:02:03,486] - [INFO] - ==== Example Sentence ====
[2025-10-23 10:02:03,486] - [INFO] - Original:  30년 전쟁의 승자는 누구인가?
[2025-10-23 10:02:03,486] - [INFO] - Tokenized: ['30년', '전쟁의', '승자는', '누구인가', '?']
[2025-10-23 10:02:03,486] - [INFO] - Replaced:  ['30년', '전쟁의', '<UNK', '누구인가', '?']
[2025-10-23 10:02:03,487] - [INFO] - Window:    (tensor([1613,  994, 1112, 1957, 3970]), tensor(1119))
[2025-10-23 10:02:06,335] - [INFO] - Eval Loss: 6.3535 | Perplexity: 574.48 | Accuracy: 15.24% | Top-5 Accuracy: 50.33%
[2025-10-23 10:02:09,170] - [INFO] - Eval Loss: 5.0845 | Perplexity: 161.51 | Accuracy: 19.47% | Top-5 Accuracy: 52.44%
[2025-10-23 10:02:12,003] - [INFO] - Eval Loss: 4.7054 | Perplexity: 110.54 | Accuracy: 25.82% | Top-5 Accuracy: 55.14%
[2025-10-23 10:02:14,837] - [INFO] - Eval Loss: 4.4839 | Perplexity: 88.58 | Accuracy: 27.50% | Top-5 Accuracy: 56.09%
[2025-10-23 10:02:17,675] - [INFO] - Eval Loss: 4.3465 | Perplexity: 77.21 | Accuracy: 29.47% | Top-5 Accuracy: 56.38%
[2025-10-23 10:02:20,509] - [INFO] - Eval Loss: 4.2351 | Perplexity: 69.07 | Accuracy: 29.98% | Top-5 Accuracy: 56.53%
[2025-10-23 10:02:23,349] - [INFO] - Eval Loss: 4.1632 | Perplexity: 64.28 | Accuracy: 30.42% | Top-5 Accuracy: 56.97%
[2025-10-23 10:02:26,189] - [INFO] - Eval Loss: 4.0834 | Perplexity: 59.35 | Accuracy: 30.78% | Top-5 Accuracy: 58.42%
[2025-10-23 10:02:29,024] - [INFO] - Eval Loss: 4.0383 | Perplexity: 56.73 | Accuracy: 31.22% | Top-5 Accuracy: 57.77%
[2025-10-23 10:02:31,862] - [INFO] - Eval Loss: 3.9937 | Perplexity: 54.25 | Accuracy: 31.15% | Top-5 Accuracy: 58.21%
[2025-10-23 10:02:31,862] - [INFO] - 
=== Running combination ===
[2025-10-23 10:02:31,862] - [INFO] - Embed: 64, Hidden: 256, Top fraction: 0.1, Replace: False, Context: 5
[2025-10-23 10:02:33,360] - [INFO] - Train dataset contains 2194 samples
[2025-10-23 10:02:33,360] - [INFO] - Validation dataset contains 228 samples
[2025-10-23 10:02:33,360] - [INFO] - Test dataset contains 356 samples
[2025-10-23 10:02:33,363] - [INFO] - Top 10.00% frequent words (410) out of 4103 total words
[2025-10-23 10:02:33,363] - [INFO] - The fragment to replace is 0.31543902439024396 of the 410 frequent words (410 out of 12933)
[2025-10-23 10:02:33,390] - [INFO] - Replaced 141 / 12933 tokens (1.09%)
[2025-10-23 10:02:33,406] - [INFO] - Replaced 5 / 1371 tokens (0.36%)
[2025-10-23 10:02:33,412] - [INFO] - Replaced 13 / 2088 tokens (0.62%)
[2025-10-23 10:02:33,414] - [INFO] - ==== Example Sentence ====
[2025-10-23 10:02:33,414] - [INFO] - Original:  30년 전쟁의 승자는 누구인가?
[2025-10-23 10:02:33,414] - [INFO] - Tokenized: ['30년', '전쟁의', '승자는', '누구인가', '?']
[2025-10-23 10:02:33,414] - [INFO] - Replaced:  ['30년', '전쟁의', '<UNK', '누구인가', '?']
[2025-10-23 10:02:33,414] - [INFO] - Window:    (tensor([1613,  994, 1112, 1957, 3970]), tensor(1119))
[2025-10-23 10:02:36,261] - [INFO] - Eval Loss: 6.7443 | Perplexity: 849.23 | Accuracy: 14.08% | Top-5 Accuracy: 33.11%
[2025-10-23 10:02:39,094] - [INFO] - Eval Loss: 5.5243 | Perplexity: 250.70 | Accuracy: 19.55% | Top-5 Accuracy: 34.50%
[2025-10-23 10:02:41,933] - [INFO] - Eval Loss: 5.1047 | Perplexity: 164.79 | Accuracy: 21.74% | Top-5 Accuracy: 36.11%
[2025-10-23 10:02:44,770] - [INFO] - Eval Loss: 4.8988 | Perplexity: 134.12 | Accuracy: 22.47% | Top-5 Accuracy: 38.07%
[2025-10-23 10:02:47,609] - [INFO] - Eval Loss: 4.7478 | Perplexity: 115.33 | Accuracy: 24.07% | Top-5 Accuracy: 40.85%
[2025-10-23 10:02:50,442] - [INFO] - Eval Loss: 4.6235 | Perplexity: 101.85 | Accuracy: 24.43% | Top-5 Accuracy: 42.60%
[2025-10-23 10:02:53,280] - [INFO] - Eval Loss: 4.5456 | Perplexity: 94.21 | Accuracy: 24.80% | Top-5 Accuracy: 43.11%
[2025-10-23 10:02:56,131] - [INFO] - Eval Loss: 4.4605 | Perplexity: 86.53 | Accuracy: 24.73% | Top-5 Accuracy: 43.91%
[2025-10-23 10:02:58,970] - [INFO] - Eval Loss: 4.3999 | Perplexity: 81.44 | Accuracy: 25.02% | Top-5 Accuracy: 43.98%
[2025-10-23 10:03:01,807] - [INFO] - Eval Loss: 4.3488 | Perplexity: 77.39 | Accuracy: 25.09% | Top-5 Accuracy: 51.64%
[2025-10-23 10:03:01,807] - [INFO] - 
=== Running combination ===
[2025-10-23 10:03:01,807] - [INFO] - Embed: 64, Hidden: 256, Top fraction: 0.1, Replace: False, Context: 2
[2025-10-23 10:03:03,512] - [INFO] - Train dataset contains 2194 samples
[2025-10-23 10:03:03,513] - [INFO] - Validation dataset contains 228 samples
[2025-10-23 10:03:03,513] - [INFO] - Test dataset contains 356 samples
[2025-10-23 10:03:03,516] - [INFO] - Top 10.00% frequent words (410) out of 4103 total words
[2025-10-23 10:03:03,516] - [INFO] - The fragment to replace is 3.1543902439024394 of the 410 frequent words (410 out of 12933)
[2025-10-23 10:03:03,542] - [INFO] - Replaced 410 / 12933 tokens (3.17%)
[2025-10-23 10:03:03,555] - [INFO] - Replaced 14 / 1371 tokens (1.02%)
[2025-10-23 10:03:03,560] - [INFO] - Replaced 29 / 2088 tokens (1.39%)
[2025-10-23 10:03:03,562] - [INFO] - ==== Example Sentence ====
[2025-10-23 10:03:03,562] - [INFO] - Original:  30년 전쟁의 승자는 누구인가?
[2025-10-23 10:03:03,562] - [INFO] - Tokenized: ['30년', '전쟁의', '승자는', '누구인가', '?']
[2025-10-23 10:03:03,562] - [INFO] - Replaced:  ['30년', '전쟁의', '<UNK', '누구인가', '?']
[2025-10-23 10:03:03,562] - [INFO] - Window:    (tensor([1613,  994]), tensor(1112))
[2025-10-23 10:03:06,407] - [INFO] - Eval Loss: 7.3361 | Perplexity: 1534.66 | Accuracy: 20.13% | Top-5 Accuracy: 43.69%
[2025-10-23 10:03:09,239] - [INFO] - Eval Loss: 6.2001 | Perplexity: 492.81 | Accuracy: 18.53% | Top-5 Accuracy: 50.84%
[2025-10-23 10:03:12,071] - [INFO] - Eval Loss: 5.2239 | Perplexity: 185.66 | Accuracy: 18.53% | Top-5 Accuracy: 53.10%
[2025-10-23 10:03:14,908] - [INFO] - Eval Loss: 4.7208 | Perplexity: 112.25 | Accuracy: 18.75% | Top-5 Accuracy: 53.76%
[2025-10-23 10:03:17,743] - [INFO] - Eval Loss: 4.4536 | Perplexity: 85.94 | Accuracy: 28.74% | Top-5 Accuracy: 54.63%
[2025-10-23 10:03:20,576] - [INFO] - Eval Loss: 4.2856 | Perplexity: 72.65 | Accuracy: 29.98% | Top-5 Accuracy: 55.00%
[2025-10-23 10:03:23,411] - [INFO] - Eval Loss: 4.1718 | Perplexity: 64.83 | Accuracy: 30.56% | Top-5 Accuracy: 55.07%
[2025-10-23 10:03:26,259] - [INFO] - Eval Loss: 4.0957 | Perplexity: 60.08 | Accuracy: 32.82% | Top-5 Accuracy: 55.36%
[2025-10-23 10:03:29,093] - [INFO] - Eval Loss: 4.0372 | Perplexity: 56.67 | Accuracy: 27.64% | Top-5 Accuracy: 56.24%
[2025-10-23 10:03:31,923] - [INFO] - Eval Loss: 3.9992 | Perplexity: 54.55 | Accuracy: 28.08% | Top-5 Accuracy: 56.38%
[2025-10-23 10:03:31,923] - [INFO] - 
=== Running combination ===
[2025-10-23 10:03:31,923] - [INFO] - Embed: 64, Hidden: 256, Top fraction: 0.1, Replace: False, Context: 2
[2025-10-23 10:03:33,460] - [INFO] - Train dataset contains 2194 samples
[2025-10-23 10:03:33,460] - [INFO] - Validation dataset contains 228 samples
[2025-10-23 10:03:33,461] - [INFO] - Test dataset contains 356 samples
[2025-10-23 10:03:33,463] - [INFO] - Top 10.00% frequent words (410) out of 4103 total words
[2025-10-23 10:03:33,464] - [INFO] - The fragment to replace is 1.5771951219512197 of the 410 frequent words (410 out of 12933)
[2025-10-23 10:03:33,490] - [INFO] - Replaced 410 / 12933 tokens (3.17%)
[2025-10-23 10:03:33,503] - [INFO] - Replaced 14 / 1371 tokens (1.02%)
[2025-10-23 10:03:33,508] - [INFO] - Replaced 29 / 2088 tokens (1.39%)
[2025-10-23 10:03:33,510] - [INFO] - ==== Example Sentence ====
[2025-10-23 10:03:33,510] - [INFO] - Original:  30년 전쟁의 승자는 누구인가?
[2025-10-23 10:03:33,510] - [INFO] - Tokenized: ['30년', '전쟁의', '승자는', '누구인가', '?']
[2025-10-23 10:03:33,510] - [INFO] - Replaced:  ['30년', '전쟁의', '<UNK', '누구인가', '?']
[2025-10-23 10:03:33,510] - [INFO] - Window:    (tensor([1613,  994]), tensor(1112))
[2025-10-23 10:03:34,687] - [INFO] - Eval Loss: 7.3361 | Perplexity: 1534.66 | Accuracy: 20.13% | Top-5 Accuracy: 43.69%
[2025-10-23 10:03:35,843] - [INFO] - Eval Loss: 6.2001 | Perplexity: 492.81 | Accuracy: 18.53% | Top-5 Accuracy: 50.84%
[2025-10-23 10:03:36,777] - [INFO] - Eval Loss: 5.2239 | Perplexity: 185.66 | Accuracy: 18.53% | Top-5 Accuracy: 53.10%
[2025-10-23 10:03:37,690] - [INFO] - Eval Loss: 4.7208 | Perplexity: 112.25 | Accuracy: 18.75% | Top-5 Accuracy: 53.76%
[2025-10-23 10:03:38,604] - [INFO] - Eval Loss: 4.4536 | Perplexity: 85.94 | Accuracy: 28.74% | Top-5 Accuracy: 54.63%
[2025-10-23 10:03:39,527] - [INFO] - Eval Loss: 4.2856 | Perplexity: 72.65 | Accuracy: 29.98% | Top-5 Accuracy: 55.00%
[2025-10-23 10:03:40,455] - [INFO] - Eval Loss: 4.1718 | Perplexity: 64.83 | Accuracy: 30.56% | Top-5 Accuracy: 55.07%
[2025-10-23 10:03:41,400] - [INFO] - Eval Loss: 4.0957 | Perplexity: 60.08 | Accuracy: 32.82% | Top-5 Accuracy: 55.36%
[2025-10-23 10:03:42,340] - [INFO] - Eval Loss: 4.0372 | Perplexity: 56.67 | Accuracy: 27.64% | Top-5 Accuracy: 56.24%
[2025-10-23 10:03:43,263] - [INFO] - Eval Loss: 3.9992 | Perplexity: 54.55 | Accuracy: 28.08% | Top-5 Accuracy: 56.38%
[2025-10-23 10:03:43,263] - [INFO] - 
=== Running combination ===
[2025-10-23 10:03:43,264] - [INFO] - Embed: 64, Hidden: 256, Top fraction: 0.1, Replace: False, Context: 2
[2025-10-23 10:03:44,770] - [INFO] - Train dataset contains 2194 samples
[2025-10-23 10:03:44,770] - [INFO] - Validation dataset contains 228 samples
[2025-10-23 10:03:44,770] - [INFO] - Test dataset contains 356 samples
[2025-10-23 10:03:44,772] - [INFO] - Top 10.00% frequent words (410) out of 4103 total words
[2025-10-23 10:03:44,773] - [INFO] - The fragment to replace is 0.31543902439024396 of the 410 frequent words (410 out of 12933)
[2025-10-23 10:03:44,794] - [INFO] - Replaced 141 / 12933 tokens (1.09%)
[2025-10-23 10:03:44,805] - [INFO] - Replaced 5 / 1371 tokens (0.36%)
[2025-10-23 10:03:44,809] - [INFO] - Replaced 13 / 2088 tokens (0.62%)
[2025-10-23 10:03:44,810] - [INFO] - ==== Example Sentence ====
[2025-10-23 10:03:44,810] - [INFO] - Original:  30년 전쟁의 승자는 누구인가?
[2025-10-23 10:03:44,810] - [INFO] - Tokenized: ['30년', '전쟁의', '승자는', '누구인가', '?']
[2025-10-23 10:03:44,810] - [INFO] - Replaced:  ['30년', '전쟁의', '<UNK', '누구인가', '?']
[2025-10-23 10:03:44,811] - [INFO] - Window:    (tensor([1613,  994]), tensor(1112))
[2025-10-23 10:03:45,760] - [INFO] - Eval Loss: 7.4478 | Perplexity: 1716.06 | Accuracy: 17.14% | Top-5 Accuracy: 35.52%
[2025-10-23 10:03:46,684] - [INFO] - Eval Loss: 6.5184 | Perplexity: 677.52 | Accuracy: 18.53% | Top-5 Accuracy: 41.72%
[2025-10-23 10:03:47,588] - [INFO] - Eval Loss: 5.6725 | Perplexity: 290.76 | Accuracy: 18.45% | Top-5 Accuracy: 36.54%
[2025-10-23 10:03:48,515] - [INFO] - Eval Loss: 5.1668 | Perplexity: 175.36 | Accuracy: 18.75% | Top-5 Accuracy: 36.91%
[2025-10-23 10:03:49,436] - [INFO] - Eval Loss: 4.8613 | Perplexity: 129.19 | Accuracy: 18.75% | Top-5 Accuracy: 37.05%
[2025-10-23 10:03:50,341] - [INFO] - Eval Loss: 4.6727 | Perplexity: 106.99 | Accuracy: 21.37% | Top-5 Accuracy: 37.20%
[2025-10-23 10:03:51,276] - [INFO] - Eval Loss: 4.5445 | Perplexity: 94.11 | Accuracy: 22.17% | Top-5 Accuracy: 44.64%
[2025-10-23 10:03:52,216] - [INFO] - Eval Loss: 4.4528 | Perplexity: 85.87 | Accuracy: 22.47% | Top-5 Accuracy: 45.08%
[2025-10-23 10:03:53,140] - [INFO] - Eval Loss: 4.3826 | Perplexity: 80.04 | Accuracy: 22.90% | Top-5 Accuracy: 45.73%
[2025-10-23 10:03:54,060] - [INFO] - Eval Loss: 4.3316 | Perplexity: 76.06 | Accuracy: 23.19% | Top-5 Accuracy: 47.70%
[2025-10-23 10:03:54,060] - [INFO] - 
=== Running combination ===
[2025-10-23 10:03:54,060] - [INFO] - Embed: 64, Hidden: 512, Top fraction: 0.01, Replace: True, Context: 5
[2025-10-23 10:03:55,711] - [INFO] - Train dataset contains 2194 samples
[2025-10-23 10:03:55,711] - [INFO] - Validation dataset contains 228 samples
[2025-10-23 10:03:55,711] - [INFO] - Test dataset contains 356 samples
[2025-10-23 10:03:55,714] - [INFO] - Top 1.00% frequent words (41) out of 4103 total words
[2025-10-23 10:03:55,714] - [INFO] - The fragment to replace is 0.21976210705182672 of the 41 frequent words (5885 out of 12933)
[2025-10-23 10:03:55,742] - [INFO] - Replaced 1308 / 12933 tokens (10.11%)
[2025-10-23 10:03:55,759] - [INFO] - Replaced 152 / 1371 tokens (11.09%)
[2025-10-23 10:03:55,765] - [INFO] - Replaced 213 / 2088 tokens (10.20%)
[2025-10-23 10:03:55,767] - [INFO] - ==== Example Sentence ====
[2025-10-23 10:03:55,767] - [INFO] - Original:  30년 전쟁의 승자는 누구인가?
[2025-10-23 10:03:55,767] - [INFO] - Tokenized: ['30년', '전쟁의', '승자는', '누구인가', '?']
[2025-10-23 10:03:55,767] - [INFO] - Replaced:  ['30년', '전쟁의', '승자는', '누구인가', '?']
[2025-10-23 10:03:55,768] - [INFO] - Window:    (tensor([1613,  994, 1112, 2172, 3970]), tensor(1119))
[2025-10-23 10:03:58,650] - [INFO] - Eval Loss: 5.2683 | Perplexity: 194.09 | Accuracy: 35.59% | Top-5 Accuracy: 56.16%
[2025-10-23 10:04:01,509] - [INFO] - Eval Loss: 4.6169 | Perplexity: 101.18 | Accuracy: 34.79% | Top-5 Accuracy: 57.40%
[2025-10-23 10:04:04,370] - [INFO] - Eval Loss: 4.4406 | Perplexity: 84.83 | Accuracy: 26.26% | Top-5 Accuracy: 58.35%
[2025-10-23 10:04:07,226] - [INFO] - Eval Loss: 4.3361 | Perplexity: 76.41 | Accuracy: 27.21% | Top-5 Accuracy: 58.28%
[2025-10-23 10:04:10,083] - [INFO] - Eval Loss: 4.2634 | Perplexity: 71.05 | Accuracy: 24.58% | Top-5 Accuracy: 58.35%
[2025-10-23 10:04:12,945] - [INFO] - Eval Loss: 4.2029 | Perplexity: 66.88 | Accuracy: 28.52% | Top-5 Accuracy: 58.50%
[2025-10-23 10:04:15,807] - [INFO] - Eval Loss: 4.1761 | Perplexity: 65.11 | Accuracy: 28.81% | Top-5 Accuracy: 58.64%
[2025-10-23 10:04:18,667] - [INFO] - Eval Loss: 4.1515 | Perplexity: 63.53 | Accuracy: 25.53% | Top-5 Accuracy: 59.37%
[2025-10-23 10:04:21,526] - [INFO] - Eval Loss: 4.1323 | Perplexity: 62.32 | Accuracy: 25.75% | Top-5 Accuracy: 59.96%
[2025-10-23 10:04:24,382] - [INFO] - Eval Loss: 4.1349 | Perplexity: 62.48 | Accuracy: 25.53% | Top-5 Accuracy: 60.18%
[2025-10-23 10:04:24,382] - [INFO] - 
=== Running combination ===
[2025-10-23 10:04:24,382] - [INFO] - Embed: 64, Hidden: 512, Top fraction: 0.01, Replace: True, Context: 5
[2025-10-23 10:04:25,887] - [INFO] - Train dataset contains 2194 samples
[2025-10-23 10:04:25,887] - [INFO] - Validation dataset contains 228 samples
[2025-10-23 10:04:25,887] - [INFO] - Test dataset contains 356 samples
[2025-10-23 10:04:25,890] - [INFO] - Top 1.00% frequent words (41) out of 4103 total words
[2025-10-23 10:04:25,890] - [INFO] - The fragment to replace is 0.10988105352591336 of the 41 frequent words (5885 out of 12933)
[2025-10-23 10:04:25,918] - [INFO] - Replaced 642 / 12933 tokens (4.96%)
[2025-10-23 10:04:25,934] - [INFO] - Replaced 75 / 1371 tokens (5.47%)
[2025-10-23 10:04:25,940] - [INFO] - Replaced 111 / 2088 tokens (5.32%)
[2025-10-23 10:04:25,942] - [INFO] - ==== Example Sentence ====
[2025-10-23 10:04:25,942] - [INFO] - Original:  30년 전쟁의 승자는 누구인가?
[2025-10-23 10:04:25,942] - [INFO] - Tokenized: ['30년', '전쟁의', '승자는', '누구인가', '?']
[2025-10-23 10:04:25,942] - [INFO] - Replaced:  ['30년', '전쟁의', '승자는', '누구인가', '?']
[2025-10-23 10:04:25,943] - [INFO] - Window:    (tensor([1613,  994, 1112, 2172, 3970]), tensor(1119))
[2025-10-23 10:04:27,164] - [INFO] - Eval Loss: 5.5986 | Perplexity: 270.06 | Accuracy: 17.36% | Top-5 Accuracy: 55.00%
[2025-10-23 10:04:28,344] - [INFO] - Eval Loss: 4.8143 | Perplexity: 123.26 | Accuracy: 19.69% | Top-5 Accuracy: 56.38%
[2025-10-23 10:04:29,540] - [INFO] - Eval Loss: 4.5811 | Perplexity: 97.62 | Accuracy: 21.52% | Top-5 Accuracy: 57.48%
[2025-10-23 10:04:30,683] - [INFO] - Eval Loss: 4.4564 | Perplexity: 86.17 | Accuracy: 24.87% | Top-5 Accuracy: 57.55%
[2025-10-23 10:04:31,829] - [INFO] - Eval Loss: 4.3759 | Perplexity: 79.51 | Accuracy: 24.65% | Top-5 Accuracy: 57.70%
[2025-10-23 10:04:32,993] - [INFO] - Eval Loss: 4.2996 | Perplexity: 73.67 | Accuracy: 24.87% | Top-5 Accuracy: 58.06%
[2025-10-23 10:04:34,149] - [INFO] - Eval Loss: 4.2787 | Perplexity: 72.15 | Accuracy: 23.27% | Top-5 Accuracy: 58.50%
[2025-10-23 10:04:35,321] - [INFO] - Eval Loss: 4.2337 | Perplexity: 68.97 | Accuracy: 24.87% | Top-5 Accuracy: 59.59%
[2025-10-23 10:04:36,469] - [INFO] - Eval Loss: 4.2186 | Perplexity: 67.94 | Accuracy: 23.41% | Top-5 Accuracy: 59.59%
[2025-10-23 10:04:37,654] - [INFO] - Eval Loss: 4.2002 | Perplexity: 66.70 | Accuracy: 23.56% | Top-5 Accuracy: 60.39%
[2025-10-23 10:04:37,655] - [INFO] - 
=== Running combination ===
[2025-10-23 10:04:37,655] - [INFO] - Embed: 64, Hidden: 512, Top fraction: 0.01, Replace: True, Context: 5
[2025-10-23 10:04:39,185] - [INFO] - Train dataset contains 2194 samples
[2025-10-23 10:04:39,185] - [INFO] - Validation dataset contains 228 samples
[2025-10-23 10:04:39,185] - [INFO] - Test dataset contains 356 samples
[2025-10-23 10:04:39,188] - [INFO] - Top 1.00% frequent words (41) out of 4103 total words
[2025-10-23 10:04:39,188] - [INFO] - The fragment to replace is 0.02197621070518267 of the 41 frequent words (5885 out of 12933)
[2025-10-23 10:04:39,210] - [INFO] - Replaced 121 / 12933 tokens (0.94%)
[2025-10-23 10:04:39,225] - [INFO] - Replaced 15 / 1371 tokens (1.09%)
[2025-10-23 10:04:39,229] - [INFO] - Replaced 22 / 2088 tokens (1.05%)
[2025-10-23 10:04:39,362] - [INFO] - ==== Example Sentence ====
[2025-10-23 10:04:39,362] - [INFO] - Original:  30년 전쟁의 승자는 누구인가?
[2025-10-23 10:04:39,362] - [INFO] - Tokenized: ['30년', '전쟁의', '승자는', '누구인가', '?']
[2025-10-23 10:04:39,362] - [INFO] - Replaced:  ['30년', '전쟁의', '승자는', '누구인가', '?']
[2025-10-23 10:04:39,362] - [INFO] - Window:    (tensor([1613,  994, 1112, 2172, 3970]), tensor(1119))
[2025-10-23 10:04:40,500] - [INFO] - Eval Loss: 5.9897 | Perplexity: 399.30 | Accuracy: 19.11% | Top-5 Accuracy: 31.44%
[2025-10-23 10:04:41,640] - [INFO] - Eval Loss: 5.1680 | Perplexity: 175.57 | Accuracy: 21.37% | Top-5 Accuracy: 32.31%
[2025-10-23 10:04:42,768] - [INFO] - Eval Loss: 4.8801 | Perplexity: 131.65 | Accuracy: 22.17% | Top-5 Accuracy: 33.48%
[2025-10-23 10:04:43,878] - [INFO] - Eval Loss: 4.7245 | Perplexity: 112.67 | Accuracy: 23.41% | Top-5 Accuracy: 35.30%
[2025-10-23 10:04:44,960] - [INFO] - Eval Loss: 4.6126 | Perplexity: 100.75 | Accuracy: 23.85% | Top-5 Accuracy: 36.91%
[2025-10-23 10:04:46,111] - [INFO] - Eval Loss: 4.5277 | Perplexity: 92.55 | Accuracy: 24.22% | Top-5 Accuracy: 37.64%
[2025-10-23 10:04:47,265] - [INFO] - Eval Loss: 4.4899 | Perplexity: 89.11 | Accuracy: 25.02% | Top-5 Accuracy: 38.58%
[2025-10-23 10:04:48,434] - [INFO] - Eval Loss: 4.4333 | Perplexity: 84.21 | Accuracy: 25.16% | Top-5 Accuracy: 39.68%
[2025-10-23 10:04:49,615] - [INFO] - Eval Loss: 4.4035 | Perplexity: 81.74 | Accuracy: 25.75% | Top-5 Accuracy: 40.41%
[2025-10-23 10:04:50,794] - [INFO] - Eval Loss: 4.3770 | Perplexity: 79.60 | Accuracy: 25.89% | Top-5 Accuracy: 40.70%
[2025-10-23 10:04:50,795] - [INFO] - 
=== Running combination ===
[2025-10-23 10:04:50,795] - [INFO] - Embed: 64, Hidden: 512, Top fraction: 0.01, Replace: True, Context: 2
[2025-10-23 10:04:52,339] - [INFO] - Train dataset contains 2194 samples
[2025-10-23 10:04:52,339] - [INFO] - Validation dataset contains 228 samples
[2025-10-23 10:04:52,339] - [INFO] - Test dataset contains 356 samples
[2025-10-23 10:04:52,343] - [INFO] - Top 1.00% frequent words (41) out of 4103 total words
[2025-10-23 10:04:52,343] - [INFO] - The fragment to replace is 0.21976210705182672 of the 41 frequent words (5885 out of 12933)
[2025-10-23 10:04:52,370] - [INFO] - Replaced 1308 / 12933 tokens (10.11%)
[2025-10-23 10:04:52,384] - [INFO] - Replaced 152 / 1371 tokens (11.09%)
[2025-10-23 10:04:52,389] - [INFO] - Replaced 213 / 2088 tokens (10.20%)
[2025-10-23 10:04:52,391] - [INFO] - ==== Example Sentence ====
[2025-10-23 10:04:52,391] - [INFO] - Original:  30년 전쟁의 승자는 누구인가?
[2025-10-23 10:04:52,391] - [INFO] - Tokenized: ['30년', '전쟁의', '승자는', '누구인가', '?']
[2025-10-23 10:04:52,391] - [INFO] - Replaced:  ['30년', '전쟁의', '승자는', '누구인가', '?']
[2025-10-23 10:04:52,391] - [INFO] - Window:    (tensor([1613,  994]), tensor(1112))
[2025-10-23 10:04:55,207] - [INFO] - Eval Loss: 6.6033 | Perplexity: 737.56 | Accuracy: 15.32% | Top-5 Accuracy: 55.00%
[2025-10-23 10:04:58,007] - [INFO] - Eval Loss: 4.9335 | Perplexity: 138.86 | Accuracy: 24.22% | Top-5 Accuracy: 55.29%
[2025-10-23 10:05:00,807] - [INFO] - Eval Loss: 4.4398 | Perplexity: 84.76 | Accuracy: 25.75% | Top-5 Accuracy: 55.73%
[2025-10-23 10:05:03,605] - [INFO] - Eval Loss: 4.3008 | Perplexity: 73.76 | Accuracy: 29.76% | Top-5 Accuracy: 56.89%
[2025-10-23 10:05:06,403] - [INFO] - Eval Loss: 4.2347 | Perplexity: 69.04 | Accuracy: 31.36% | Top-5 Accuracy: 57.55%
[2025-10-23 10:05:09,204] - [INFO] - Eval Loss: 4.2042 | Perplexity: 66.97 | Accuracy: 24.58% | Top-5 Accuracy: 57.84%
[2025-10-23 10:05:12,005] - [INFO] - Eval Loss: 4.1852 | Perplexity: 65.71 | Accuracy: 24.87% | Top-5 Accuracy: 58.28%
[2025-10-23 10:05:14,805] - [INFO] - Eval Loss: 4.1773 | Perplexity: 65.19 | Accuracy: 21.95% | Top-5 Accuracy: 59.01%
[2025-10-23 10:05:17,606] - [INFO] - Eval Loss: 4.1758 | Perplexity: 65.09 | Accuracy: 21.74% | Top-5 Accuracy: 59.96%
[2025-10-23 10:05:20,405] - [INFO] - Eval Loss: 4.1861 | Perplexity: 65.77 | Accuracy: 21.44% | Top-5 Accuracy: 60.83%
[2025-10-23 10:05:20,405] - [INFO] - 
=== Running combination ===
[2025-10-23 10:05:20,405] - [INFO] - Embed: 64, Hidden: 512, Top fraction: 0.01, Replace: True, Context: 2
[2025-10-23 10:05:21,935] - [INFO] - Train dataset contains 2194 samples
[2025-10-23 10:05:21,935] - [INFO] - Validation dataset contains 228 samples
[2025-10-23 10:05:21,935] - [INFO] - Test dataset contains 356 samples
[2025-10-23 10:05:21,938] - [INFO] - Top 1.00% frequent words (41) out of 4103 total words
[2025-10-23 10:05:21,938] - [INFO] - The fragment to replace is 0.10988105352591336 of the 41 frequent words (5885 out of 12933)
[2025-10-23 10:05:21,966] - [INFO] - Replaced 642 / 12933 tokens (4.96%)
[2025-10-23 10:05:21,978] - [INFO] - Replaced 75 / 1371 tokens (5.47%)
[2025-10-23 10:05:21,984] - [INFO] - Replaced 111 / 2088 tokens (5.32%)
[2025-10-23 10:05:21,986] - [INFO] - ==== Example Sentence ====
[2025-10-23 10:05:21,986] - [INFO] - Original:  30년 전쟁의 승자는 누구인가?
[2025-10-23 10:05:21,986] - [INFO] - Tokenized: ['30년', '전쟁의', '승자는', '누구인가', '?']
[2025-10-23 10:05:21,986] - [INFO] - Replaced:  ['30년', '전쟁의', '승자는', '누구인가', '?']
[2025-10-23 10:05:21,986] - [INFO] - Window:    (tensor([1613,  994]), tensor(1112))
[2025-10-23 10:05:24,816] - [INFO] - Eval Loss: 6.7457 | Perplexity: 850.36 | Accuracy: 15.61% | Top-5 Accuracy: 51.79%
[2025-10-23 10:05:27,636] - [INFO] - Eval Loss: 5.2642 | Perplexity: 193.28 | Accuracy: 15.83% | Top-5 Accuracy: 53.68%
[2025-10-23 10:05:30,460] - [INFO] - Eval Loss: 4.6367 | Perplexity: 103.21 | Accuracy: 16.41% | Top-5 Accuracy: 54.70%
[2025-10-23 10:05:33,282] - [INFO] - Eval Loss: 4.4352 | Perplexity: 84.37 | Accuracy: 18.16% | Top-5 Accuracy: 55.43%
[2025-10-23 10:05:36,102] - [INFO] - Eval Loss: 4.3379 | Perplexity: 76.55 | Accuracy: 19.47% | Top-5 Accuracy: 56.02%
[2025-10-23 10:05:38,923] - [INFO] - Eval Loss: 4.2940 | Perplexity: 73.26 | Accuracy: 19.99% | Top-5 Accuracy: 57.40%
[2025-10-23 10:05:41,747] - [INFO] - Eval Loss: 4.2628 | Perplexity: 71.01 | Accuracy: 20.42% | Top-5 Accuracy: 58.21%
[2025-10-23 10:05:44,567] - [INFO] - Eval Loss: 4.2473 | Perplexity: 69.92 | Accuracy: 20.57% | Top-5 Accuracy: 58.72%
[2025-10-23 10:05:47,390] - [INFO] - Eval Loss: 4.2419 | Perplexity: 69.54 | Accuracy: 21.08% | Top-5 Accuracy: 59.45%
[2025-10-23 10:05:50,214] - [INFO] - Eval Loss: 4.2457 | Perplexity: 69.80 | Accuracy: 21.74% | Top-5 Accuracy: 53.03%
[2025-10-23 10:05:50,215] - [INFO] - 
=== Running combination ===
[2025-10-23 10:05:50,215] - [INFO] - Embed: 64, Hidden: 512, Top fraction: 0.01, Replace: True, Context: 2
[2025-10-23 10:05:51,735] - [INFO] - Train dataset contains 2194 samples
[2025-10-23 10:05:51,735] - [INFO] - Validation dataset contains 228 samples
[2025-10-23 10:05:51,735] - [INFO] - Test dataset contains 356 samples
[2025-10-23 10:05:51,738] - [INFO] - Top 1.00% frequent words (41) out of 4103 total words
[2025-10-23 10:05:51,738] - [INFO] - The fragment to replace is 0.02197621070518267 of the 41 frequent words (5885 out of 12933)
[2025-10-23 10:05:51,765] - [INFO] - Replaced 121 / 12933 tokens (0.94%)
[2025-10-23 10:05:51,778] - [INFO] - Replaced 15 / 1371 tokens (1.09%)
[2025-10-23 10:05:51,783] - [INFO] - Replaced 22 / 2088 tokens (1.05%)
[2025-10-23 10:05:51,785] - [INFO] - ==== Example Sentence ====
[2025-10-23 10:05:51,785] - [INFO] - Original:  30년 전쟁의 승자는 누구인가?
[2025-10-23 10:05:51,785] - [INFO] - Tokenized: ['30년', '전쟁의', '승자는', '누구인가', '?']
[2025-10-23 10:05:51,785] - [INFO] - Replaced:  ['30년', '전쟁의', '승자는', '누구인가', '?']
[2025-10-23 10:05:51,785] - [INFO] - Window:    (tensor([1613,  994]), tensor(1112))
[2025-10-23 10:05:54,625] - [INFO] - Eval Loss: 6.8558 | Perplexity: 949.39 | Accuracy: 17.36% | Top-5 Accuracy: 29.91%
[2025-10-23 10:05:57,447] - [INFO] - Eval Loss: 5.5653 | Perplexity: 261.20 | Accuracy: 17.58% | Top-5 Accuracy: 30.85%
[2025-10-23 10:06:00,270] - [INFO] - Eval Loss: 4.9749 | Perplexity: 144.74 | Accuracy: 18.16% | Top-5 Accuracy: 32.24%
[2025-10-23 10:06:03,094] - [INFO] - Eval Loss: 4.7185 | Perplexity: 112.00 | Accuracy: 20.06% | Top-5 Accuracy: 32.90%
[2025-10-23 10:06:05,919] - [INFO] - Eval Loss: 4.5781 | Perplexity: 97.33 | Accuracy: 22.03% | Top-5 Accuracy: 33.48%
[2025-10-23 10:06:08,746] - [INFO] - Eval Loss: 4.4937 | Perplexity: 89.45 | Accuracy: 22.54% | Top-5 Accuracy: 34.65%
[2025-10-23 10:06:11,573] - [INFO] - Eval Loss: 4.4403 | Perplexity: 84.80 | Accuracy: 23.41% | Top-5 Accuracy: 36.03%
[2025-10-23 10:06:14,403] - [INFO] - Eval Loss: 4.4076 | Perplexity: 82.07 | Accuracy: 23.92% | Top-5 Accuracy: 36.76%
[2025-10-23 10:06:17,230] - [INFO] - Eval Loss: 4.3885 | Perplexity: 80.52 | Accuracy: 24.58% | Top-5 Accuracy: 38.15%
[2025-10-23 10:06:20,058] - [INFO] - Eval Loss: 4.3777 | Perplexity: 79.66 | Accuracy: 25.09% | Top-5 Accuracy: 38.73%
[2025-10-23 10:06:20,058] - [INFO] - 
=== Running combination ===
[2025-10-23 10:06:20,058] - [INFO] - Embed: 64, Hidden: 512, Top fraction: 0.01, Replace: False, Context: 5
[2025-10-23 10:06:21,629] - [INFO] - Train dataset contains 2194 samples
[2025-10-23 10:06:21,629] - [INFO] - Validation dataset contains 228 samples
[2025-10-23 10:06:21,629] - [INFO] - Test dataset contains 356 samples
[2025-10-23 10:06:21,632] - [INFO] - Top 1.00% frequent words (41) out of 4103 total words
[2025-10-23 10:06:21,632] - [INFO] - The fragment to replace is 31.543902439024393 of the 41 frequent words (41 out of 12933)
[2025-10-23 10:06:21,658] - [INFO] - Replaced 41 / 12933 tokens (0.32%)
[2025-10-23 10:06:21,848] - [INFO] - Replaced 1 / 1371 tokens (0.07%)
[2025-10-23 10:06:21,854] - [INFO] - Replaced 3 / 2088 tokens (0.14%)
[2025-10-23 10:06:21,856] - [INFO] - ==== Example Sentence ====
[2025-10-23 10:06:21,856] - [INFO] - Original:  30년 전쟁의 승자는 누구인가?
[2025-10-23 10:06:21,856] - [INFO] - Tokenized: ['30년', '전쟁의', '승자는', '누구인가', '?']
[2025-10-23 10:06:21,856] - [INFO] - Replaced:  ['30년', '전쟁의', '<UNK', '누구인가', '?']
[2025-10-23 10:06:21,857] - [INFO] - Window:    (tensor([1613,  994, 1112, 1957, 3970]), tensor(1119))
[2025-10-23 10:06:24,759] - [INFO] - Eval Loss: 6.0771 | Perplexity: 435.78 | Accuracy: 19.77% | Top-5 Accuracy: 31.87%
[2025-10-23 10:06:27,648] - [INFO] - Eval Loss: 5.2879 | Perplexity: 197.93 | Accuracy: 21.95% | Top-5 Accuracy: 32.53%
[2025-10-23 10:06:30,534] - [INFO] - Eval Loss: 4.9997 | Perplexity: 148.36 | Accuracy: 22.54% | Top-5 Accuracy: 33.70%
[2025-10-23 10:06:33,423] - [INFO] - Eval Loss: 4.8350 | Perplexity: 125.83 | Accuracy: 24.00% | Top-5 Accuracy: 34.79%
[2025-10-23 10:06:36,310] - [INFO] - Eval Loss: 4.7031 | Perplexity: 110.29 | Accuracy: 24.80% | Top-5 Accuracy: 35.81%
[2025-10-23 10:06:39,198] - [INFO] - Eval Loss: 4.6104 | Perplexity: 100.52 | Accuracy: 25.16% | Top-5 Accuracy: 36.40%
[2025-10-23 10:06:42,084] - [INFO] - Eval Loss: 4.5500 | Perplexity: 94.63 | Accuracy: 25.89% | Top-5 Accuracy: 37.64%
[2025-10-23 10:06:44,972] - [INFO] - Eval Loss: 4.4878 | Perplexity: 88.93 | Accuracy: 26.26% | Top-5 Accuracy: 38.44%
[2025-10-23 10:06:47,867] - [INFO] - Eval Loss: 4.4420 | Perplexity: 84.94 | Accuracy: 27.06% | Top-5 Accuracy: 39.02%
[2025-10-23 10:06:50,737] - [INFO] - Eval Loss: 4.3986 | Perplexity: 81.34 | Accuracy: 27.21% | Top-5 Accuracy: 39.61%
[2025-10-23 10:06:50,738] - [INFO] - 
=== Running combination ===
[2025-10-23 10:06:50,738] - [INFO] - Embed: 64, Hidden: 512, Top fraction: 0.01, Replace: False, Context: 5
[2025-10-23 10:06:52,309] - [INFO] - Train dataset contains 2194 samples
[2025-10-23 10:06:52,309] - [INFO] - Validation dataset contains 228 samples
[2025-10-23 10:06:52,309] - [INFO] - Test dataset contains 356 samples
[2025-10-23 10:06:52,312] - [INFO] - Top 1.00% frequent words (41) out of 4103 total words
[2025-10-23 10:06:52,312] - [INFO] - The fragment to replace is 15.771951219512196 of the 41 frequent words (41 out of 12933)
[2025-10-23 10:06:52,337] - [INFO] - Replaced 41 / 12933 tokens (0.32%)
[2025-10-23 10:06:52,355] - [INFO] - Replaced 1 / 1371 tokens (0.07%)
[2025-10-23 10:06:52,360] - [INFO] - Replaced 3 / 2088 tokens (0.14%)
[2025-10-23 10:06:52,362] - [INFO] - ==== Example Sentence ====
[2025-10-23 10:06:52,362] - [INFO] - Original:  30년 전쟁의 승자는 누구인가?
[2025-10-23 10:06:52,362] - [INFO] - Tokenized: ['30년', '전쟁의', '승자는', '누구인가', '?']
[2025-10-23 10:06:52,362] - [INFO] - Replaced:  ['30년', '전쟁의', '<UNK', '누구인가', '?']
[2025-10-23 10:06:52,363] - [INFO] - Window:    (tensor([1613,  994, 1112, 1957, 3970]), tensor(1119))
[2025-10-23 10:06:55,407] - [INFO] - Eval Loss: 6.0771 | Perplexity: 435.78 | Accuracy: 19.77% | Top-5 Accuracy: 31.87%
[2025-10-23 10:06:58,351] - [INFO] - Eval Loss: 5.2879 | Perplexity: 197.93 | Accuracy: 21.95% | Top-5 Accuracy: 32.53%
[2025-10-23 10:07:01,215] - [INFO] - Eval Loss: 4.9997 | Perplexity: 148.36 | Accuracy: 22.54% | Top-5 Accuracy: 33.70%
[2025-10-23 10:07:04,086] - [INFO] - Eval Loss: 4.8350 | Perplexity: 125.83 | Accuracy: 24.00% | Top-5 Accuracy: 34.79%
[2025-10-23 10:07:06,957] - [INFO] - Eval Loss: 4.7031 | Perplexity: 110.29 | Accuracy: 24.80% | Top-5 Accuracy: 35.81%
[2025-10-23 10:07:09,829] - [INFO] - Eval Loss: 4.6104 | Perplexity: 100.52 | Accuracy: 25.16% | Top-5 Accuracy: 36.40%
[2025-10-23 10:07:12,704] - [INFO] - Eval Loss: 4.5500 | Perplexity: 94.63 | Accuracy: 25.89% | Top-5 Accuracy: 37.64%
[2025-10-23 10:07:15,574] - [INFO] - Eval Loss: 4.4878 | Perplexity: 88.93 | Accuracy: 26.26% | Top-5 Accuracy: 38.44%
[2025-10-23 10:07:18,449] - [INFO] - Eval Loss: 4.4420 | Perplexity: 84.94 | Accuracy: 27.06% | Top-5 Accuracy: 39.02%
[2025-10-23 10:07:21,315] - [INFO] - Eval Loss: 4.3986 | Perplexity: 81.34 | Accuracy: 27.21% | Top-5 Accuracy: 39.61%
[2025-10-23 10:07:21,315] - [INFO] - 
=== Running combination ===
[2025-10-23 10:07:21,315] - [INFO] - Embed: 64, Hidden: 512, Top fraction: 0.01, Replace: False, Context: 5
[2025-10-23 10:07:23,176] - [INFO] - Train dataset contains 2194 samples
[2025-10-23 10:07:23,177] - [INFO] - Validation dataset contains 228 samples
[2025-10-23 10:07:23,177] - [INFO] - Test dataset contains 356 samples
[2025-10-23 10:07:23,179] - [INFO] - Top 1.00% frequent words (41) out of 4103 total words
[2025-10-23 10:07:23,180] - [INFO] - The fragment to replace is 3.1543902439024394 of the 41 frequent words (41 out of 12933)
[2025-10-23 10:07:23,205] - [INFO] - Replaced 41 / 12933 tokens (0.32%)
[2025-10-23 10:07:23,222] - [INFO] - Replaced 1 / 1371 tokens (0.07%)
[2025-10-23 10:07:23,228] - [INFO] - Replaced 3 / 2088 tokens (0.14%)
[2025-10-23 10:07:23,230] - [INFO] - ==== Example Sentence ====
[2025-10-23 10:07:23,230] - [INFO] - Original:  30년 전쟁의 승자는 누구인가?
[2025-10-23 10:07:23,230] - [INFO] - Tokenized: ['30년', '전쟁의', '승자는', '누구인가', '?']
[2025-10-23 10:07:23,230] - [INFO] - Replaced:  ['30년', '전쟁의', '<UNK', '누구인가', '?']
[2025-10-23 10:07:23,230] - [INFO] - Window:    (tensor([1613,  994, 1112, 1957, 3970]), tensor(1119))
[2025-10-23 10:07:26,121] - [INFO] - Eval Loss: 6.0771 | Perplexity: 435.78 | Accuracy: 19.77% | Top-5 Accuracy: 31.87%
[2025-10-23 10:07:29,002] - [INFO] - Eval Loss: 5.2879 | Perplexity: 197.93 | Accuracy: 21.95% | Top-5 Accuracy: 32.53%
[2025-10-23 10:07:31,874] - [INFO] - Eval Loss: 4.9997 | Perplexity: 148.36 | Accuracy: 22.54% | Top-5 Accuracy: 33.70%
[2025-10-23 10:07:34,746] - [INFO] - Eval Loss: 4.8350 | Perplexity: 125.83 | Accuracy: 24.00% | Top-5 Accuracy: 34.79%
[2025-10-23 10:07:37,619] - [INFO] - Eval Loss: 4.7031 | Perplexity: 110.29 | Accuracy: 24.80% | Top-5 Accuracy: 35.81%
[2025-10-23 10:07:40,493] - [INFO] - Eval Loss: 4.6104 | Perplexity: 100.52 | Accuracy: 25.16% | Top-5 Accuracy: 36.40%
[2025-10-23 10:07:43,368] - [INFO] - Eval Loss: 4.5500 | Perplexity: 94.63 | Accuracy: 25.89% | Top-5 Accuracy: 37.64%
[2025-10-23 10:07:46,242] - [INFO] - Eval Loss: 4.4878 | Perplexity: 88.93 | Accuracy: 26.26% | Top-5 Accuracy: 38.44%
[2025-10-23 10:07:49,116] - [INFO] - Eval Loss: 4.4420 | Perplexity: 84.94 | Accuracy: 27.06% | Top-5 Accuracy: 39.02%
[2025-10-23 10:07:51,988] - [INFO] - Eval Loss: 4.3986 | Perplexity: 81.34 | Accuracy: 27.21% | Top-5 Accuracy: 39.61%
[2025-10-23 10:07:51,988] - [INFO] - 
=== Running combination ===
[2025-10-23 10:07:51,988] - [INFO] - Embed: 64, Hidden: 512, Top fraction: 0.01, Replace: False, Context: 2
[2025-10-23 10:07:53,499] - [INFO] - Train dataset contains 2194 samples
[2025-10-23 10:07:53,499] - [INFO] - Validation dataset contains 228 samples
[2025-10-23 10:07:53,499] - [INFO] - Test dataset contains 356 samples
[2025-10-23 10:07:53,502] - [INFO] - Top 1.00% frequent words (41) out of 4103 total words
[2025-10-23 10:07:53,502] - [INFO] - The fragment to replace is 31.543902439024393 of the 41 frequent words (41 out of 12933)
[2025-10-23 10:07:53,528] - [INFO] - Replaced 41 / 12933 tokens (0.32%)
[2025-10-23 10:07:53,711] - [INFO] - Replaced 1 / 1371 tokens (0.07%)
[2025-10-23 10:07:53,717] - [INFO] - Replaced 3 / 2088 tokens (0.14%)
[2025-10-23 10:07:53,718] - [INFO] - ==== Example Sentence ====
[2025-10-23 10:07:53,718] - [INFO] - Original:  30년 전쟁의 승자는 누구인가?
[2025-10-23 10:07:53,718] - [INFO] - Tokenized: ['30년', '전쟁의', '승자는', '누구인가', '?']
[2025-10-23 10:07:53,718] - [INFO] - Replaced:  ['30년', '전쟁의', '<UNK', '누구인가', '?']
[2025-10-23 10:07:53,719] - [INFO] - Window:    (tensor([1613,  994]), tensor(1112))
[2025-10-23 10:07:54,945] - [INFO] - Eval Loss: 6.8829 | Perplexity: 975.45 | Accuracy: 17.58% | Top-5 Accuracy: 30.12%
[2025-10-23 10:07:56,135] - [INFO] - Eval Loss: 5.6327 | Perplexity: 279.40 | Accuracy: 17.87% | Top-5 Accuracy: 31.51%
[2025-10-23 10:07:57,295] - [INFO] - Eval Loss: 5.0746 | Perplexity: 159.91 | Accuracy: 18.53% | Top-5 Accuracy: 32.82%
[2025-10-23 10:07:58,386] - [INFO] - Eval Loss: 4.8258 | Perplexity: 124.68 | Accuracy: 20.57% | Top-5 Accuracy: 33.48%
[2025-10-23 10:07:59,388] - [INFO] - Eval Loss: 4.6794 | Perplexity: 107.70 | Accuracy: 22.54% | Top-5 Accuracy: 34.35%
[2025-10-23 10:08:00,535] - [INFO] - Eval Loss: 4.5776 | Perplexity: 97.28 | Accuracy: 23.49% | Top-5 Accuracy: 35.52%
[2025-10-23 10:08:01,674] - [INFO] - Eval Loss: 4.5030 | Perplexity: 90.29 | Accuracy: 24.14% | Top-5 Accuracy: 36.62%
[2025-10-23 10:08:02,849] - [INFO] - Eval Loss: 4.4476 | Perplexity: 85.42 | Accuracy: 24.51% | Top-5 Accuracy: 37.05%
[2025-10-23 10:08:03,985] - [INFO] - Eval Loss: 4.4045 | Perplexity: 81.82 | Accuracy: 25.31% | Top-5 Accuracy: 37.86%
[2025-10-23 10:08:05,133] - [INFO] - Eval Loss: 4.3774 | Perplexity: 79.63 | Accuracy: 25.75% | Top-5 Accuracy: 38.51%
[2025-10-23 10:08:05,134] - [INFO] - 
=== Running combination ===
[2025-10-23 10:08:05,134] - [INFO] - Embed: 64, Hidden: 512, Top fraction: 0.01, Replace: False, Context: 2
[2025-10-23 10:08:06,706] - [INFO] - Train dataset contains 2194 samples
[2025-10-23 10:08:06,707] - [INFO] - Validation dataset contains 228 samples
[2025-10-23 10:08:06,707] - [INFO] - Test dataset contains 356 samples
[2025-10-23 10:08:06,709] - [INFO] - Top 1.00% frequent words (41) out of 4103 total words
[2025-10-23 10:08:06,710] - [INFO] - The fragment to replace is 15.771951219512196 of the 41 frequent words (41 out of 12933)
[2025-10-23 10:08:06,735] - [INFO] - Replaced 41 / 12933 tokens (0.32%)
[2025-10-23 10:08:06,748] - [INFO] - Replaced 1 / 1371 tokens (0.07%)
[2025-10-23 10:08:06,754] - [INFO] - Replaced 3 / 2088 tokens (0.14%)
[2025-10-23 10:08:06,755] - [INFO] - ==== Example Sentence ====
[2025-10-23 10:08:06,755] - [INFO] - Original:  30년 전쟁의 승자는 누구인가?
[2025-10-23 10:08:06,755] - [INFO] - Tokenized: ['30년', '전쟁의', '승자는', '누구인가', '?']
[2025-10-23 10:08:06,755] - [INFO] - Replaced:  ['30년', '전쟁의', '<UNK', '누구인가', '?']
[2025-10-23 10:08:06,756] - [INFO] - Window:    (tensor([1613,  994]), tensor(1112))
[2025-10-23 10:08:09,580] - [INFO] - Eval Loss: 6.8829 | Perplexity: 975.45 | Accuracy: 17.58% | Top-5 Accuracy: 30.12%
[2025-10-23 10:08:12,385] - [INFO] - Eval Loss: 5.6327 | Perplexity: 279.40 | Accuracy: 17.87% | Top-5 Accuracy: 31.51%
[2025-10-23 10:08:15,196] - [INFO] - Eval Loss: 5.0746 | Perplexity: 159.91 | Accuracy: 18.53% | Top-5 Accuracy: 32.82%
[2025-10-23 10:08:18,003] - [INFO] - Eval Loss: 4.8258 | Perplexity: 124.68 | Accuracy: 20.57% | Top-5 Accuracy: 33.48%
[2025-10-23 10:08:20,809] - [INFO] - Eval Loss: 4.6794 | Perplexity: 107.70 | Accuracy: 22.54% | Top-5 Accuracy: 34.35%
[2025-10-23 10:08:23,614] - [INFO] - Eval Loss: 4.5776 | Perplexity: 97.28 | Accuracy: 23.49% | Top-5 Accuracy: 35.52%
[2025-10-23 10:08:26,423] - [INFO] - Eval Loss: 4.5030 | Perplexity: 90.29 | Accuracy: 24.14% | Top-5 Accuracy: 36.62%
[2025-10-23 10:08:29,232] - [INFO] - Eval Loss: 4.4476 | Perplexity: 85.42 | Accuracy: 24.51% | Top-5 Accuracy: 37.05%
[2025-10-23 10:08:32,040] - [INFO] - Eval Loss: 4.4045 | Perplexity: 81.82 | Accuracy: 25.31% | Top-5 Accuracy: 37.86%
[2025-10-23 10:08:34,849] - [INFO] - Eval Loss: 4.3774 | Perplexity: 79.63 | Accuracy: 25.75% | Top-5 Accuracy: 38.51%
[2025-10-23 10:08:34,849] - [INFO] - 
=== Running combination ===
[2025-10-23 10:08:34,849] - [INFO] - Embed: 64, Hidden: 512, Top fraction: 0.01, Replace: False, Context: 2
[2025-10-23 10:08:36,641] - [INFO] - Train dataset contains 2194 samples
[2025-10-23 10:08:36,641] - [INFO] - Validation dataset contains 228 samples
[2025-10-23 10:08:36,641] - [INFO] - Test dataset contains 356 samples
[2025-10-23 10:08:36,644] - [INFO] - Top 1.00% frequent words (41) out of 4103 total words
[2025-10-23 10:08:36,644] - [INFO] - The fragment to replace is 3.1543902439024394 of the 41 frequent words (41 out of 12933)
[2025-10-23 10:08:36,671] - [INFO] - Replaced 41 / 12933 tokens (0.32%)
[2025-10-23 10:08:36,683] - [INFO] - Replaced 1 / 1371 tokens (0.07%)
[2025-10-23 10:08:36,688] - [INFO] - Replaced 3 / 2088 tokens (0.14%)
[2025-10-23 10:08:36,690] - [INFO] - ==== Example Sentence ====
[2025-10-23 10:08:36,690] - [INFO] - Original:  30년 전쟁의 승자는 누구인가?
[2025-10-23 10:08:36,690] - [INFO] - Tokenized: ['30년', '전쟁의', '승자는', '누구인가', '?']
[2025-10-23 10:08:36,690] - [INFO] - Replaced:  ['30년', '전쟁의', '<UNK', '누구인가', '?']
[2025-10-23 10:08:36,690] - [INFO] - Window:    (tensor([1613,  994]), tensor(1112))
[2025-10-23 10:08:39,508] - [INFO] - Eval Loss: 6.8829 | Perplexity: 975.45 | Accuracy: 17.58% | Top-5 Accuracy: 30.12%
[2025-10-23 10:08:42,312] - [INFO] - Eval Loss: 5.6327 | Perplexity: 279.40 | Accuracy: 17.87% | Top-5 Accuracy: 31.51%
[2025-10-23 10:08:45,118] - [INFO] - Eval Loss: 5.0746 | Perplexity: 159.91 | Accuracy: 18.53% | Top-5 Accuracy: 32.82%
[2025-10-23 10:08:47,924] - [INFO] - Eval Loss: 4.8258 | Perplexity: 124.68 | Accuracy: 20.57% | Top-5 Accuracy: 33.48%
[2025-10-23 10:08:50,727] - [INFO] - Eval Loss: 4.6794 | Perplexity: 107.70 | Accuracy: 22.54% | Top-5 Accuracy: 34.35%
[2025-10-23 10:08:53,535] - [INFO] - Eval Loss: 4.5776 | Perplexity: 97.28 | Accuracy: 23.49% | Top-5 Accuracy: 35.52%
[2025-10-23 10:08:56,340] - [INFO] - Eval Loss: 4.5030 | Perplexity: 90.29 | Accuracy: 24.14% | Top-5 Accuracy: 36.62%
[2025-10-23 10:08:59,143] - [INFO] - Eval Loss: 4.4476 | Perplexity: 85.42 | Accuracy: 24.51% | Top-5 Accuracy: 37.05%
[2025-10-23 10:09:01,944] - [INFO] - Eval Loss: 4.4045 | Perplexity: 81.82 | Accuracy: 25.31% | Top-5 Accuracy: 37.86%
[2025-10-23 10:09:04,750] - [INFO] - Eval Loss: 4.3774 | Perplexity: 79.63 | Accuracy: 25.75% | Top-5 Accuracy: 38.51%
[2025-10-23 10:09:04,751] - [INFO] - 
=== Running combination ===
[2025-10-23 10:09:04,751] - [INFO] - Embed: 64, Hidden: 512, Top fraction: 0.05, Replace: True, Context: 5
[2025-10-23 10:09:06,273] - [INFO] - Train dataset contains 2194 samples
[2025-10-23 10:09:06,273] - [INFO] - Validation dataset contains 228 samples
[2025-10-23 10:09:06,273] - [INFO] - Test dataset contains 356 samples
[2025-10-23 10:09:06,276] - [INFO] - Top 5.00% frequent words (205) out of 4103 total words
[2025-10-23 10:09:06,276] - [INFO] - The fragment to replace is 0.16787383177570095 of the 205 frequent words (7704 out of 12933)
[2025-10-23 10:09:06,304] - [INFO] - Replaced 1334 / 12933 tokens (10.31%)
[2025-10-23 10:09:06,491] - [INFO] - Replaced 134 / 1371 tokens (9.77%)
[2025-10-23 10:09:06,497] - [INFO] - Replaced 178 / 2088 tokens (8.52%)
[2025-10-23 10:09:06,499] - [INFO] - ==== Example Sentence ====
[2025-10-23 10:09:06,499] - [INFO] - Original:  30년 전쟁의 승자는 누구인가?
[2025-10-23 10:09:06,500] - [INFO] - Tokenized: ['30년', '전쟁의', '승자는', '누구인가', '?']
[2025-10-23 10:09:06,500] - [INFO] - Replaced:  ['30년', '전쟁의', '승자는', '누구인가', '?']
[2025-10-23 10:09:06,500] - [INFO] - Window:    (tensor([1613,  994, 1112, 2172, 3970]), tensor(1119))
[2025-10-23 10:09:07,694] - [INFO] - Eval Loss: 5.1268 | Perplexity: 168.47 | Accuracy: 36.03% | Top-5 Accuracy: 57.33%
[2025-10-23 10:09:08,847] - [INFO] - Eval Loss: 4.4822 | Perplexity: 88.43 | Accuracy: 36.25% | Top-5 Accuracy: 58.28%
[2025-10-23 10:09:10,006] - [INFO] - Eval Loss: 4.3044 | Perplexity: 74.02 | Accuracy: 36.40% | Top-5 Accuracy: 59.23%
[2025-10-23 10:09:11,150] - [INFO] - Eval Loss: 4.1874 | Perplexity: 65.85 | Accuracy: 37.71% | Top-5 Accuracy: 59.59%
[2025-10-23 10:09:12,261] - [INFO] - Eval Loss: 4.0996 | Perplexity: 60.32 | Accuracy: 38.29% | Top-5 Accuracy: 59.66%
[2025-10-23 10:09:13,349] - [INFO] - Eval Loss: 4.0230 | Perplexity: 55.87 | Accuracy: 39.10% | Top-5 Accuracy: 60.10%
[2025-10-23 10:09:14,483] - [INFO] - Eval Loss: 4.0269 | Perplexity: 56.08 | Accuracy: 38.66% | Top-5 Accuracy: 60.18%
[2025-10-23 10:09:15,656] - [INFO] - Eval Loss: 3.9794 | Perplexity: 53.48 | Accuracy: 39.61% | Top-5 Accuracy: 60.76%
[2025-10-23 10:09:16,764] - [INFO] - Eval Loss: 3.9588 | Perplexity: 52.39 | Accuracy: 39.61% | Top-5 Accuracy: 61.42%
[2025-10-23 10:09:17,862] - [INFO] - Eval Loss: 3.9599 | Perplexity: 52.45 | Accuracy: 39.39% | Top-5 Accuracy: 61.49%
[2025-10-23 10:09:17,863] - [INFO] - 
=== Running combination ===
[2025-10-23 10:09:17,863] - [INFO] - Embed: 64, Hidden: 512, Top fraction: 0.05, Replace: True, Context: 5
[2025-10-23 10:09:19,522] - [INFO] - Train dataset contains 2194 samples
[2025-10-23 10:09:19,522] - [INFO] - Validation dataset contains 228 samples
[2025-10-23 10:09:19,522] - [INFO] - Test dataset contains 356 samples
[2025-10-23 10:09:19,525] - [INFO] - Top 5.00% frequent words (205) out of 4103 total words
[2025-10-23 10:09:19,525] - [INFO] - The fragment to replace is 0.08393691588785047 of the 205 frequent words (7704 out of 12933)
[2025-10-23 10:09:19,553] - [INFO] - Replaced 634 / 12933 tokens (4.90%)
[2025-10-23 10:09:19,570] - [INFO] - Replaced 63 / 1371 tokens (4.60%)
[2025-10-23 10:09:19,575] - [INFO] - Replaced 73 / 2088 tokens (3.50%)
[2025-10-23 10:09:19,578] - [INFO] - ==== Example Sentence ====
[2025-10-23 10:09:19,578] - [INFO] - Original:  30년 전쟁의 승자는 누구인가?
[2025-10-23 10:09:19,578] - [INFO] - Tokenized: ['30년', '전쟁의', '승자는', '누구인가', '?']
[2025-10-23 10:09:19,578] - [INFO] - Replaced:  ['30년', '전쟁의', '승자는', '누구인가', '?']
[2025-10-23 10:09:19,578] - [INFO] - Window:    (tensor([1613,  994, 1112, 2172, 3970]), tensor(1119))
[2025-10-23 10:09:22,465] - [INFO] - Eval Loss: 5.5248 | Perplexity: 250.85 | Accuracy: 18.16% | Top-5 Accuracy: 54.27%
[2025-10-23 10:09:25,333] - [INFO] - Eval Loss: 4.7456 | Perplexity: 115.08 | Accuracy: 19.99% | Top-5 Accuracy: 56.02%
[2025-10-23 10:09:28,201] - [INFO] - Eval Loss: 4.5144 | Perplexity: 91.33 | Accuracy: 22.25% | Top-5 Accuracy: 57.18%
[2025-10-23 10:09:31,069] - [INFO] - Eval Loss: 4.3802 | Perplexity: 79.86 | Accuracy: 25.53% | Top-5 Accuracy: 57.48%
[2025-10-23 10:09:33,946] - [INFO] - Eval Loss: 4.2788 | Perplexity: 72.16 | Accuracy: 25.97% | Top-5 Accuracy: 57.55%
[2025-10-23 10:09:36,819] - [INFO] - Eval Loss: 4.1959 | Perplexity: 66.41 | Accuracy: 26.19% | Top-5 Accuracy: 57.70%
[2025-10-23 10:09:39,692] - [INFO] - Eval Loss: 4.1722 | Perplexity: 64.86 | Accuracy: 26.19% | Top-5 Accuracy: 58.72%
[2025-10-23 10:09:42,567] - [INFO] - Eval Loss: 4.1241 | Perplexity: 61.81 | Accuracy: 26.55% | Top-5 Accuracy: 59.45%
[2025-10-23 10:09:45,435] - [INFO] - Eval Loss: 4.0968 | Perplexity: 60.15 | Accuracy: 26.84% | Top-5 Accuracy: 59.81%
[2025-10-23 10:09:48,302] - [INFO] - Eval Loss: 4.0820 | Perplexity: 59.26 | Accuracy: 27.43% | Top-5 Accuracy: 60.47%
[2025-10-23 10:09:48,303] - [INFO] - 
=== Running combination ===
[2025-10-23 10:09:48,303] - [INFO] - Embed: 64, Hidden: 512, Top fraction: 0.05, Replace: True, Context: 5
[2025-10-23 10:09:49,911] - [INFO] - Train dataset contains 2194 samples
[2025-10-23 10:09:49,911] - [INFO] - Validation dataset contains 228 samples
[2025-10-23 10:09:49,911] - [INFO] - Test dataset contains 356 samples
[2025-10-23 10:09:49,914] - [INFO] - Top 5.00% frequent words (205) out of 4103 total words
[2025-10-23 10:09:49,914] - [INFO] - The fragment to replace is 0.016787383177570094 of the 205 frequent words (7704 out of 12933)
[2025-10-23 10:09:49,942] - [INFO] - Replaced 123 / 12933 tokens (0.95%)
[2025-10-23 10:09:49,960] - [INFO] - Replaced 13 / 1371 tokens (0.95%)
[2025-10-23 10:09:49,967] - [INFO] - Replaced 14 / 2088 tokens (0.67%)
[2025-10-23 10:09:49,969] - [INFO] - ==== Example Sentence ====
[2025-10-23 10:09:49,969] - [INFO] - Original:  30년 전쟁의 승자는 누구인가?
[2025-10-23 10:09:49,969] - [INFO] - Tokenized: ['30년', '전쟁의', '승자는', '누구인가', '?']
[2025-10-23 10:09:49,969] - [INFO] - Replaced:  ['30년', '전쟁의', '승자는', '누구인가', '?']
[2025-10-23 10:09:49,969] - [INFO] - Window:    (tensor([1613,  994, 1112, 2172, 3970]), tensor(1119))
[2025-10-23 10:09:51,592] - [INFO] - Eval Loss: 5.9710 | Perplexity: 391.91 | Accuracy: 19.11% | Top-5 Accuracy: 31.58%
[2025-10-23 10:09:54,726] - [INFO] - Eval Loss: 5.1401 | Perplexity: 170.73 | Accuracy: 21.44% | Top-5 Accuracy: 32.31%
[2025-10-23 10:09:57,814] - [INFO] - Eval Loss: 4.8563 | Perplexity: 128.55 | Accuracy: 22.10% | Top-5 Accuracy: 33.41%
[2025-10-23 10:10:00,876] - [INFO] - Eval Loss: 4.6968 | Perplexity: 109.60 | Accuracy: 23.34% | Top-5 Accuracy: 34.65%
[2025-10-23 10:10:03,894] - [INFO] - Eval Loss: 4.5760 | Perplexity: 97.12 | Accuracy: 24.14% | Top-5 Accuracy: 36.98%
[2025-10-23 10:10:06,884] - [INFO] - Eval Loss: 4.4857 | Perplexity: 88.74 | Accuracy: 24.43% | Top-5 Accuracy: 38.07%
[2025-10-23 10:10:09,874] - [INFO] - Eval Loss: 4.4380 | Perplexity: 84.61 | Accuracy: 25.16% | Top-5 Accuracy: 38.73%
[2025-10-23 10:10:12,865] - [INFO] - Eval Loss: 4.3858 | Perplexity: 80.30 | Accuracy: 25.46% | Top-5 Accuracy: 39.90%
[2025-10-23 10:10:15,857] - [INFO] - Eval Loss: 4.3453 | Perplexity: 77.12 | Accuracy: 25.97% | Top-5 Accuracy: 40.04%
[2025-10-23 10:10:18,815] - [INFO] - Eval Loss: 4.3234 | Perplexity: 75.45 | Accuracy: 26.40% | Top-5 Accuracy: 39.90%
[2025-10-23 10:10:18,815] - [INFO] - 
=== Running combination ===
[2025-10-23 10:10:18,815] - [INFO] - Embed: 64, Hidden: 512, Top fraction: 0.05, Replace: True, Context: 2
[2025-10-23 10:10:20,364] - [INFO] - Train dataset contains 2194 samples
[2025-10-23 10:10:20,364] - [INFO] - Validation dataset contains 228 samples
[2025-10-23 10:10:20,364] - [INFO] - Test dataset contains 356 samples
[2025-10-23 10:10:20,368] - [INFO] - Top 5.00% frequent words (205) out of 4103 total words
[2025-10-23 10:10:20,368] - [INFO] - The fragment to replace is 0.16787383177570095 of the 205 frequent words (7704 out of 12933)
[2025-10-23 10:10:20,395] - [INFO] - Replaced 1334 / 12933 tokens (10.31%)
[2025-10-23 10:10:20,566] - [INFO] - Replaced 134 / 1371 tokens (9.77%)
[2025-10-23 10:10:20,572] - [INFO] - Replaced 178 / 2088 tokens (8.52%)
[2025-10-23 10:10:20,573] - [INFO] - ==== Example Sentence ====
[2025-10-23 10:10:20,573] - [INFO] - Original:  30년 전쟁의 승자는 누구인가?
[2025-10-23 10:10:20,573] - [INFO] - Tokenized: ['30년', '전쟁의', '승자는', '누구인가', '?']
[2025-10-23 10:10:20,573] - [INFO] - Replaced:  ['30년', '전쟁의', '승자는', '누구인가', '?']
[2025-10-23 10:10:20,574] - [INFO] - Window:    (tensor([1613,  994]), tensor(1112))
[2025-10-23 10:10:23,409] - [INFO] - Eval Loss: 6.4931 | Perplexity: 660.55 | Accuracy: 29.10% | Top-5 Accuracy: 55.94%
[2025-10-23 10:10:26,227] - [INFO] - Eval Loss: 4.7394 | Perplexity: 114.36 | Accuracy: 29.39% | Top-5 Accuracy: 56.38%
[2025-10-23 10:10:29,050] - [INFO] - Eval Loss: 4.3025 | Perplexity: 73.88 | Accuracy: 30.56% | Top-5 Accuracy: 57.04%
[2025-10-23 10:10:31,867] - [INFO] - Eval Loss: 4.1584 | Perplexity: 63.97 | Accuracy: 30.93% | Top-5 Accuracy: 58.13%
[2025-10-23 10:10:34,690] - [INFO] - Eval Loss: 4.0947 | Perplexity: 60.02 | Accuracy: 32.31% | Top-5 Accuracy: 58.42%
[2025-10-23 10:10:37,510] - [INFO] - Eval Loss: 4.0511 | Perplexity: 57.46 | Accuracy: 33.70% | Top-5 Accuracy: 58.57%
[2025-10-23 10:10:40,331] - [INFO] - Eval Loss: 4.0378 | Perplexity: 56.70 | Accuracy: 34.28% | Top-5 Accuracy: 59.52%
[2025-10-23 10:10:43,147] - [INFO] - Eval Loss: 4.0254 | Perplexity: 56.00 | Accuracy: 34.87% | Top-5 Accuracy: 60.32%
[2025-10-23 10:10:45,970] - [INFO] - Eval Loss: 4.0331 | Perplexity: 56.43 | Accuracy: 25.24% | Top-5 Accuracy: 61.05%
[2025-10-23 10:10:48,803] - [INFO] - Eval Loss: 4.0282 | Perplexity: 56.16 | Accuracy: 28.74% | Top-5 Accuracy: 61.71%
[2025-10-23 10:10:48,803] - [INFO] - 
=== Running combination ===
[2025-10-23 10:10:48,803] - [INFO] - Embed: 64, Hidden: 512, Top fraction: 0.05, Replace: True, Context: 2
[2025-10-23 10:10:50,341] - [INFO] - Train dataset contains 2194 samples
[2025-10-23 10:10:50,341] - [INFO] - Validation dataset contains 228 samples
[2025-10-23 10:10:50,341] - [INFO] - Test dataset contains 356 samples
[2025-10-23 10:10:50,344] - [INFO] - Top 5.00% frequent words (205) out of 4103 total words
[2025-10-23 10:10:50,344] - [INFO] - The fragment to replace is 0.08393691588785047 of the 205 frequent words (7704 out of 12933)
[2025-10-23 10:10:50,371] - [INFO] - Replaced 634 / 12933 tokens (4.90%)
[2025-10-23 10:10:50,385] - [INFO] - Replaced 63 / 1371 tokens (4.60%)
[2025-10-23 10:10:50,390] - [INFO] - Replaced 73 / 2088 tokens (3.50%)
[2025-10-23 10:10:50,392] - [INFO] - ==== Example Sentence ====
[2025-10-23 10:10:50,392] - [INFO] - Original:  30년 전쟁의 승자는 누구인가?
[2025-10-23 10:10:50,392] - [INFO] - Tokenized: ['30년', '전쟁의', '승자는', '누구인가', '?']
[2025-10-23 10:10:50,392] - [INFO] - Replaced:  ['30년', '전쟁의', '승자는', '누구인가', '?']
[2025-10-23 10:10:50,392] - [INFO] - Window:    (tensor([1613,  994]), tensor(1112))
[2025-10-23 10:10:53,232] - [INFO] - Eval Loss: 6.6966 | Perplexity: 809.63 | Accuracy: 16.34% | Top-5 Accuracy: 51.50%
[2025-10-23 10:10:56,065] - [INFO] - Eval Loss: 5.1650 | Perplexity: 175.03 | Accuracy: 16.56% | Top-5 Accuracy: 53.61%
[2025-10-23 10:10:58,892] - [INFO] - Eval Loss: 4.5552 | Perplexity: 95.13 | Accuracy: 17.21% | Top-5 Accuracy: 54.78%
[2025-10-23 10:11:01,711] - [INFO] - Eval Loss: 4.3580 | Perplexity: 78.10 | Accuracy: 25.09% | Top-5 Accuracy: 55.58%
[2025-10-23 10:11:04,530] - [INFO] - Eval Loss: 4.2613 | Perplexity: 70.90 | Accuracy: 20.42% | Top-5 Accuracy: 56.24%
[2025-10-23 10:11:07,342] - [INFO] - Eval Loss: 4.2005 | Perplexity: 66.72 | Accuracy: 21.37% | Top-5 Accuracy: 56.46%
[2025-10-23 10:11:10,150] - [INFO] - Eval Loss: 4.1703 | Perplexity: 64.73 | Accuracy: 21.44% | Top-5 Accuracy: 57.70%
[2025-10-23 10:11:12,953] - [INFO] - Eval Loss: 4.1476 | Perplexity: 63.28 | Accuracy: 21.95% | Top-5 Accuracy: 58.94%
[2025-10-23 10:11:15,756] - [INFO] - Eval Loss: 4.1412 | Perplexity: 62.88 | Accuracy: 22.61% | Top-5 Accuracy: 59.37%
[2025-10-23 10:11:18,571] - [INFO] - Eval Loss: 4.1364 | Perplexity: 62.58 | Accuracy: 23.05% | Top-5 Accuracy: 60.25%
[2025-10-23 10:11:18,571] - [INFO] - 
=== Running combination ===
[2025-10-23 10:11:18,572] - [INFO] - Embed: 64, Hidden: 512, Top fraction: 0.05, Replace: True, Context: 2
[2025-10-23 10:11:20,106] - [INFO] - Train dataset contains 2194 samples
[2025-10-23 10:11:20,106] - [INFO] - Validation dataset contains 228 samples
[2025-10-23 10:11:20,106] - [INFO] - Test dataset contains 356 samples
[2025-10-23 10:11:20,109] - [INFO] - Top 5.00% frequent words (205) out of 4103 total words
[2025-10-23 10:11:20,109] - [INFO] - The fragment to replace is 0.016787383177570094 of the 205 frequent words (7704 out of 12933)
[2025-10-23 10:11:20,137] - [INFO] - Replaced 123 / 12933 tokens (0.95%)
[2025-10-23 10:11:20,149] - [INFO] - Replaced 13 / 1371 tokens (0.95%)
[2025-10-23 10:11:20,154] - [INFO] - Replaced 14 / 2088 tokens (0.67%)
[2025-10-23 10:11:20,156] - [INFO] - ==== Example Sentence ====
[2025-10-23 10:11:20,156] - [INFO] - Original:  30년 전쟁의 승자는 누구인가?
[2025-10-23 10:11:20,156] - [INFO] - Tokenized: ['30년', '전쟁의', '승자는', '누구인가', '?']
[2025-10-23 10:11:20,156] - [INFO] - Replaced:  ['30년', '전쟁의', '승자는', '누구인가', '?']
[2025-10-23 10:11:20,156] - [INFO] - Window:    (tensor([1613,  994]), tensor(1112))
[2025-10-23 10:11:22,996] - [INFO] - Eval Loss: 6.8456 | Perplexity: 939.73 | Accuracy: 17.29% | Top-5 Accuracy: 30.05%
[2025-10-23 10:11:25,824] - [INFO] - Eval Loss: 5.5418 | Perplexity: 255.13 | Accuracy: 17.51% | Top-5 Accuracy: 31.07%
[2025-10-23 10:11:28,651] - [INFO] - Eval Loss: 4.9475 | Perplexity: 140.83 | Accuracy: 18.16% | Top-5 Accuracy: 32.09%
[2025-10-23 10:11:31,478] - [INFO] - Eval Loss: 4.6922 | Perplexity: 109.09 | Accuracy: 19.99% | Top-5 Accuracy: 32.75%
[2025-10-23 10:11:34,305] - [INFO] - Eval Loss: 4.5521 | Perplexity: 94.84 | Accuracy: 21.81% | Top-5 Accuracy: 33.77%
[2025-10-23 10:11:37,133] - [INFO] - Eval Loss: 4.4627 | Perplexity: 86.72 | Accuracy: 22.54% | Top-5 Accuracy: 35.23%
[2025-10-23 10:11:39,962] - [INFO] - Eval Loss: 4.4067 | Perplexity: 81.99 | Accuracy: 23.12% | Top-5 Accuracy: 35.96%
[2025-10-23 10:11:42,786] - [INFO] - Eval Loss: 4.3685 | Perplexity: 78.92 | Accuracy: 24.14% | Top-5 Accuracy: 36.83%
[2025-10-23 10:11:45,769] - [INFO] - Eval Loss: 4.3486 | Perplexity: 77.37 | Accuracy: 24.65% | Top-5 Accuracy: 37.86%
[2025-10-23 10:11:48,794] - [INFO] - Eval Loss: 4.3355 | Perplexity: 76.37 | Accuracy: 24.73% | Top-5 Accuracy: 38.37%
[2025-10-23 10:11:48,795] - [INFO] - 
=== Running combination ===
[2025-10-23 10:11:48,795] - [INFO] - Embed: 64, Hidden: 512, Top fraction: 0.05, Replace: False, Context: 5
[2025-10-23 10:11:50,320] - [INFO] - Train dataset contains 2194 samples
[2025-10-23 10:11:50,320] - [INFO] - Validation dataset contains 228 samples
[2025-10-23 10:11:50,320] - [INFO] - Test dataset contains 356 samples
[2025-10-23 10:11:50,323] - [INFO] - Top 5.00% frequent words (205) out of 4103 total words
[2025-10-23 10:11:50,323] - [INFO] - The fragment to replace is 6.308780487804879 of the 205 frequent words (205 out of 12933)
[2025-10-23 10:11:50,350] - [INFO] - Replaced 205 / 12933 tokens (1.59%)
[2025-10-23 10:11:50,568] - [INFO] - Replaced 8 / 1371 tokens (0.58%)
[2025-10-23 10:11:50,574] - [INFO] - Replaced 12 / 2088 tokens (0.57%)
[2025-10-23 10:11:50,576] - [INFO] - ==== Example Sentence ====
[2025-10-23 10:11:50,576] - [INFO] - Original:  30년 전쟁의 승자는 누구인가?
[2025-10-23 10:11:50,576] - [INFO] - Tokenized: ['30년', '전쟁의', '승자는', '누구인가', '?']
[2025-10-23 10:11:50,576] - [INFO] - Replaced:  ['30년', '전쟁의', '<UNK', '누구인가', '?']
[2025-10-23 10:11:50,577] - [INFO] - Window:    (tensor([1613,  994, 1112, 1957, 3970]), tensor(1119))
[2025-10-23 10:11:53,638] - [INFO] - Eval Loss: 5.6938 | Perplexity: 297.01 | Accuracy: 19.77% | Top-5 Accuracy: 48.58%
[2025-10-23 10:11:56,663] - [INFO] - Eval Loss: 4.8503 | Perplexity: 127.78 | Accuracy: 22.03% | Top-5 Accuracy: 50.18%
[2025-10-23 10:11:59,673] - [INFO] - Eval Loss: 4.5500 | Perplexity: 94.64 | Accuracy: 23.63% | Top-5 Accuracy: 52.30%
[2025-10-23 10:12:02,679] - [INFO] - Eval Loss: 4.3734 | Perplexity: 79.32 | Accuracy: 25.67% | Top-5 Accuracy: 53.46%
[2025-10-23 10:12:05,671] - [INFO] - Eval Loss: 4.2430 | Perplexity: 69.62 | Accuracy: 27.06% | Top-5 Accuracy: 53.76%
[2025-10-23 10:12:08,663] - [INFO] - Eval Loss: 4.1515 | Perplexity: 63.53 | Accuracy: 27.79% | Top-5 Accuracy: 54.41%
[2025-10-23 10:12:11,642] - [INFO] - Eval Loss: 4.1037 | Perplexity: 60.56 | Accuracy: 31.07% | Top-5 Accuracy: 55.80%
[2025-10-23 10:12:14,620] - [INFO] - Eval Loss: 4.0330 | Perplexity: 56.43 | Accuracy: 31.95% | Top-5 Accuracy: 56.97%
[2025-10-23 10:12:17,595] - [INFO] - Eval Loss: 3.9957 | Perplexity: 54.37 | Accuracy: 32.46% | Top-5 Accuracy: 57.26%
[2025-10-23 10:12:20,570] - [INFO] - Eval Loss: 3.9662 | Perplexity: 52.78 | Accuracy: 32.68% | Top-5 Accuracy: 57.62%
[2025-10-23 10:12:20,570] - [INFO] - 
=== Running combination ===
[2025-10-23 10:12:20,570] - [INFO] - Embed: 64, Hidden: 512, Top fraction: 0.05, Replace: False, Context: 5
[2025-10-23 10:12:22,099] - [INFO] - Train dataset contains 2194 samples
[2025-10-23 10:12:22,099] - [INFO] - Validation dataset contains 228 samples
[2025-10-23 10:12:22,099] - [INFO] - Test dataset contains 356 samples
[2025-10-23 10:12:22,102] - [INFO] - Top 5.00% frequent words (205) out of 4103 total words
[2025-10-23 10:12:22,102] - [INFO] - The fragment to replace is 3.1543902439024394 of the 205 frequent words (205 out of 12933)
[2025-10-23 10:12:22,128] - [INFO] - Replaced 205 / 12933 tokens (1.59%)
[2025-10-23 10:12:22,146] - [INFO] - Replaced 8 / 1371 tokens (0.58%)
[2025-10-23 10:12:22,152] - [INFO] - Replaced 12 / 2088 tokens (0.57%)
[2025-10-23 10:12:22,154] - [INFO] - ==== Example Sentence ====
[2025-10-23 10:12:22,154] - [INFO] - Original:  30년 전쟁의 승자는 누구인가?
[2025-10-23 10:12:22,154] - [INFO] - Tokenized: ['30년', '전쟁의', '승자는', '누구인가', '?']
[2025-10-23 10:12:22,154] - [INFO] - Replaced:  ['30년', '전쟁의', '<UNK', '누구인가', '?']
[2025-10-23 10:12:22,155] - [INFO] - Window:    (tensor([1613,  994, 1112, 1957, 3970]), tensor(1119))
[2025-10-23 10:12:25,143] - [INFO] - Eval Loss: 5.6938 | Perplexity: 297.01 | Accuracy: 19.77% | Top-5 Accuracy: 48.58%
[2025-10-23 10:12:28,102] - [INFO] - Eval Loss: 4.8503 | Perplexity: 127.78 | Accuracy: 22.03% | Top-5 Accuracy: 50.18%
[2025-10-23 10:12:31,053] - [INFO] - Eval Loss: 4.5500 | Perplexity: 94.64 | Accuracy: 23.63% | Top-5 Accuracy: 52.30%
[2025-10-23 10:12:33,995] - [INFO] - Eval Loss: 4.3734 | Perplexity: 79.32 | Accuracy: 25.67% | Top-5 Accuracy: 53.46%
[2025-10-23 10:12:36,918] - [INFO] - Eval Loss: 4.2430 | Perplexity: 69.62 | Accuracy: 27.06% | Top-5 Accuracy: 53.76%
[2025-10-23 10:12:39,832] - [INFO] - Eval Loss: 4.1515 | Perplexity: 63.53 | Accuracy: 27.79% | Top-5 Accuracy: 54.41%
[2025-10-23 10:12:42,736] - [INFO] - Eval Loss: 4.1037 | Perplexity: 60.56 | Accuracy: 31.07% | Top-5 Accuracy: 55.80%
[2025-10-23 10:12:45,633] - [INFO] - Eval Loss: 4.0330 | Perplexity: 56.43 | Accuracy: 31.95% | Top-5 Accuracy: 56.97%
[2025-10-23 10:12:48,526] - [INFO] - Eval Loss: 3.9957 | Perplexity: 54.37 | Accuracy: 32.46% | Top-5 Accuracy: 57.26%
[2025-10-23 10:12:51,609] - [INFO] - Eval Loss: 3.9662 | Perplexity: 52.78 | Accuracy: 32.68% | Top-5 Accuracy: 57.62%
[2025-10-23 10:12:51,610] - [INFO] - 
=== Running combination ===
[2025-10-23 10:12:51,610] - [INFO] - Embed: 64, Hidden: 512, Top fraction: 0.05, Replace: False, Context: 5
[2025-10-23 10:12:53,174] - [INFO] - Train dataset contains 2194 samples
[2025-10-23 10:12:53,174] - [INFO] - Validation dataset contains 228 samples
[2025-10-23 10:12:53,174] - [INFO] - Test dataset contains 356 samples
[2025-10-23 10:12:53,178] - [INFO] - Top 5.00% frequent words (205) out of 4103 total words
[2025-10-23 10:12:53,178] - [INFO] - The fragment to replace is 0.6308780487804879 of the 205 frequent words (205 out of 12933)
[2025-10-23 10:12:53,204] - [INFO] - Replaced 126 / 12933 tokens (0.97%)
[2025-10-23 10:12:53,224] - [INFO] - Replaced 3 / 1371 tokens (0.22%)
[2025-10-23 10:12:53,231] - [INFO] - Replaced 9 / 2088 tokens (0.43%)
[2025-10-23 10:12:53,233] - [INFO] - ==== Example Sentence ====
[2025-10-23 10:12:53,233] - [INFO] - Original:  30년 전쟁의 승자는 누구인가?
[2025-10-23 10:12:53,233] - [INFO] - Tokenized: ['30년', '전쟁의', '승자는', '누구인가', '?']
[2025-10-23 10:12:53,233] - [INFO] - Replaced:  ['30년', '전쟁의', '<UNK', '누구인가', '?']
[2025-10-23 10:12:53,233] - [INFO] - Window:    (tensor([1613,  994, 1112, 1957, 3970]), tensor(1119))
[2025-10-23 10:12:56,326] - [INFO] - Eval Loss: 5.8666 | Perplexity: 353.05 | Accuracy: 19.69% | Top-5 Accuracy: 32.24%
[2025-10-23 10:12:59,350] - [INFO] - Eval Loss: 5.0373 | Perplexity: 154.05 | Accuracy: 22.03% | Top-5 Accuracy: 32.60%
[2025-10-23 10:13:02,379] - [INFO] - Eval Loss: 4.7469 | Perplexity: 115.23 | Accuracy: 22.47% | Top-5 Accuracy: 36.91%
[2025-10-23 10:13:05,378] - [INFO] - Eval Loss: 4.5726 | Perplexity: 96.79 | Accuracy: 24.07% | Top-5 Accuracy: 46.32%
[2025-10-23 10:13:08,345] - [INFO] - Eval Loss: 4.4480 | Perplexity: 85.45 | Accuracy: 24.80% | Top-5 Accuracy: 43.18%
[2025-10-23 10:13:11,233] - [INFO] - Eval Loss: 4.3517 | Perplexity: 77.61 | Accuracy: 25.09% | Top-5 Accuracy: 44.35%
[2025-10-23 10:13:14,117] - [INFO] - Eval Loss: 4.2994 | Perplexity: 73.66 | Accuracy: 25.97% | Top-5 Accuracy: 52.74%
[2025-10-23 10:13:16,997] - [INFO] - Eval Loss: 4.2287 | Perplexity: 68.63 | Accuracy: 26.48% | Top-5 Accuracy: 53.83%
[2025-10-23 10:13:19,879] - [INFO] - Eval Loss: 4.1841 | Perplexity: 65.63 | Accuracy: 26.99% | Top-5 Accuracy: 54.49%
[2025-10-23 10:13:22,761] - [INFO] - Eval Loss: 4.1433 | Perplexity: 63.01 | Accuracy: 27.28% | Top-5 Accuracy: 55.36%
[2025-10-23 10:13:22,761] - [INFO] - 
=== Running combination ===
[2025-10-23 10:13:22,761] - [INFO] - Embed: 64, Hidden: 512, Top fraction: 0.05, Replace: False, Context: 2
[2025-10-23 10:13:24,301] - [INFO] - Train dataset contains 2194 samples
[2025-10-23 10:13:24,301] - [INFO] - Validation dataset contains 228 samples
[2025-10-23 10:13:24,301] - [INFO] - Test dataset contains 356 samples
[2025-10-23 10:13:24,304] - [INFO] - Top 5.00% frequent words (205) out of 4103 total words
[2025-10-23 10:13:24,304] - [INFO] - The fragment to replace is 6.308780487804879 of the 205 frequent words (205 out of 12933)
[2025-10-23 10:13:24,330] - [INFO] - Replaced 205 / 12933 tokens (1.59%)
[2025-10-23 10:13:24,518] - [INFO] - Replaced 8 / 1371 tokens (0.58%)
[2025-10-23 10:13:24,523] - [INFO] - Replaced 12 / 2088 tokens (0.57%)
[2025-10-23 10:13:24,525] - [INFO] - ==== Example Sentence ====
[2025-10-23 10:13:24,525] - [INFO] - Original:  30년 전쟁의 승자는 누구인가?
[2025-10-23 10:13:24,525] - [INFO] - Tokenized: ['30년', '전쟁의', '승자는', '누구인가', '?']
[2025-10-23 10:13:24,525] - [INFO] - Replaced:  ['30년', '전쟁의', '<UNK', '누구인가', '?']
[2025-10-23 10:13:24,525] - [INFO] - Window:    (tensor([1613,  994]), tensor(1112))
[2025-10-23 10:13:27,391] - [INFO] - Eval Loss: 6.7234 | Perplexity: 831.61 | Accuracy: 17.65% | Top-5 Accuracy: 38.88%
[2025-10-23 10:13:30,201] - [INFO] - Eval Loss: 5.2873 | Perplexity: 197.80 | Accuracy: 17.87% | Top-5 Accuracy: 36.32%
[2025-10-23 10:13:33,010] - [INFO] - Eval Loss: 4.6542 | Perplexity: 105.02 | Accuracy: 18.53% | Top-5 Accuracy: 47.99%
[2025-10-23 10:13:35,821] - [INFO] - Eval Loss: 4.3897 | Perplexity: 80.62 | Accuracy: 20.64% | Top-5 Accuracy: 49.74%
[2025-10-23 10:13:38,631] - [INFO] - Eval Loss: 4.2395 | Perplexity: 69.37 | Accuracy: 25.09% | Top-5 Accuracy: 51.28%
[2025-10-23 10:13:41,439] - [INFO] - Eval Loss: 4.1452 | Perplexity: 63.13 | Accuracy: 27.50% | Top-5 Accuracy: 53.10%
[2025-10-23 10:13:44,246] - [INFO] - Eval Loss: 4.0858 | Perplexity: 59.49 | Accuracy: 27.94% | Top-5 Accuracy: 54.85%
[2025-10-23 10:13:47,059] - [INFO] - Eval Loss: 4.0453 | Perplexity: 57.13 | Accuracy: 29.03% | Top-5 Accuracy: 55.36%
[2025-10-23 10:13:49,871] - [INFO] - Eval Loss: 4.0158 | Perplexity: 55.47 | Accuracy: 29.69% | Top-5 Accuracy: 56.46%
[2025-10-23 10:13:52,678] - [INFO] - Eval Loss: 3.9996 | Perplexity: 54.58 | Accuracy: 30.42% | Top-5 Accuracy: 56.82%
[2025-10-23 10:13:52,679] - [INFO] - 
=== Running combination ===
[2025-10-23 10:13:52,679] - [INFO] - Embed: 64, Hidden: 512, Top fraction: 0.05, Replace: False, Context: 2
[2025-10-23 10:13:54,263] - [INFO] - Train dataset contains 2194 samples
[2025-10-23 10:13:54,263] - [INFO] - Validation dataset contains 228 samples
[2025-10-23 10:13:54,263] - [INFO] - Test dataset contains 356 samples
[2025-10-23 10:13:54,266] - [INFO] - Top 5.00% frequent words (205) out of 4103 total words
[2025-10-23 10:13:54,266] - [INFO] - The fragment to replace is 3.1543902439024394 of the 205 frequent words (205 out of 12933)
[2025-10-23 10:13:54,293] - [INFO] - Replaced 205 / 12933 tokens (1.59%)
[2025-10-23 10:13:54,306] - [INFO] - Replaced 8 / 1371 tokens (0.58%)
[2025-10-23 10:13:54,311] - [INFO] - Replaced 12 / 2088 tokens (0.57%)
[2025-10-23 10:13:54,313] - [INFO] - ==== Example Sentence ====
[2025-10-23 10:13:54,313] - [INFO] - Original:  30년 전쟁의 승자는 누구인가?
[2025-10-23 10:13:54,313] - [INFO] - Tokenized: ['30년', '전쟁의', '승자는', '누구인가', '?']
[2025-10-23 10:13:54,313] - [INFO] - Replaced:  ['30년', '전쟁의', '<UNK', '누구인가', '?']
[2025-10-23 10:13:54,313] - [INFO] - Window:    (tensor([1613,  994]), tensor(1112))
[2025-10-23 10:13:57,150] - [INFO] - Eval Loss: 6.7234 | Perplexity: 831.61 | Accuracy: 17.65% | Top-5 Accuracy: 38.88%
[2025-10-23 10:13:59,980] - [INFO] - Eval Loss: 5.2873 | Perplexity: 197.80 | Accuracy: 17.87% | Top-5 Accuracy: 36.32%
[2025-10-23 10:14:02,799] - [INFO] - Eval Loss: 4.6542 | Perplexity: 105.02 | Accuracy: 18.53% | Top-5 Accuracy: 47.99%
[2025-10-23 10:14:05,617] - [INFO] - Eval Loss: 4.3897 | Perplexity: 80.62 | Accuracy: 20.64% | Top-5 Accuracy: 49.74%
[2025-10-23 10:14:08,435] - [INFO] - Eval Loss: 4.2395 | Perplexity: 69.37 | Accuracy: 25.09% | Top-5 Accuracy: 51.28%
[2025-10-23 10:14:11,252] - [INFO] - Eval Loss: 4.1452 | Perplexity: 63.13 | Accuracy: 27.50% | Top-5 Accuracy: 53.10%
[2025-10-23 10:14:14,075] - [INFO] - Eval Loss: 4.0858 | Perplexity: 59.49 | Accuracy: 27.94% | Top-5 Accuracy: 54.85%
[2025-10-23 10:14:16,893] - [INFO] - Eval Loss: 4.0453 | Perplexity: 57.13 | Accuracy: 29.03% | Top-5 Accuracy: 55.36%
[2025-10-23 10:14:19,713] - [INFO] - Eval Loss: 4.0158 | Perplexity: 55.47 | Accuracy: 29.69% | Top-5 Accuracy: 56.46%
[2025-10-23 10:14:22,536] - [INFO] - Eval Loss: 3.9996 | Perplexity: 54.58 | Accuracy: 30.42% | Top-5 Accuracy: 56.82%
[2025-10-23 10:14:22,536] - [INFO] - 
=== Running combination ===
[2025-10-23 10:14:22,536] - [INFO] - Embed: 64, Hidden: 512, Top fraction: 0.05, Replace: False, Context: 2
[2025-10-23 10:14:24,078] - [INFO] - Train dataset contains 2194 samples
[2025-10-23 10:14:24,078] - [INFO] - Validation dataset contains 228 samples
[2025-10-23 10:14:24,078] - [INFO] - Test dataset contains 356 samples
[2025-10-23 10:14:24,081] - [INFO] - Top 5.00% frequent words (205) out of 4103 total words
[2025-10-23 10:14:24,081] - [INFO] - The fragment to replace is 0.6308780487804879 of the 205 frequent words (205 out of 12933)
[2025-10-23 10:14:24,107] - [INFO] - Replaced 126 / 12933 tokens (0.97%)
[2025-10-23 10:14:24,120] - [INFO] - Replaced 3 / 1371 tokens (0.22%)
[2025-10-23 10:14:24,125] - [INFO] - Replaced 9 / 2088 tokens (0.43%)
[2025-10-23 10:14:24,126] - [INFO] - ==== Example Sentence ====
[2025-10-23 10:14:24,126] - [INFO] - Original:  30년 전쟁의 승자는 누구인가?
[2025-10-23 10:14:24,126] - [INFO] - Tokenized: ['30년', '전쟁의', '승자는', '누구인가', '?']
[2025-10-23 10:14:24,126] - [INFO] - Replaced:  ['30년', '전쟁의', '<UNK', '누구인가', '?']
[2025-10-23 10:14:24,127] - [INFO] - Window:    (tensor([1613,  994]), tensor(1112))
[2025-10-23 10:14:26,963] - [INFO] - Eval Loss: 6.7997 | Perplexity: 897.56 | Accuracy: 17.58% | Top-5 Accuracy: 30.34%
[2025-10-23 10:14:29,798] - [INFO] - Eval Loss: 5.4580 | Perplexity: 234.63 | Accuracy: 17.87% | Top-5 Accuracy: 31.44%
[2025-10-23 10:14:32,622] - [INFO] - Eval Loss: 4.8551 | Perplexity: 128.39 | Accuracy: 18.53% | Top-5 Accuracy: 32.68%
[2025-10-23 10:14:35,446] - [INFO] - Eval Loss: 4.5934 | Perplexity: 98.83 | Accuracy: 20.64% | Top-5 Accuracy: 33.48%
[2025-10-23 10:14:38,269] - [INFO] - Eval Loss: 4.4431 | Perplexity: 85.04 | Accuracy: 22.54% | Top-5 Accuracy: 34.72%
[2025-10-23 10:14:41,093] - [INFO] - Eval Loss: 4.3450 | Perplexity: 77.09 | Accuracy: 23.34% | Top-5 Accuracy: 43.54%
[2025-10-23 10:14:43,920] - [INFO] - Eval Loss: 4.2724 | Perplexity: 71.69 | Accuracy: 23.63% | Top-5 Accuracy: 47.26%
[2025-10-23 10:14:46,740] - [INFO] - Eval Loss: 4.2229 | Perplexity: 68.23 | Accuracy: 24.51% | Top-5 Accuracy: 50.62%
[2025-10-23 10:14:49,545] - [INFO] - Eval Loss: 4.1828 | Perplexity: 65.55 | Accuracy: 25.24% | Top-5 Accuracy: 52.59%
[2025-10-23 10:14:52,348] - [INFO] - Eval Loss: 4.1568 | Perplexity: 63.87 | Accuracy: 25.75% | Top-5 Accuracy: 53.25%
[2025-10-23 10:14:52,349] - [INFO] - 
=== Running combination ===
[2025-10-23 10:14:52,349] - [INFO] - Embed: 64, Hidden: 512, Top fraction: 0.1, Replace: True, Context: 5
[2025-10-23 10:14:53,891] - [INFO] - Train dataset contains 2194 samples
[2025-10-23 10:14:53,891] - [INFO] - Validation dataset contains 228 samples
[2025-10-23 10:14:53,891] - [INFO] - Test dataset contains 356 samples
[2025-10-23 10:14:53,894] - [INFO] - Top 10.00% frequent words (410) out of 4103 total words
[2025-10-23 10:14:53,894] - [INFO] - The fragment to replace is 0.1521708436286622 of the 410 frequent words (8499 out of 12933)
[2025-10-23 10:14:53,923] - [INFO] - Replaced 1334 / 12933 tokens (10.31%)
[2025-10-23 10:14:54,114] - [INFO] - Replaced 114 / 1371 tokens (8.32%)
[2025-10-23 10:14:54,120] - [INFO] - Replaced 200 / 2088 tokens (9.58%)
[2025-10-23 10:14:54,122] - [INFO] - ==== Example Sentence ====
[2025-10-23 10:14:54,122] - [INFO] - Original:  30년 전쟁의 승자는 누구인가?
[2025-10-23 10:14:54,122] - [INFO] - Tokenized: ['30년', '전쟁의', '승자는', '누구인가', '?']
[2025-10-23 10:14:54,122] - [INFO] - Replaced:  ['30년', '전쟁의', '승자는', '누구인가', '<UNK']
[2025-10-23 10:14:54,123] - [INFO] - Window:    (tensor([1613,  994, 1112, 2172, 3970]), tensor(1957))
[2025-10-23 10:14:57,029] - [INFO] - Eval Loss: 5.1276 | Perplexity: 168.61 | Accuracy: 34.72% | Top-5 Accuracy: 57.04%
[2025-10-23 10:14:59,918] - [INFO] - Eval Loss: 4.5053 | Perplexity: 90.50 | Accuracy: 35.45% | Top-5 Accuracy: 59.08%
[2025-10-23 10:15:02,803] - [INFO] - Eval Loss: 4.3066 | Perplexity: 74.19 | Accuracy: 36.47% | Top-5 Accuracy: 59.66%
[2025-10-23 10:15:05,686] - [INFO] - Eval Loss: 4.2097 | Perplexity: 67.34 | Accuracy: 37.56% | Top-5 Accuracy: 59.81%
[2025-10-23 10:15:08,572] - [INFO] - Eval Loss: 4.1173 | Perplexity: 61.39 | Accuracy: 35.74% | Top-5 Accuracy: 59.96%
[2025-10-23 10:15:11,458] - [INFO] - Eval Loss: 4.0466 | Perplexity: 57.20 | Accuracy: 38.44% | Top-5 Accuracy: 60.25%
[2025-10-23 10:15:14,341] - [INFO] - Eval Loss: 4.0234 | Perplexity: 55.89 | Accuracy: 36.25% | Top-5 Accuracy: 60.47%
[2025-10-23 10:15:17,222] - [INFO] - Eval Loss: 3.9810 | Perplexity: 53.57 | Accuracy: 38.73% | Top-5 Accuracy: 60.83%
[2025-10-23 10:15:20,081] - [INFO] - Eval Loss: 3.9809 | Perplexity: 53.56 | Accuracy: 36.62% | Top-5 Accuracy: 61.34%
[2025-10-23 10:15:22,946] - [INFO] - Eval Loss: 3.9604 | Perplexity: 52.48 | Accuracy: 37.05% | Top-5 Accuracy: 61.49%
[2025-10-23 10:15:22,946] - [INFO] - 
=== Running combination ===
[2025-10-23 10:15:22,946] - [INFO] - Embed: 64, Hidden: 512, Top fraction: 0.1, Replace: True, Context: 5
[2025-10-23 10:15:24,469] - [INFO] - Train dataset contains 2194 samples
[2025-10-23 10:15:24,469] - [INFO] - Validation dataset contains 228 samples
[2025-10-23 10:15:24,469] - [INFO] - Test dataset contains 356 samples
[2025-10-23 10:15:24,472] - [INFO] - Top 10.00% frequent words (410) out of 4103 total words
[2025-10-23 10:15:24,472] - [INFO] - The fragment to replace is 0.0760854218143311 of the 410 frequent words (8499 out of 12933)
[2025-10-23 10:15:24,499] - [INFO] - Replaced 621 / 12933 tokens (4.80%)
[2025-10-23 10:15:24,516] - [INFO] - Replaced 49 / 1371 tokens (3.57%)
[2025-10-23 10:15:24,522] - [INFO] - Replaced 92 / 2088 tokens (4.41%)
[2025-10-23 10:15:24,524] - [INFO] - ==== Example Sentence ====
[2025-10-23 10:15:24,524] - [INFO] - Original:  30년 전쟁의 승자는 누구인가?
[2025-10-23 10:15:24,524] - [INFO] - Tokenized: ['30년', '전쟁의', '승자는', '누구인가', '?']
[2025-10-23 10:15:24,524] - [INFO] - Replaced:  ['30년', '전쟁의', '승자는', '누구인가', '<UNK']
[2025-10-23 10:15:24,524] - [INFO] - Window:    (tensor([1613,  994, 1112, 2172, 3970]), tensor(1957))
[2025-10-23 10:15:27,434] - [INFO] - Eval Loss: 5.4934 | Perplexity: 243.07 | Accuracy: 18.60% | Top-5 Accuracy: 54.41%
[2025-10-23 10:15:30,326] - [INFO] - Eval Loss: 4.7495 | Perplexity: 115.53 | Accuracy: 20.42% | Top-5 Accuracy: 56.46%
[2025-10-23 10:15:33,220] - [INFO] - Eval Loss: 4.4722 | Perplexity: 87.55 | Accuracy: 23.12% | Top-5 Accuracy: 57.26%
[2025-10-23 10:15:36,120] - [INFO] - Eval Loss: 4.3583 | Perplexity: 78.12 | Accuracy: 25.53% | Top-5 Accuracy: 57.40%
[2025-10-23 10:15:39,185] - [INFO] - Eval Loss: 4.2519 | Perplexity: 70.24 | Accuracy: 27.13% | Top-5 Accuracy: 57.55%
[2025-10-23 10:15:42,332] - [INFO] - Eval Loss: 4.1817 | Perplexity: 65.48 | Accuracy: 26.70% | Top-5 Accuracy: 58.06%
[2025-10-23 10:15:45,414] - [INFO] - Eval Loss: 4.1399 | Perplexity: 62.79 | Accuracy: 26.70% | Top-5 Accuracy: 58.94%
[2025-10-23 10:15:48,441] - [INFO] - Eval Loss: 4.0767 | Perplexity: 58.95 | Accuracy: 27.79% | Top-5 Accuracy: 59.30%
[2025-10-23 10:15:51,410] - [INFO] - Eval Loss: 4.0757 | Perplexity: 58.89 | Accuracy: 27.64% | Top-5 Accuracy: 59.66%
[2025-10-23 10:15:54,369] - [INFO] - Eval Loss: 4.0342 | Perplexity: 56.50 | Accuracy: 28.45% | Top-5 Accuracy: 60.47%
[2025-10-23 10:15:54,370] - [INFO] - 
=== Running combination ===
[2025-10-23 10:15:54,370] - [INFO] - Embed: 64, Hidden: 512, Top fraction: 0.1, Replace: True, Context: 5
[2025-10-23 10:15:55,936] - [INFO] - Train dataset contains 2194 samples
[2025-10-23 10:15:55,936] - [INFO] - Validation dataset contains 228 samples
[2025-10-23 10:15:55,936] - [INFO] - Test dataset contains 356 samples
[2025-10-23 10:15:55,939] - [INFO] - Top 10.00% frequent words (410) out of 4103 total words
[2025-10-23 10:15:55,939] - [INFO] - The fragment to replace is 0.01521708436286622 of the 410 frequent words (8499 out of 12933)
[2025-10-23 10:15:55,966] - [INFO] - Replaced 124 / 12933 tokens (0.96%)
[2025-10-23 10:15:55,984] - [INFO] - Replaced 9 / 1371 tokens (0.66%)
[2025-10-23 10:15:55,990] - [INFO] - Replaced 19 / 2088 tokens (0.91%)
[2025-10-23 10:15:55,993] - [INFO] - ==== Example Sentence ====
[2025-10-23 10:15:55,993] - [INFO] - Original:  30년 전쟁의 승자는 누구인가?
[2025-10-23 10:15:55,993] - [INFO] - Tokenized: ['30년', '전쟁의', '승자는', '누구인가', '?']
[2025-10-23 10:15:55,993] - [INFO] - Replaced:  ['30년', '전쟁의', '승자는', '누구인가', '?']
[2025-10-23 10:15:55,993] - [INFO] - Window:    (tensor([1613,  994, 1112, 2172, 3970]), tensor(1119))
[2025-10-23 10:15:58,968] - [INFO] - Eval Loss: 5.9624 | Perplexity: 388.54 | Accuracy: 19.62% | Top-5 Accuracy: 31.66%
[2025-10-23 10:16:01,917] - [INFO] - Eval Loss: 5.1236 | Perplexity: 167.93 | Accuracy: 21.66% | Top-5 Accuracy: 32.60%
[2025-10-23 10:16:04,873] - [INFO] - Eval Loss: 4.8357 | Perplexity: 125.92 | Accuracy: 22.32% | Top-5 Accuracy: 33.92%
[2025-10-23 10:16:07,828] - [INFO] - Eval Loss: 4.6920 | Perplexity: 109.07 | Accuracy: 23.56% | Top-5 Accuracy: 35.08%
[2025-10-23 10:16:10,782] - [INFO] - Eval Loss: 4.5717 | Perplexity: 96.71 | Accuracy: 24.43% | Top-5 Accuracy: 36.54%
[2025-10-23 10:16:13,727] - [INFO] - Eval Loss: 4.4889 | Perplexity: 89.02 | Accuracy: 24.87% | Top-5 Accuracy: 37.49%
[2025-10-23 10:16:16,670] - [INFO] - Eval Loss: 4.4355 | Perplexity: 84.40 | Accuracy: 25.38% | Top-5 Accuracy: 38.80%
[2025-10-23 10:16:19,604] - [INFO] - Eval Loss: 4.3808 | Perplexity: 79.90 | Accuracy: 25.89% | Top-5 Accuracy: 40.77%
[2025-10-23 10:16:22,543] - [INFO] - Eval Loss: 4.3496 | Perplexity: 77.45 | Accuracy: 26.55% | Top-5 Accuracy: 41.36%
[2025-10-23 10:16:25,474] - [INFO] - Eval Loss: 4.3213 | Perplexity: 75.29 | Accuracy: 26.99% | Top-5 Accuracy: 41.72%
[2025-10-23 10:16:25,475] - [INFO] - 
=== Running combination ===
[2025-10-23 10:16:25,475] - [INFO] - Embed: 64, Hidden: 512, Top fraction: 0.1, Replace: True, Context: 2
[2025-10-23 10:16:27,224] - [INFO] - Train dataset contains 2194 samples
[2025-10-23 10:16:27,224] - [INFO] - Validation dataset contains 228 samples
[2025-10-23 10:16:27,224] - [INFO] - Test dataset contains 356 samples
[2025-10-23 10:16:27,227] - [INFO] - Top 10.00% frequent words (410) out of 4103 total words
[2025-10-23 10:16:27,227] - [INFO] - The fragment to replace is 0.1521708436286622 of the 410 frequent words (8499 out of 12933)
[2025-10-23 10:16:27,256] - [INFO] - Replaced 1334 / 12933 tokens (10.31%)
[2025-10-23 10:16:27,457] - [INFO] - Replaced 114 / 1371 tokens (8.32%)
[2025-10-23 10:16:27,463] - [INFO] - Replaced 200 / 2088 tokens (9.58%)
[2025-10-23 10:16:27,464] - [INFO] - ==== Example Sentence ====
[2025-10-23 10:16:27,464] - [INFO] - Original:  30년 전쟁의 승자는 누구인가?
[2025-10-23 10:16:27,464] - [INFO] - Tokenized: ['30년', '전쟁의', '승자는', '누구인가', '?']
[2025-10-23 10:16:27,464] - [INFO] - Replaced:  ['30년', '전쟁의', '승자는', '누구인가', '<UNK']
[2025-10-23 10:16:27,464] - [INFO] - Window:    (tensor([1613,  994]), tensor(1112))
[2025-10-23 10:16:30,330] - [INFO] - Eval Loss: 6.4971 | Perplexity: 663.20 | Accuracy: 27.72% | Top-5 Accuracy: 55.07%
[2025-10-23 10:16:33,189] - [INFO] - Eval Loss: 4.7611 | Perplexity: 116.87 | Accuracy: 25.82% | Top-5 Accuracy: 56.16%
[2025-10-23 10:16:36,039] - [INFO] - Eval Loss: 4.3313 | Perplexity: 76.05 | Accuracy: 29.91% | Top-5 Accuracy: 57.18%
[2025-10-23 10:16:38,881] - [INFO] - Eval Loss: 4.1765 | Perplexity: 65.14 | Accuracy: 31.07% | Top-5 Accuracy: 57.99%
[2025-10-23 10:16:41,732] - [INFO] - Eval Loss: 4.0981 | Perplexity: 60.22 | Accuracy: 32.31% | Top-5 Accuracy: 58.72%
[2025-10-23 10:16:44,580] - [INFO] - Eval Loss: 4.0534 | Perplexity: 57.59 | Accuracy: 33.41% | Top-5 Accuracy: 58.94%
[2025-10-23 10:16:47,426] - [INFO] - Eval Loss: 4.0284 | Perplexity: 56.17 | Accuracy: 34.21% | Top-5 Accuracy: 60.03%
[2025-10-23 10:16:50,266] - [INFO] - Eval Loss: 4.0170 | Perplexity: 55.54 | Accuracy: 32.09% | Top-5 Accuracy: 60.69%
[2025-10-23 10:16:53,108] - [INFO] - Eval Loss: 4.0210 | Perplexity: 55.76 | Accuracy: 26.19% | Top-5 Accuracy: 60.83%
[2025-10-23 10:16:55,952] - [INFO] - Eval Loss: 4.0142 | Perplexity: 55.38 | Accuracy: 26.33% | Top-5 Accuracy: 61.34%
[2025-10-23 10:16:55,952] - [INFO] - 
=== Running combination ===
[2025-10-23 10:16:55,952] - [INFO] - Embed: 64, Hidden: 512, Top fraction: 0.1, Replace: True, Context: 2
[2025-10-23 10:16:57,473] - [INFO] - Train dataset contains 2194 samples
[2025-10-23 10:16:57,473] - [INFO] - Validation dataset contains 228 samples
[2025-10-23 10:16:57,473] - [INFO] - Test dataset contains 356 samples
[2025-10-23 10:16:57,476] - [INFO] - Top 10.00% frequent words (410) out of 4103 total words
[2025-10-23 10:16:57,476] - [INFO] - The fragment to replace is 0.0760854218143311 of the 410 frequent words (8499 out of 12933)
[2025-10-23 10:16:57,504] - [INFO] - Replaced 621 / 12933 tokens (4.80%)
[2025-10-23 10:16:57,517] - [INFO] - Replaced 49 / 1371 tokens (3.57%)
[2025-10-23 10:16:57,522] - [INFO] - Replaced 92 / 2088 tokens (4.41%)
[2025-10-23 10:16:57,524] - [INFO] - ==== Example Sentence ====
[2025-10-23 10:16:57,524] - [INFO] - Original:  30년 전쟁의 승자는 누구인가?
[2025-10-23 10:16:57,524] - [INFO] - Tokenized: ['30년', '전쟁의', '승자는', '누구인가', '?']
[2025-10-23 10:16:57,524] - [INFO] - Replaced:  ['30년', '전쟁의', '승자는', '누구인가', '<UNK']
[2025-10-23 10:16:57,524] - [INFO] - Window:    (tensor([1613,  994]), tensor(1112))
[2025-10-23 10:17:00,375] - [INFO] - Eval Loss: 6.6955 | Perplexity: 808.74 | Accuracy: 16.85% | Top-5 Accuracy: 48.43%
[2025-10-23 10:17:03,264] - [INFO] - Eval Loss: 5.1462 | Perplexity: 171.78 | Accuracy: 17.14% | Top-5 Accuracy: 54.27%
[2025-10-23 10:17:06,097] - [INFO] - Eval Loss: 4.5395 | Perplexity: 93.64 | Accuracy: 17.72% | Top-5 Accuracy: 54.70%
[2025-10-23 10:17:08,925] - [INFO] - Eval Loss: 4.3358 | Perplexity: 76.39 | Accuracy: 25.75% | Top-5 Accuracy: 55.58%
[2025-10-23 10:17:11,757] - [INFO] - Eval Loss: 4.2314 | Perplexity: 68.81 | Accuracy: 21.37% | Top-5 Accuracy: 55.94%
[2025-10-23 10:17:14,587] - [INFO] - Eval Loss: 4.1709 | Perplexity: 64.78 | Accuracy: 21.95% | Top-5 Accuracy: 56.60%
[2025-10-23 10:17:17,408] - [INFO] - Eval Loss: 4.1376 | Perplexity: 62.65 | Accuracy: 22.76% | Top-5 Accuracy: 57.77%
[2025-10-23 10:17:20,219] - [INFO] - Eval Loss: 4.1155 | Perplexity: 61.28 | Accuracy: 23.05% | Top-5 Accuracy: 58.57%
[2025-10-23 10:17:23,021] - [INFO] - Eval Loss: 4.1089 | Perplexity: 60.88 | Accuracy: 23.56% | Top-5 Accuracy: 59.37%
[2025-10-23 10:17:25,862] - [INFO] - Eval Loss: 4.0942 | Perplexity: 59.99 | Accuracy: 24.43% | Top-5 Accuracy: 59.81%
[2025-10-23 10:17:25,863] - [INFO] - 
=== Running combination ===
[2025-10-23 10:17:25,863] - [INFO] - Embed: 64, Hidden: 512, Top fraction: 0.1, Replace: True, Context: 2
[2025-10-23 10:17:27,385] - [INFO] - Train dataset contains 2194 samples
[2025-10-23 10:17:27,385] - [INFO] - Validation dataset contains 228 samples
[2025-10-23 10:17:27,385] - [INFO] - Test dataset contains 356 samples
[2025-10-23 10:17:27,388] - [INFO] - Top 10.00% frequent words (410) out of 4103 total words
[2025-10-23 10:17:27,388] - [INFO] - The fragment to replace is 0.01521708436286622 of the 410 frequent words (8499 out of 12933)
[2025-10-23 10:17:27,416] - [INFO] - Replaced 124 / 12933 tokens (0.96%)
[2025-10-23 10:17:27,430] - [INFO] - Replaced 9 / 1371 tokens (0.66%)
[2025-10-23 10:17:27,435] - [INFO] - Replaced 19 / 2088 tokens (0.91%)
[2025-10-23 10:17:27,437] - [INFO] - ==== Example Sentence ====
[2025-10-23 10:17:27,437] - [INFO] - Original:  30년 전쟁의 승자는 누구인가?
[2025-10-23 10:17:27,437] - [INFO] - Tokenized: ['30년', '전쟁의', '승자는', '누구인가', '?']
[2025-10-23 10:17:27,437] - [INFO] - Replaced:  ['30년', '전쟁의', '승자는', '누구인가', '?']
[2025-10-23 10:17:27,437] - [INFO] - Window:    (tensor([1613,  994]), tensor(1112))
[2025-10-23 10:17:30,262] - [INFO] - Eval Loss: 6.8430 | Perplexity: 937.29 | Accuracy: 17.51% | Top-5 Accuracy: 30.12%
[2025-10-23 10:17:33,068] - [INFO] - Eval Loss: 5.5379 | Perplexity: 254.13 | Accuracy: 17.72% | Top-5 Accuracy: 31.36%
[2025-10-23 10:17:35,880] - [INFO] - Eval Loss: 4.9483 | Perplexity: 140.93 | Accuracy: 18.31% | Top-5 Accuracy: 32.53%
[2025-10-23 10:17:38,689] - [INFO] - Eval Loss: 4.6916 | Perplexity: 109.03 | Accuracy: 20.42% | Top-5 Accuracy: 33.04%
[2025-10-23 10:17:41,505] - [INFO] - Eval Loss: 4.5533 | Perplexity: 94.95 | Accuracy: 22.25% | Top-5 Accuracy: 34.06%
[2025-10-23 10:17:44,311] - [INFO] - Eval Loss: 4.4645 | Perplexity: 86.88 | Accuracy: 22.98% | Top-5 Accuracy: 35.23%
[2025-10-23 10:17:47,129] - [INFO] - Eval Loss: 4.4114 | Perplexity: 82.38 | Accuracy: 23.27% | Top-5 Accuracy: 36.54%
[2025-10-23 10:17:49,939] - [INFO] - Eval Loss: 4.3762 | Perplexity: 79.53 | Accuracy: 24.14% | Top-5 Accuracy: 36.98%
[2025-10-23 10:17:52,749] - [INFO] - Eval Loss: 4.3538 | Perplexity: 77.77 | Accuracy: 25.02% | Top-5 Accuracy: 38.29%
[2025-10-23 10:17:55,557] - [INFO] - Eval Loss: 4.3428 | Perplexity: 76.92 | Accuracy: 25.09% | Top-5 Accuracy: 39.17%
[2025-10-23 10:17:55,558] - [INFO] - 
=== Running combination ===
[2025-10-23 10:17:55,558] - [INFO] - Embed: 64, Hidden: 512, Top fraction: 0.1, Replace: False, Context: 5
[2025-10-23 10:17:57,309] - [INFO] - Train dataset contains 2194 samples
[2025-10-23 10:17:57,309] - [INFO] - Validation dataset contains 228 samples
[2025-10-23 10:17:57,309] - [INFO] - Test dataset contains 356 samples
[2025-10-23 10:17:57,312] - [INFO] - Top 10.00% frequent words (410) out of 4103 total words
[2025-10-23 10:17:57,312] - [INFO] - The fragment to replace is 3.1543902439024394 of the 410 frequent words (410 out of 12933)
[2025-10-23 10:17:57,339] - [INFO] - Replaced 410 / 12933 tokens (3.17%)
[2025-10-23 10:17:57,519] - [INFO] - Replaced 14 / 1371 tokens (1.02%)
[2025-10-23 10:17:57,525] - [INFO] - Replaced 29 / 2088 tokens (1.39%)
[2025-10-23 10:17:57,527] - [INFO] - ==== Example Sentence ====
[2025-10-23 10:17:57,527] - [INFO] - Original:  30년 전쟁의 승자는 누구인가?
[2025-10-23 10:17:57,527] - [INFO] - Tokenized: ['30년', '전쟁의', '승자는', '누구인가', '?']
[2025-10-23 10:17:57,527] - [INFO] - Replaced:  ['30년', '전쟁의', '<UNK', '누구인가', '?']
[2025-10-23 10:17:57,527] - [INFO] - Window:    (tensor([1613,  994, 1112, 1957, 3970]), tensor(1119))
[2025-10-23 10:18:00,410] - [INFO] - Eval Loss: 5.3894 | Perplexity: 219.07 | Accuracy: 19.55% | Top-5 Accuracy: 53.46%
[2025-10-23 10:18:03,276] - [INFO] - Eval Loss: 4.6090 | Perplexity: 100.38 | Accuracy: 23.49% | Top-5 Accuracy: 54.56%
[2025-10-23 10:18:06,145] - [INFO] - Eval Loss: 4.3405 | Perplexity: 76.75 | Accuracy: 27.64% | Top-5 Accuracy: 55.87%
[2025-10-23 10:18:09,016] - [INFO] - Eval Loss: 4.1786 | Perplexity: 65.28 | Accuracy: 29.76% | Top-5 Accuracy: 56.67%
[2025-10-23 10:18:11,884] - [INFO] - Eval Loss: 4.0630 | Perplexity: 58.15 | Accuracy: 30.63% | Top-5 Accuracy: 56.97%
[2025-10-23 10:18:14,753] - [INFO] - Eval Loss: 3.9890 | Perplexity: 54.00 | Accuracy: 30.93% | Top-5 Accuracy: 57.62%
[2025-10-23 10:18:17,637] - [INFO] - Eval Loss: 3.9453 | Perplexity: 51.69 | Accuracy: 32.09% | Top-5 Accuracy: 58.42%
[2025-10-23 10:18:20,508] - [INFO] - Eval Loss: 3.8853 | Perplexity: 48.68 | Accuracy: 32.53% | Top-5 Accuracy: 59.45%
[2025-10-23 10:18:23,378] - [INFO] - Eval Loss: 3.8483 | Perplexity: 46.91 | Accuracy: 33.19% | Top-5 Accuracy: 59.88%
[2025-10-23 10:18:26,246] - [INFO] - Eval Loss: 3.8196 | Perplexity: 45.59 | Accuracy: 33.19% | Top-5 Accuracy: 59.88%
[2025-10-23 10:18:26,247] - [INFO] - 
=== Running combination ===
[2025-10-23 10:18:26,247] - [INFO] - Embed: 64, Hidden: 512, Top fraction: 0.1, Replace: False, Context: 5
[2025-10-23 10:18:27,773] - [INFO] - Train dataset contains 2194 samples
[2025-10-23 10:18:27,774] - [INFO] - Validation dataset contains 228 samples
[2025-10-23 10:18:27,774] - [INFO] - Test dataset contains 356 samples
[2025-10-23 10:18:27,776] - [INFO] - Top 10.00% frequent words (410) out of 4103 total words
[2025-10-23 10:18:27,776] - [INFO] - The fragment to replace is 1.5771951219512197 of the 410 frequent words (410 out of 12933)
[2025-10-23 10:18:27,802] - [INFO] - Replaced 410 / 12933 tokens (3.17%)
[2025-10-23 10:18:27,819] - [INFO] - Replaced 14 / 1371 tokens (1.02%)
[2025-10-23 10:18:27,824] - [INFO] - Replaced 29 / 2088 tokens (1.39%)
[2025-10-23 10:18:27,826] - [INFO] - ==== Example Sentence ====
[2025-10-23 10:18:27,826] - [INFO] - Original:  30년 전쟁의 승자는 누구인가?
[2025-10-23 10:18:27,826] - [INFO] - Tokenized: ['30년', '전쟁의', '승자는', '누구인가', '?']
[2025-10-23 10:18:27,826] - [INFO] - Replaced:  ['30년', '전쟁의', '<UNK', '누구인가', '?']
[2025-10-23 10:18:27,827] - [INFO] - Window:    (tensor([1613,  994, 1112, 1957, 3970]), tensor(1119))
[2025-10-23 10:18:30,716] - [INFO] - Eval Loss: 5.3894 | Perplexity: 219.07 | Accuracy: 19.55% | Top-5 Accuracy: 53.46%
[2025-10-23 10:18:33,592] - [INFO] - Eval Loss: 4.6090 | Perplexity: 100.38 | Accuracy: 23.49% | Top-5 Accuracy: 54.56%
[2025-10-23 10:18:36,464] - [INFO] - Eval Loss: 4.3405 | Perplexity: 76.75 | Accuracy: 27.64% | Top-5 Accuracy: 55.87%
[2025-10-23 10:18:39,343] - [INFO] - Eval Loss: 4.1786 | Perplexity: 65.28 | Accuracy: 29.76% | Top-5 Accuracy: 56.67%
[2025-10-23 10:18:42,219] - [INFO] - Eval Loss: 4.0630 | Perplexity: 58.15 | Accuracy: 30.63% | Top-5 Accuracy: 56.97%
[2025-10-23 10:18:45,095] - [INFO] - Eval Loss: 3.9890 | Perplexity: 54.00 | Accuracy: 30.93% | Top-5 Accuracy: 57.62%
[2025-10-23 10:18:47,979] - [INFO] - Eval Loss: 3.9453 | Perplexity: 51.69 | Accuracy: 32.09% | Top-5 Accuracy: 58.42%
[2025-10-23 10:18:50,851] - [INFO] - Eval Loss: 3.8853 | Perplexity: 48.68 | Accuracy: 32.53% | Top-5 Accuracy: 59.45%
[2025-10-23 10:18:53,727] - [INFO] - Eval Loss: 3.8483 | Perplexity: 46.91 | Accuracy: 33.19% | Top-5 Accuracy: 59.88%
[2025-10-23 10:18:56,604] - [INFO] - Eval Loss: 3.8196 | Perplexity: 45.59 | Accuracy: 33.19% | Top-5 Accuracy: 59.88%
[2025-10-23 10:18:56,605] - [INFO] - 
=== Running combination ===
[2025-10-23 10:18:56,605] - [INFO] - Embed: 64, Hidden: 512, Top fraction: 0.1, Replace: False, Context: 5
[2025-10-23 10:18:58,158] - [INFO] - Train dataset contains 2194 samples
[2025-10-23 10:18:58,158] - [INFO] - Validation dataset contains 228 samples
[2025-10-23 10:18:58,158] - [INFO] - Test dataset contains 356 samples
[2025-10-23 10:18:58,161] - [INFO] - Top 10.00% frequent words (410) out of 4103 total words
[2025-10-23 10:18:58,161] - [INFO] - The fragment to replace is 0.31543902439024396 of the 410 frequent words (410 out of 12933)
[2025-10-23 10:18:58,187] - [INFO] - Replaced 141 / 12933 tokens (1.09%)
[2025-10-23 10:18:58,204] - [INFO] - Replaced 5 / 1371 tokens (0.36%)
[2025-10-23 10:18:58,210] - [INFO] - Replaced 13 / 2088 tokens (0.62%)
[2025-10-23 10:18:58,212] - [INFO] - ==== Example Sentence ====
[2025-10-23 10:18:58,212] - [INFO] - Original:  30년 전쟁의 승자는 누구인가?
[2025-10-23 10:18:58,212] - [INFO] - Tokenized: ['30년', '전쟁의', '승자는', '누구인가', '?']
[2025-10-23 10:18:58,212] - [INFO] - Replaced:  ['30년', '전쟁의', '<UNK', '누구인가', '?']
[2025-10-23 10:18:58,213] - [INFO] - Window:    (tensor([1613,  994, 1112, 1957, 3970]), tensor(1119))
[2025-10-23 10:19:01,098] - [INFO] - Eval Loss: 5.8420 | Perplexity: 344.45 | Accuracy: 19.77% | Top-5 Accuracy: 32.31%
[2025-10-23 10:19:03,973] - [INFO] - Eval Loss: 5.0014 | Perplexity: 148.62 | Accuracy: 21.95% | Top-5 Accuracy: 32.68%
[2025-10-23 10:19:06,832] - [INFO] - Eval Loss: 4.7226 | Perplexity: 112.46 | Accuracy: 22.47% | Top-5 Accuracy: 37.64%
[2025-10-23 10:19:09,695] - [INFO] - Eval Loss: 4.5603 | Perplexity: 95.61 | Accuracy: 24.07% | Top-5 Accuracy: 46.61%
[2025-10-23 10:19:12,560] - [INFO] - Eval Loss: 4.4344 | Perplexity: 84.30 | Accuracy: 24.87% | Top-5 Accuracy: 48.21%
[2025-10-23 10:19:15,425] - [INFO] - Eval Loss: 4.3504 | Perplexity: 77.51 | Accuracy: 25.09% | Top-5 Accuracy: 42.16%
[2025-10-23 10:19:18,291] - [INFO] - Eval Loss: 4.2981 | Perplexity: 73.56 | Accuracy: 25.97% | Top-5 Accuracy: 50.26%
[2025-10-23 10:19:21,153] - [INFO] - Eval Loss: 4.2319 | Perplexity: 68.85 | Accuracy: 26.40% | Top-5 Accuracy: 51.64%
[2025-10-23 10:19:24,019] - [INFO] - Eval Loss: 4.1802 | Perplexity: 65.38 | Accuracy: 26.70% | Top-5 Accuracy: 52.30%
[2025-10-23 10:19:26,882] - [INFO] - Eval Loss: 4.1476 | Perplexity: 63.28 | Accuracy: 27.06% | Top-5 Accuracy: 54.05%
[2025-10-23 10:19:26,883] - [INFO] - 
=== Running combination ===
[2025-10-23 10:19:26,883] - [INFO] - Embed: 64, Hidden: 512, Top fraction: 0.1, Replace: False, Context: 2
[2025-10-23 10:19:28,406] - [INFO] - Train dataset contains 2194 samples
[2025-10-23 10:19:28,406] - [INFO] - Validation dataset contains 228 samples
[2025-10-23 10:19:28,406] - [INFO] - Test dataset contains 356 samples
[2025-10-23 10:19:28,409] - [INFO] - Top 10.00% frequent words (410) out of 4103 total words
[2025-10-23 10:19:28,410] - [INFO] - The fragment to replace is 3.1543902439024394 of the 410 frequent words (410 out of 12933)
[2025-10-23 10:19:28,435] - [INFO] - Replaced 410 / 12933 tokens (3.17%)
[2025-10-23 10:19:28,449] - [INFO] - Replaced 14 / 1371 tokens (1.02%)
[2025-10-23 10:19:28,633] - [INFO] - Replaced 29 / 2088 tokens (1.39%)
[2025-10-23 10:19:28,635] - [INFO] - ==== Example Sentence ====
[2025-10-23 10:19:28,635] - [INFO] - Original:  30년 전쟁의 승자는 누구인가?
[2025-10-23 10:19:28,635] - [INFO] - Tokenized: ['30년', '전쟁의', '승자는', '누구인가', '?']
[2025-10-23 10:19:28,635] - [INFO] - Replaced:  ['30년', '전쟁의', '<UNK', '누구인가', '?']
[2025-10-23 10:19:28,635] - [INFO] - Window:    (tensor([1613,  994]), tensor(1112))
[2025-10-23 10:19:31,453] - [INFO] - Eval Loss: 6.5828 | Perplexity: 722.58 | Accuracy: 17.58% | Top-5 Accuracy: 49.89%
[2025-10-23 10:19:34,255] - [INFO] - Eval Loss: 4.9942 | Perplexity: 147.55 | Accuracy: 18.02% | Top-5 Accuracy: 52.30%
[2025-10-23 10:19:37,070] - [INFO] - Eval Loss: 4.4031 | Perplexity: 81.70 | Accuracy: 18.67% | Top-5 Accuracy: 52.81%
[2025-10-23 10:19:39,868] - [INFO] - Eval Loss: 4.1844 | Perplexity: 65.66 | Accuracy: 29.10% | Top-5 Accuracy: 53.98%
[2025-10-23 10:19:42,668] - [INFO] - Eval Loss: 4.0623 | Perplexity: 58.11 | Accuracy: 33.11% | Top-5 Accuracy: 54.92%
[2025-10-23 10:19:45,467] - [INFO] - Eval Loss: 3.9912 | Perplexity: 54.12 | Accuracy: 27.72% | Top-5 Accuracy: 57.04%
[2025-10-23 10:19:48,271] - [INFO] - Eval Loss: 3.9427 | Perplexity: 51.56 | Accuracy: 27.86% | Top-5 Accuracy: 57.91%
[2025-10-23 10:19:51,070] - [INFO] - Eval Loss: 3.9011 | Perplexity: 49.46 | Accuracy: 29.39% | Top-5 Accuracy: 58.57%
[2025-10-23 10:19:53,881] - [INFO] - Eval Loss: 3.8754 | Perplexity: 48.20 | Accuracy: 31.22% | Top-5 Accuracy: 59.37%
[2025-10-23 10:19:56,684] - [INFO] - Eval Loss: 3.8543 | Perplexity: 47.20 | Accuracy: 31.73% | Top-5 Accuracy: 59.52%
[2025-10-23 10:19:56,684] - [INFO] - 
=== Running combination ===
[2025-10-23 10:19:56,684] - [INFO] - Embed: 64, Hidden: 512, Top fraction: 0.1, Replace: False, Context: 2
[2025-10-23 10:19:58,192] - [INFO] - Train dataset contains 2194 samples
[2025-10-23 10:19:58,192] - [INFO] - Validation dataset contains 228 samples
[2025-10-23 10:19:58,192] - [INFO] - Test dataset contains 356 samples
[2025-10-23 10:19:58,195] - [INFO] - Top 10.00% frequent words (410) out of 4103 total words
[2025-10-23 10:19:58,195] - [INFO] - The fragment to replace is 1.5771951219512197 of the 410 frequent words (410 out of 12933)
[2025-10-23 10:19:58,222] - [INFO] - Replaced 410 / 12933 tokens (3.17%)
[2025-10-23 10:19:58,234] - [INFO] - Replaced 14 / 1371 tokens (1.02%)
[2025-10-23 10:19:58,240] - [INFO] - Replaced 29 / 2088 tokens (1.39%)
[2025-10-23 10:19:58,241] - [INFO] - ==== Example Sentence ====
[2025-10-23 10:19:58,241] - [INFO] - Original:  30년 전쟁의 승자는 누구인가?
[2025-10-23 10:19:58,241] - [INFO] - Tokenized: ['30년', '전쟁의', '승자는', '누구인가', '?']
[2025-10-23 10:19:58,241] - [INFO] - Replaced:  ['30년', '전쟁의', '<UNK', '누구인가', '?']
[2025-10-23 10:19:58,241] - [INFO] - Window:    (tensor([1613,  994]), tensor(1112))
[2025-10-23 10:19:59,439] - [INFO] - Eval Loss: 6.5828 | Perplexity: 722.58 | Accuracy: 17.58% | Top-5 Accuracy: 49.89%
[2025-10-23 10:20:00,601] - [INFO] - Eval Loss: 4.9942 | Perplexity: 147.55 | Accuracy: 18.02% | Top-5 Accuracy: 52.30%
[2025-10-23 10:20:01,714] - [INFO] - Eval Loss: 4.4031 | Perplexity: 81.70 | Accuracy: 18.67% | Top-5 Accuracy: 52.81%
[2025-10-23 10:20:02,755] - [INFO] - Eval Loss: 4.1844 | Perplexity: 65.66 | Accuracy: 29.10% | Top-5 Accuracy: 53.98%
[2025-10-23 10:20:03,818] - [INFO] - Eval Loss: 4.0623 | Perplexity: 58.11 | Accuracy: 33.11% | Top-5 Accuracy: 54.92%
[2025-10-23 10:20:04,893] - [INFO] - Eval Loss: 3.9912 | Perplexity: 54.12 | Accuracy: 27.72% | Top-5 Accuracy: 57.04%
[2025-10-23 10:20:05,981] - [INFO] - Eval Loss: 3.9427 | Perplexity: 51.56 | Accuracy: 27.86% | Top-5 Accuracy: 57.91%
[2025-10-23 10:20:07,099] - [INFO] - Eval Loss: 3.9011 | Perplexity: 49.46 | Accuracy: 29.39% | Top-5 Accuracy: 58.57%
[2025-10-23 10:20:08,208] - [INFO] - Eval Loss: 3.8754 | Perplexity: 48.20 | Accuracy: 31.22% | Top-5 Accuracy: 59.37%
[2025-10-23 10:20:09,307] - [INFO] - Eval Loss: 3.8543 | Perplexity: 47.20 | Accuracy: 31.73% | Top-5 Accuracy: 59.52%
[2025-10-23 10:20:09,307] - [INFO] - 
=== Running combination ===
[2025-10-23 10:20:09,307] - [INFO] - Embed: 64, Hidden: 512, Top fraction: 0.1, Replace: False, Context: 2
[2025-10-23 10:20:10,945] - [INFO] - Train dataset contains 2194 samples
[2025-10-23 10:20:10,945] - [INFO] - Validation dataset contains 228 samples
[2025-10-23 10:20:10,945] - [INFO] - Test dataset contains 356 samples
[2025-10-23 10:20:10,948] - [INFO] - Top 10.00% frequent words (410) out of 4103 total words
[2025-10-23 10:20:10,948] - [INFO] - The fragment to replace is 0.31543902439024396 of the 410 frequent words (410 out of 12933)
[2025-10-23 10:20:10,974] - [INFO] - Replaced 141 / 12933 tokens (1.09%)
[2025-10-23 10:20:10,987] - [INFO] - Replaced 5 / 1371 tokens (0.36%)
[2025-10-23 10:20:10,992] - [INFO] - Replaced 13 / 2088 tokens (0.62%)
[2025-10-23 10:20:10,994] - [INFO] - ==== Example Sentence ====
[2025-10-23 10:20:10,994] - [INFO] - Original:  30년 전쟁의 승자는 누구인가?
[2025-10-23 10:20:10,994] - [INFO] - Tokenized: ['30년', '전쟁의', '승자는', '누구인가', '?']
[2025-10-23 10:20:10,994] - [INFO] - Replaced:  ['30년', '전쟁의', '<UNK', '누구인가', '?']
[2025-10-23 10:20:10,994] - [INFO] - Window:    (tensor([1613,  994]), tensor(1112))
[2025-10-23 10:20:13,816] - [INFO] - Eval Loss: 6.7925 | Perplexity: 891.17 | Accuracy: 17.58% | Top-5 Accuracy: 30.63%
[2025-10-23 10:20:16,626] - [INFO] - Eval Loss: 5.4370 | Perplexity: 229.75 | Accuracy: 17.87% | Top-5 Accuracy: 31.58%
[2025-10-23 10:20:19,431] - [INFO] - Eval Loss: 4.8319 | Perplexity: 125.45 | Accuracy: 18.53% | Top-5 Accuracy: 32.90%
[2025-10-23 10:20:22,240] - [INFO] - Eval Loss: 4.5739 | Perplexity: 96.92 | Accuracy: 20.57% | Top-5 Accuracy: 33.70%
[2025-10-23 10:20:25,047] - [INFO] - Eval Loss: 4.4257 | Perplexity: 83.57 | Accuracy: 22.54% | Top-5 Accuracy: 41.87%
[2025-10-23 10:20:27,855] - [INFO] - Eval Loss: 4.3315 | Perplexity: 76.06 | Accuracy: 23.49% | Top-5 Accuracy: 43.33%
[2025-10-23 10:20:30,680] - [INFO] - Eval Loss: 4.2672 | Perplexity: 71.32 | Accuracy: 23.63% | Top-5 Accuracy: 44.71%
[2025-10-23 10:20:33,504] - [INFO] - Eval Loss: 4.2196 | Perplexity: 68.01 | Accuracy: 24.58% | Top-5 Accuracy: 45.66%
[2025-10-23 10:20:36,330] - [INFO] - Eval Loss: 4.1875 | Perplexity: 65.86 | Accuracy: 25.24% | Top-5 Accuracy: 46.90%
[2025-10-23 10:20:39,156] - [INFO] - Eval Loss: 4.1648 | Perplexity: 64.38 | Accuracy: 25.82% | Top-5 Accuracy: 49.82%
[2025-10-23 10:20:39,157] - [INFO] - 
=== Running combination ===
[2025-10-23 10:20:39,157] - [INFO] - Embed: 128, Hidden: 128, Top fraction: 0.01, Replace: True, Context: 5
[2025-10-23 10:20:40,669] - [INFO] - Train dataset contains 2194 samples
[2025-10-23 10:20:40,669] - [INFO] - Validation dataset contains 228 samples
[2025-10-23 10:20:40,669] - [INFO] - Test dataset contains 356 samples
[2025-10-23 10:20:40,672] - [INFO] - Top 1.00% frequent words (41) out of 4103 total words
[2025-10-23 10:20:40,672] - [INFO] - The fragment to replace is 0.21976210705182672 of the 41 frequent words (5885 out of 12933)
[2025-10-23 10:20:40,700] - [INFO] - Replaced 1308 / 12933 tokens (10.11%)
[2025-10-23 10:20:40,717] - [INFO] - Replaced 152 / 1371 tokens (11.09%)
[2025-10-23 10:20:40,723] - [INFO] - Replaced 213 / 2088 tokens (10.20%)
[2025-10-23 10:20:40,725] - [INFO] - ==== Example Sentence ====
[2025-10-23 10:20:40,725] - [INFO] - Original:  30년 전쟁의 승자는 누구인가?
[2025-10-23 10:20:40,725] - [INFO] - Tokenized: ['30년', '전쟁의', '승자는', '누구인가', '?']
[2025-10-23 10:20:40,725] - [INFO] - Replaced:  ['30년', '전쟁의', '승자는', '누구인가', '?']
[2025-10-23 10:20:40,726] - [INFO] - Window:    (tensor([1613,  994, 1112, 2172, 3970]), tensor(1119))
[2025-10-23 10:20:43,601] - [INFO] - Eval Loss: 6.6619 | Perplexity: 782.00 | Accuracy: 34.57% | Top-5 Accuracy: 49.09%
[2025-10-23 10:20:46,467] - [INFO] - Eval Loss: 5.2923 | Perplexity: 198.80 | Accuracy: 34.50% | Top-5 Accuracy: 55.00%
[2025-10-23 10:20:49,329] - [INFO] - Eval Loss: 4.9753 | Perplexity: 144.79 | Accuracy: 33.77% | Top-5 Accuracy: 57.04%
[2025-10-23 10:20:52,195] - [INFO] - Eval Loss: 4.7754 | Perplexity: 118.56 | Accuracy: 34.43% | Top-5 Accuracy: 57.48%
[2025-10-23 10:20:55,069] - [INFO] - Eval Loss: 4.6818 | Perplexity: 107.96 | Accuracy: 31.22% | Top-5 Accuracy: 57.84%
[2025-10-23 10:20:57,934] - [INFO] - Eval Loss: 4.5672 | Perplexity: 96.28 | Accuracy: 35.08% | Top-5 Accuracy: 58.72%
[2025-10-23 10:21:00,798] - [INFO] - Eval Loss: 4.4903 | Perplexity: 89.14 | Accuracy: 31.95% | Top-5 Accuracy: 58.86%
[2025-10-23 10:21:03,664] - [INFO] - Eval Loss: 4.4353 | Perplexity: 84.38 | Accuracy: 32.39% | Top-5 Accuracy: 59.01%
[2025-10-23 10:21:06,529] - [INFO] - Eval Loss: 4.3617 | Perplexity: 78.39 | Accuracy: 36.18% | Top-5 Accuracy: 59.37%
[2025-10-23 10:21:09,430] - [INFO] - Eval Loss: 4.3492 | Perplexity: 77.41 | Accuracy: 33.19% | Top-5 Accuracy: 59.52%
[2025-10-23 10:21:09,430] - [INFO] - 
=== Running combination ===
[2025-10-23 10:21:09,430] - [INFO] - Embed: 128, Hidden: 128, Top fraction: 0.01, Replace: True, Context: 5
[2025-10-23 10:21:10,935] - [INFO] - Train dataset contains 2194 samples
[2025-10-23 10:21:10,935] - [INFO] - Validation dataset contains 228 samples
[2025-10-23 10:21:10,935] - [INFO] - Test dataset contains 356 samples
[2025-10-23 10:21:10,938] - [INFO] - Top 1.00% frequent words (41) out of 4103 total words
[2025-10-23 10:21:10,938] - [INFO] - The fragment to replace is 0.10988105352591336 of the 41 frequent words (5885 out of 12933)
[2025-10-23 10:21:11,128] - [INFO] - Replaced 642 / 12933 tokens (4.96%)
[2025-10-23 10:21:11,145] - [INFO] - Replaced 75 / 1371 tokens (5.47%)
[2025-10-23 10:21:11,151] - [INFO] - Replaced 111 / 2088 tokens (5.32%)
[2025-10-23 10:21:11,153] - [INFO] - ==== Example Sentence ====
[2025-10-23 10:21:11,153] - [INFO] - Original:  30년 전쟁의 승자는 누구인가?
[2025-10-23 10:21:11,153] - [INFO] - Tokenized: ['30년', '전쟁의', '승자는', '누구인가', '?']
[2025-10-23 10:21:11,153] - [INFO] - Replaced:  ['30년', '전쟁의', '승자는', '누구인가', '?']
[2025-10-23 10:21:11,153] - [INFO] - Window:    (tensor([1613,  994, 1112, 2172, 3970]), tensor(1119))
[2025-10-23 10:21:14,029] - [INFO] - Eval Loss: 7.0725 | Perplexity: 1179.08 | Accuracy: 14.59% | Top-5 Accuracy: 46.17%
[2025-10-23 10:21:16,897] - [INFO] - Eval Loss: 5.5638 | Perplexity: 260.82 | Accuracy: 18.75% | Top-5 Accuracy: 53.68%
[2025-10-23 10:21:19,752] - [INFO] - Eval Loss: 5.1805 | Perplexity: 177.77 | Accuracy: 20.71% | Top-5 Accuracy: 55.65%
[2025-10-23 10:21:22,608] - [INFO] - Eval Loss: 4.9556 | Perplexity: 141.96 | Accuracy: 24.43% | Top-5 Accuracy: 56.53%
[2025-10-23 10:21:25,467] - [INFO] - Eval Loss: 4.8531 | Perplexity: 128.14 | Accuracy: 24.43% | Top-5 Accuracy: 57.55%
[2025-10-23 10:21:28,323] - [INFO] - Eval Loss: 4.7258 | Perplexity: 112.82 | Accuracy: 26.04% | Top-5 Accuracy: 58.13%
[2025-10-23 10:21:31,178] - [INFO] - Eval Loss: 4.6268 | Perplexity: 102.18 | Accuracy: 25.75% | Top-5 Accuracy: 58.42%
[2025-10-23 10:21:34,034] - [INFO] - Eval Loss: 4.5443 | Perplexity: 94.10 | Accuracy: 24.73% | Top-5 Accuracy: 58.79%
[2025-10-23 10:21:36,891] - [INFO] - Eval Loss: 4.4634 | Perplexity: 86.79 | Accuracy: 24.87% | Top-5 Accuracy: 58.86%
[2025-10-23 10:21:39,751] - [INFO] - Eval Loss: 4.4211 | Perplexity: 83.19 | Accuracy: 24.58% | Top-5 Accuracy: 59.23%
[2025-10-23 10:21:39,752] - [INFO] - 
=== Running combination ===
[2025-10-23 10:21:39,752] - [INFO] - Embed: 128, Hidden: 128, Top fraction: 0.01, Replace: True, Context: 5
[2025-10-23 10:21:41,537] - [INFO] - Train dataset contains 2194 samples
[2025-10-23 10:21:41,537] - [INFO] - Validation dataset contains 228 samples
[2025-10-23 10:21:41,537] - [INFO] - Test dataset contains 356 samples
[2025-10-23 10:21:41,540] - [INFO] - Top 1.00% frequent words (41) out of 4103 total words
[2025-10-23 10:21:41,540] - [INFO] - The fragment to replace is 0.02197621070518267 of the 41 frequent words (5885 out of 12933)
[2025-10-23 10:21:41,567] - [INFO] - Replaced 121 / 12933 tokens (0.94%)
[2025-10-23 10:21:41,584] - [INFO] - Replaced 15 / 1371 tokens (1.09%)
[2025-10-23 10:21:41,590] - [INFO] - Replaced 22 / 2088 tokens (1.05%)
[2025-10-23 10:21:41,592] - [INFO] - ==== Example Sentence ====
[2025-10-23 10:21:41,592] - [INFO] - Original:  30년 전쟁의 승자는 누구인가?
[2025-10-23 10:21:41,592] - [INFO] - Tokenized: ['30년', '전쟁의', '승자는', '누구인가', '?']
[2025-10-23 10:21:41,592] - [INFO] - Replaced:  ['30년', '전쟁의', '승자는', '누구인가', '?']
[2025-10-23 10:21:41,593] - [INFO] - Window:    (tensor([1613,  994, 1112, 2172, 3970]), tensor(1119))
[2025-10-23 10:21:44,446] - [INFO] - Eval Loss: 7.3297 | Perplexity: 1524.99 | Accuracy: 16.27% | Top-5 Accuracy: 24.95%
[2025-10-23 10:21:47,292] - [INFO] - Eval Loss: 6.0865 | Perplexity: 439.87 | Accuracy: 20.28% | Top-5 Accuracy: 29.18%
[2025-10-23 10:21:50,152] - [INFO] - Eval Loss: 5.6015 | Perplexity: 270.83 | Accuracy: 21.81% | Top-5 Accuracy: 32.39%
[2025-10-23 10:21:53,013] - [INFO] - Eval Loss: 5.3227 | Perplexity: 204.94 | Accuracy: 22.32% | Top-5 Accuracy: 34.14%
[2025-10-23 10:21:55,873] - [INFO] - Eval Loss: 5.1660 | Perplexity: 175.22 | Accuracy: 22.76% | Top-5 Accuracy: 35.38%
[2025-10-23 10:21:58,738] - [INFO] - Eval Loss: 5.0372 | Perplexity: 154.05 | Accuracy: 24.22% | Top-5 Accuracy: 36.11%
[2025-10-23 10:22:01,600] - [INFO] - Eval Loss: 4.9285 | Perplexity: 138.17 | Accuracy: 24.87% | Top-5 Accuracy: 36.69%
[2025-10-23 10:22:04,461] - [INFO] - Eval Loss: 4.8316 | Perplexity: 125.42 | Accuracy: 25.60% | Top-5 Accuracy: 37.71%
[2025-10-23 10:22:07,324] - [INFO] - Eval Loss: 4.7445 | Perplexity: 114.95 | Accuracy: 26.11% | Top-5 Accuracy: 38.22%
[2025-10-23 10:22:10,196] - [INFO] - Eval Loss: 4.6869 | Perplexity: 108.51 | Accuracy: 26.04% | Top-5 Accuracy: 38.95%
[2025-10-23 10:22:10,196] - [INFO] - 
=== Running combination ===
[2025-10-23 10:22:10,196] - [INFO] - Embed: 128, Hidden: 128, Top fraction: 0.01, Replace: True, Context: 2
[2025-10-23 10:22:11,711] - [INFO] - Train dataset contains 2194 samples
[2025-10-23 10:22:11,711] - [INFO] - Validation dataset contains 228 samples
[2025-10-23 10:22:11,711] - [INFO] - Test dataset contains 356 samples
[2025-10-23 10:22:11,714] - [INFO] - Top 1.00% frequent words (41) out of 4103 total words
[2025-10-23 10:22:11,714] - [INFO] - The fragment to replace is 0.21976210705182672 of the 41 frequent words (5885 out of 12933)
[2025-10-23 10:22:11,743] - [INFO] - Replaced 1308 / 12933 tokens (10.11%)
[2025-10-23 10:22:11,755] - [INFO] - Replaced 152 / 1371 tokens (11.09%)
[2025-10-23 10:22:11,761] - [INFO] - Replaced 213 / 2088 tokens (10.20%)
[2025-10-23 10:22:11,762] - [INFO] - ==== Example Sentence ====
[2025-10-23 10:22:11,762] - [INFO] - Original:  30년 전쟁의 승자는 누구인가?
[2025-10-23 10:22:11,762] - [INFO] - Tokenized: ['30년', '전쟁의', '승자는', '누구인가', '?']
[2025-10-23 10:22:11,762] - [INFO] - Replaced:  ['30년', '전쟁의', '승자는', '누구인가', '?']
[2025-10-23 10:22:11,762] - [INFO] - Window:    (tensor([1613,  994]), tensor(1112))
[2025-10-23 10:22:12,935] - [INFO] - Eval Loss: 7.8318 | Perplexity: 2519.44 | Accuracy: 8.90% | Top-5 Accuracy: 24.65%
[2025-10-23 10:22:14,108] - [INFO] - Eval Loss: 7.0775 | Perplexity: 1184.97 | Accuracy: 24.95% | Top-5 Accuracy: 45.88%
[2025-10-23 10:22:15,209] - [INFO] - Eval Loss: 6.0269 | Perplexity: 414.42 | Accuracy: 26.77% | Top-5 Accuracy: 54.70%
[2025-10-23 10:22:16,281] - [INFO] - Eval Loss: 5.2660 | Perplexity: 193.64 | Accuracy: 27.35% | Top-5 Accuracy: 56.02%
[2025-10-23 10:22:17,367] - [INFO] - Eval Loss: 4.9613 | Perplexity: 142.77 | Accuracy: 27.28% | Top-5 Accuracy: 57.11%
[2025-10-23 10:22:18,448] - [INFO] - Eval Loss: 4.7577 | Perplexity: 116.48 | Accuracy: 27.28% | Top-5 Accuracy: 57.40%
[2025-10-23 10:22:19,549] - [INFO] - Eval Loss: 4.6069 | Perplexity: 100.17 | Accuracy: 30.27% | Top-5 Accuracy: 57.62%
[2025-10-23 10:22:20,661] - [INFO] - Eval Loss: 4.4956 | Perplexity: 89.63 | Accuracy: 30.85% | Top-5 Accuracy: 57.70%
[2025-10-23 10:22:21,728] - [INFO] - Eval Loss: 4.4120 | Perplexity: 82.43 | Accuracy: 31.29% | Top-5 Accuracy: 57.99%
[2025-10-23 10:22:22,807] - [INFO] - Eval Loss: 4.3533 | Perplexity: 77.73 | Accuracy: 31.22% | Top-5 Accuracy: 58.35%
[2025-10-23 10:22:22,808] - [INFO] - 
=== Running combination ===
[2025-10-23 10:22:22,808] - [INFO] - Embed: 128, Hidden: 128, Top fraction: 0.01, Replace: True, Context: 2
[2025-10-23 10:22:24,484] - [INFO] - Train dataset contains 2194 samples
[2025-10-23 10:22:24,484] - [INFO] - Validation dataset contains 228 samples
[2025-10-23 10:22:24,484] - [INFO] - Test dataset contains 356 samples
[2025-10-23 10:22:24,487] - [INFO] - Top 1.00% frequent words (41) out of 4103 total words
[2025-10-23 10:22:24,487] - [INFO] - The fragment to replace is 0.10988105352591336 of the 41 frequent words (5885 out of 12933)
[2025-10-23 10:22:24,510] - [INFO] - Replaced 642 / 12933 tokens (4.96%)
[2025-10-23 10:22:24,521] - [INFO] - Replaced 75 / 1371 tokens (5.47%)
[2025-10-23 10:22:24,525] - [INFO] - Replaced 111 / 2088 tokens (5.32%)
[2025-10-23 10:22:24,527] - [INFO] - ==== Example Sentence ====
[2025-10-23 10:22:24,527] - [INFO] - Original:  30년 전쟁의 승자는 누구인가?
[2025-10-23 10:22:24,527] - [INFO] - Tokenized: ['30년', '전쟁의', '승자는', '누구인가', '?']
[2025-10-23 10:22:24,527] - [INFO] - Replaced:  ['30년', '전쟁의', '승자는', '누구인가', '?']
[2025-10-23 10:22:24,527] - [INFO] - Window:    (tensor([1613,  994]), tensor(1112))
[2025-10-23 10:22:26,266] - [INFO] - Eval Loss: 7.8769 | Perplexity: 2635.66 | Accuracy: 7.29% | Top-5 Accuracy: 17.07%
[2025-10-23 10:22:29,124] - [INFO] - Eval Loss: 7.2528 | Perplexity: 1412.10 | Accuracy: 18.53% | Top-5 Accuracy: 30.42%
[2025-10-23 10:22:31,986] - [INFO] - Eval Loss: 6.4150 | Perplexity: 610.94 | Accuracy: 19.04% | Top-5 Accuracy: 44.06%
[2025-10-23 10:22:34,845] - [INFO] - Eval Loss: 5.6645 | Perplexity: 288.46 | Accuracy: 18.31% | Top-5 Accuracy: 49.89%
[2025-10-23 10:22:37,709] - [INFO] - Eval Loss: 5.1958 | Perplexity: 180.52 | Accuracy: 18.09% | Top-5 Accuracy: 55.65%
[2025-10-23 10:22:40,571] - [INFO] - Eval Loss: 4.9241 | Perplexity: 137.57 | Accuracy: 19.40% | Top-5 Accuracy: 56.75%
[2025-10-23 10:22:43,430] - [INFO] - Eval Loss: 4.7555 | Perplexity: 116.23 | Accuracy: 20.64% | Top-5 Accuracy: 56.75%
[2025-10-23 10:22:46,292] - [INFO] - Eval Loss: 4.6291 | Perplexity: 102.42 | Accuracy: 20.93% | Top-5 Accuracy: 56.67%
[2025-10-23 10:22:49,143] - [INFO] - Eval Loss: 4.5297 | Perplexity: 92.73 | Accuracy: 21.01% | Top-5 Accuracy: 56.89%
[2025-10-23 10:22:52,001] - [INFO] - Eval Loss: 4.4542 | Perplexity: 85.99 | Accuracy: 21.52% | Top-5 Accuracy: 57.40%
[2025-10-23 10:22:52,001] - [INFO] - 
=== Running combination ===
[2025-10-23 10:22:52,001] - [INFO] - Embed: 128, Hidden: 128, Top fraction: 0.01, Replace: True, Context: 2
[2025-10-23 10:22:53,514] - [INFO] - Train dataset contains 2194 samples
[2025-10-23 10:22:53,514] - [INFO] - Validation dataset contains 228 samples
[2025-10-23 10:22:53,514] - [INFO] - Test dataset contains 356 samples
[2025-10-23 10:22:53,517] - [INFO] - Top 1.00% frequent words (41) out of 4103 total words
[2025-10-23 10:22:53,517] - [INFO] - The fragment to replace is 0.02197621070518267 of the 41 frequent words (5885 out of 12933)
[2025-10-23 10:22:53,544] - [INFO] - Replaced 121 / 12933 tokens (0.94%)
[2025-10-23 10:22:53,557] - [INFO] - Replaced 15 / 1371 tokens (1.09%)
[2025-10-23 10:22:53,563] - [INFO] - Replaced 22 / 2088 tokens (1.05%)
[2025-10-23 10:22:53,564] - [INFO] - ==== Example Sentence ====
[2025-10-23 10:22:53,564] - [INFO] - Original:  30년 전쟁의 승자는 누구인가?
[2025-10-23 10:22:53,564] - [INFO] - Tokenized: ['30년', '전쟁의', '승자는', '누구인가', '?']
[2025-10-23 10:22:53,565] - [INFO] - Replaced:  ['30년', '전쟁의', '승자는', '누구인가', '?']
[2025-10-23 10:22:53,565] - [INFO] - Window:    (tensor([1613,  994]), tensor(1112))
[2025-10-23 10:22:56,434] - [INFO] - Eval Loss: 7.9007 | Perplexity: 2699.17 | Accuracy: 9.77% | Top-5 Accuracy: 18.45%
[2025-10-23 10:22:59,294] - [INFO] - Eval Loss: 7.3387 | Perplexity: 1538.68 | Accuracy: 18.38% | Top-5 Accuracy: 28.88%
[2025-10-23 10:23:02,151] - [INFO] - Eval Loss: 6.6281 | Perplexity: 756.07 | Accuracy: 20.42% | Top-5 Accuracy: 31.36%
[2025-10-23 10:23:05,010] - [INFO] - Eval Loss: 6.0405 | Perplexity: 420.12 | Accuracy: 21.01% | Top-5 Accuracy: 33.99%
[2025-10-23 10:23:07,883] - [INFO] - Eval Loss: 5.6589 | Perplexity: 286.83 | Accuracy: 20.64% | Top-5 Accuracy: 35.08%
[2025-10-23 10:23:10,752] - [INFO] - Eval Loss: 5.3784 | Perplexity: 216.67 | Accuracy: 22.10% | Top-5 Accuracy: 35.38%
[2025-10-23 10:23:13,618] - [INFO] - Eval Loss: 5.1629 | Perplexity: 174.67 | Accuracy: 22.25% | Top-5 Accuracy: 35.67%
[2025-10-23 10:23:16,486] - [INFO] - Eval Loss: 4.9844 | Perplexity: 146.11 | Accuracy: 23.05% | Top-5 Accuracy: 36.18%
[2025-10-23 10:23:19,348] - [INFO] - Eval Loss: 4.8406 | Perplexity: 126.54 | Accuracy: 23.34% | Top-5 Accuracy: 36.62%
[2025-10-23 10:23:22,205] - [INFO] - Eval Loss: 4.7245 | Perplexity: 112.67 | Accuracy: 23.49% | Top-5 Accuracy: 37.05%
[2025-10-23 10:23:22,206] - [INFO] - 
=== Running combination ===
[2025-10-23 10:23:22,206] - [INFO] - Embed: 128, Hidden: 128, Top fraction: 0.01, Replace: False, Context: 5
[2025-10-23 10:23:23,746] - [INFO] - Train dataset contains 2194 samples
[2025-10-23 10:23:23,747] - [INFO] - Validation dataset contains 228 samples
[2025-10-23 10:23:23,747] - [INFO] - Test dataset contains 356 samples
[2025-10-23 10:23:23,749] - [INFO] - Top 1.00% frequent words (41) out of 4103 total words
[2025-10-23 10:23:23,750] - [INFO] - The fragment to replace is 31.543902439024393 of the 41 frequent words (41 out of 12933)
[2025-10-23 10:23:23,776] - [INFO] - Replaced 41 / 12933 tokens (0.32%)
[2025-10-23 10:23:23,793] - [INFO] - Replaced 1 / 1371 tokens (0.07%)
[2025-10-23 10:23:23,799] - [INFO] - Replaced 3 / 2088 tokens (0.14%)
[2025-10-23 10:23:23,801] - [INFO] - ==== Example Sentence ====
[2025-10-23 10:23:23,801] - [INFO] - Original:  30년 전쟁의 승자는 누구인가?
[2025-10-23 10:23:23,801] - [INFO] - Tokenized: ['30년', '전쟁의', '승자는', '누구인가', '?']
[2025-10-23 10:23:23,801] - [INFO] - Replaced:  ['30년', '전쟁의', '<UNK', '누구인가', '?']
[2025-10-23 10:23:23,802] - [INFO] - Window:    (tensor([1613,  994, 1112, 1957, 3970]), tensor(1119))
[2025-10-23 10:23:26,673] - [INFO] - Eval Loss: 7.3500 | Perplexity: 1556.24 | Accuracy: 16.48% | Top-5 Accuracy: 25.53%
[2025-10-23 10:23:29,534] - [INFO] - Eval Loss: 6.1871 | Perplexity: 486.43 | Accuracy: 20.64% | Top-5 Accuracy: 29.83%
[2025-10-23 10:23:32,399] - [INFO] - Eval Loss: 5.7263 | Perplexity: 306.83 | Accuracy: 22.17% | Top-5 Accuracy: 32.82%
[2025-10-23 10:23:35,264] - [INFO] - Eval Loss: 5.4555 | Perplexity: 234.05 | Accuracy: 22.76% | Top-5 Accuracy: 33.99%
[2025-10-23 10:23:38,129] - [INFO] - Eval Loss: 5.2865 | Perplexity: 197.64 | Accuracy: 23.27% | Top-5 Accuracy: 35.16%
[2025-10-23 10:23:40,990] - [INFO] - Eval Loss: 5.1464 | Perplexity: 171.82 | Accuracy: 24.87% | Top-5 Accuracy: 35.52%
[2025-10-23 10:23:43,852] - [INFO] - Eval Loss: 5.0278 | Perplexity: 152.60 | Accuracy: 25.53% | Top-5 Accuracy: 36.03%
[2025-10-23 10:23:46,716] - [INFO] - Eval Loss: 4.9268 | Perplexity: 137.94 | Accuracy: 26.33% | Top-5 Accuracy: 36.76%
[2025-10-23 10:23:49,579] - [INFO] - Eval Loss: 4.8336 | Perplexity: 125.67 | Accuracy: 26.77% | Top-5 Accuracy: 37.13%
[2025-10-23 10:23:52,443] - [INFO] - Eval Loss: 4.7684 | Perplexity: 117.73 | Accuracy: 27.06% | Top-5 Accuracy: 37.71%
[2025-10-23 10:23:52,444] - [INFO] - 
=== Running combination ===
[2025-10-23 10:23:52,444] - [INFO] - Embed: 128, Hidden: 128, Top fraction: 0.01, Replace: False, Context: 5
[2025-10-23 10:23:54,146] - [INFO] - Train dataset contains 2194 samples
[2025-10-23 10:23:54,146] - [INFO] - Validation dataset contains 228 samples
[2025-10-23 10:23:54,146] - [INFO] - Test dataset contains 356 samples
[2025-10-23 10:23:54,149] - [INFO] - Top 1.00% frequent words (41) out of 4103 total words
[2025-10-23 10:23:54,149] - [INFO] - The fragment to replace is 15.771951219512196 of the 41 frequent words (41 out of 12933)
[2025-10-23 10:23:54,175] - [INFO] - Replaced 41 / 12933 tokens (0.32%)
[2025-10-23 10:23:54,191] - [INFO] - Replaced 1 / 1371 tokens (0.07%)
[2025-10-23 10:23:54,197] - [INFO] - Replaced 3 / 2088 tokens (0.14%)
[2025-10-23 10:23:54,199] - [INFO] - ==== Example Sentence ====
[2025-10-23 10:23:54,199] - [INFO] - Original:  30년 전쟁의 승자는 누구인가?
[2025-10-23 10:23:54,199] - [INFO] - Tokenized: ['30년', '전쟁의', '승자는', '누구인가', '?']
[2025-10-23 10:23:54,199] - [INFO] - Replaced:  ['30년', '전쟁의', '<UNK', '누구인가', '?']
[2025-10-23 10:23:54,200] - [INFO] - Window:    (tensor([1613,  994, 1112, 1957, 3970]), tensor(1119))
[2025-10-23 10:23:57,066] - [INFO] - Eval Loss: 7.3500 | Perplexity: 1556.24 | Accuracy: 16.48% | Top-5 Accuracy: 25.53%
[2025-10-23 10:23:59,924] - [INFO] - Eval Loss: 6.1871 | Perplexity: 486.43 | Accuracy: 20.64% | Top-5 Accuracy: 29.83%
[2025-10-23 10:24:02,779] - [INFO] - Eval Loss: 5.7263 | Perplexity: 306.83 | Accuracy: 22.17% | Top-5 Accuracy: 32.82%
[2025-10-23 10:24:05,633] - [INFO] - Eval Loss: 5.4555 | Perplexity: 234.05 | Accuracy: 22.76% | Top-5 Accuracy: 33.99%
[2025-10-23 10:24:08,490] - [INFO] - Eval Loss: 5.2865 | Perplexity: 197.64 | Accuracy: 23.27% | Top-5 Accuracy: 35.16%
[2025-10-23 10:24:11,345] - [INFO] - Eval Loss: 5.1464 | Perplexity: 171.82 | Accuracy: 24.87% | Top-5 Accuracy: 35.52%
[2025-10-23 10:24:14,204] - [INFO] - Eval Loss: 5.0278 | Perplexity: 152.60 | Accuracy: 25.53% | Top-5 Accuracy: 36.03%
[2025-10-23 10:24:17,063] - [INFO] - Eval Loss: 4.9268 | Perplexity: 137.94 | Accuracy: 26.33% | Top-5 Accuracy: 36.76%
[2025-10-23 10:24:19,919] - [INFO] - Eval Loss: 4.8336 | Perplexity: 125.67 | Accuracy: 26.77% | Top-5 Accuracy: 37.13%
[2025-10-23 10:24:22,774] - [INFO] - Eval Loss: 4.7684 | Perplexity: 117.73 | Accuracy: 27.06% | Top-5 Accuracy: 37.71%
[2025-10-23 10:24:22,774] - [INFO] - 
=== Running combination ===
[2025-10-23 10:24:22,774] - [INFO] - Embed: 128, Hidden: 128, Top fraction: 0.01, Replace: False, Context: 5
[2025-10-23 10:24:24,297] - [INFO] - Train dataset contains 2194 samples
[2025-10-23 10:24:24,297] - [INFO] - Validation dataset contains 228 samples
[2025-10-23 10:24:24,297] - [INFO] - Test dataset contains 356 samples
[2025-10-23 10:24:24,300] - [INFO] - Top 1.00% frequent words (41) out of 4103 total words
[2025-10-23 10:24:24,300] - [INFO] - The fragment to replace is 3.1543902439024394 of the 41 frequent words (41 out of 12933)
[2025-10-23 10:24:24,327] - [INFO] - Replaced 41 / 12933 tokens (0.32%)
[2025-10-23 10:24:24,343] - [INFO] - Replaced 1 / 1371 tokens (0.07%)
[2025-10-23 10:24:24,349] - [INFO] - Replaced 3 / 2088 tokens (0.14%)
[2025-10-23 10:24:24,351] - [INFO] - ==== Example Sentence ====
[2025-10-23 10:24:24,351] - [INFO] - Original:  30년 전쟁의 승자는 누구인가?
[2025-10-23 10:24:24,351] - [INFO] - Tokenized: ['30년', '전쟁의', '승자는', '누구인가', '?']
[2025-10-23 10:24:24,351] - [INFO] - Replaced:  ['30년', '전쟁의', '<UNK', '누구인가', '?']
[2025-10-23 10:24:24,352] - [INFO] - Window:    (tensor([1613,  994, 1112, 1957, 3970]), tensor(1119))
[2025-10-23 10:24:27,216] - [INFO] - Eval Loss: 7.3500 | Perplexity: 1556.24 | Accuracy: 16.48% | Top-5 Accuracy: 25.53%
[2025-10-23 10:24:30,072] - [INFO] - Eval Loss: 6.1871 | Perplexity: 486.43 | Accuracy: 20.64% | Top-5 Accuracy: 29.83%
[2025-10-23 10:24:32,933] - [INFO] - Eval Loss: 5.7263 | Perplexity: 306.83 | Accuracy: 22.17% | Top-5 Accuracy: 32.82%
[2025-10-23 10:24:35,792] - [INFO] - Eval Loss: 5.4555 | Perplexity: 234.05 | Accuracy: 22.76% | Top-5 Accuracy: 33.99%
[2025-10-23 10:24:38,648] - [INFO] - Eval Loss: 5.2865 | Perplexity: 197.64 | Accuracy: 23.27% | Top-5 Accuracy: 35.16%
[2025-10-23 10:24:41,506] - [INFO] - Eval Loss: 5.1464 | Perplexity: 171.82 | Accuracy: 24.87% | Top-5 Accuracy: 35.52%
[2025-10-23 10:24:44,364] - [INFO] - Eval Loss: 5.0278 | Perplexity: 152.60 | Accuracy: 25.53% | Top-5 Accuracy: 36.03%
[2025-10-23 10:24:47,221] - [INFO] - Eval Loss: 4.9268 | Perplexity: 137.94 | Accuracy: 26.33% | Top-5 Accuracy: 36.76%
[2025-10-23 10:24:50,082] - [INFO] - Eval Loss: 4.8336 | Perplexity: 125.67 | Accuracy: 26.77% | Top-5 Accuracy: 37.13%
[2025-10-23 10:24:52,939] - [INFO] - Eval Loss: 4.7684 | Perplexity: 117.73 | Accuracy: 27.06% | Top-5 Accuracy: 37.71%
[2025-10-23 10:24:52,940] - [INFO] - 
=== Running combination ===
[2025-10-23 10:24:52,940] - [INFO] - Embed: 128, Hidden: 128, Top fraction: 0.01, Replace: False, Context: 2
[2025-10-23 10:24:54,449] - [INFO] - Train dataset contains 2194 samples
[2025-10-23 10:24:54,450] - [INFO] - Validation dataset contains 228 samples
[2025-10-23 10:24:54,450] - [INFO] - Test dataset contains 356 samples
[2025-10-23 10:24:54,453] - [INFO] - Top 1.00% frequent words (41) out of 4103 total words
[2025-10-23 10:24:54,453] - [INFO] - The fragment to replace is 31.543902439024393 of the 41 frequent words (41 out of 12933)
[2025-10-23 10:24:54,479] - [INFO] - Replaced 41 / 12933 tokens (0.32%)
[2025-10-23 10:24:54,492] - [INFO] - Replaced 1 / 1371 tokens (0.07%)
[2025-10-23 10:24:54,497] - [INFO] - Replaced 3 / 2088 tokens (0.14%)
[2025-10-23 10:24:54,498] - [INFO] - ==== Example Sentence ====
[2025-10-23 10:24:54,498] - [INFO] - Original:  30년 전쟁의 승자는 누구인가?
[2025-10-23 10:24:54,498] - [INFO] - Tokenized: ['30년', '전쟁의', '승자는', '누구인가', '?']
[2025-10-23 10:24:54,498] - [INFO] - Replaced:  ['30년', '전쟁의', '<UNK', '누구인가', '?']
[2025-10-23 10:24:54,499] - [INFO] - Window:    (tensor([1613,  994]), tensor(1112))
[2025-10-23 10:24:57,361] - [INFO] - Eval Loss: 7.9060 | Perplexity: 2713.41 | Accuracy: 10.21% | Top-5 Accuracy: 19.26%
[2025-10-23 10:25:00,211] - [INFO] - Eval Loss: 7.3433 | Perplexity: 1545.88 | Accuracy: 19.04% | Top-5 Accuracy: 28.45%
[2025-10-23 10:25:03,061] - [INFO] - Eval Loss: 6.6461 | Perplexity: 769.75 | Accuracy: 20.13% | Top-5 Accuracy: 31.36%
[2025-10-23 10:25:05,911] - [INFO] - Eval Loss: 6.0862 | Perplexity: 439.74 | Accuracy: 21.08% | Top-5 Accuracy: 33.92%
[2025-10-23 10:25:08,765] - [INFO] - Eval Loss: 5.7307 | Perplexity: 308.19 | Accuracy: 21.15% | Top-5 Accuracy: 34.21%
[2025-10-23 10:25:11,623] - [INFO] - Eval Loss: 5.4725 | Perplexity: 238.06 | Accuracy: 22.61% | Top-5 Accuracy: 34.57%
[2025-10-23 10:25:14,479] - [INFO] - Eval Loss: 5.2784 | Perplexity: 196.05 | Accuracy: 22.83% | Top-5 Accuracy: 34.94%
[2025-10-23 10:25:17,329] - [INFO] - Eval Loss: 5.1171 | Perplexity: 166.85 | Accuracy: 22.98% | Top-5 Accuracy: 35.74%
[2025-10-23 10:25:20,178] - [INFO] - Eval Loss: 4.9848 | Perplexity: 146.17 | Accuracy: 23.19% | Top-5 Accuracy: 36.40%
[2025-10-23 10:25:23,033] - [INFO] - Eval Loss: 4.8746 | Perplexity: 130.92 | Accuracy: 23.27% | Top-5 Accuracy: 36.40%
[2025-10-23 10:25:23,034] - [INFO] - 
=== Running combination ===
[2025-10-23 10:25:23,034] - [INFO] - Embed: 128, Hidden: 128, Top fraction: 0.01, Replace: False, Context: 2
[2025-10-23 10:25:24,777] - [INFO] - Train dataset contains 2194 samples
[2025-10-23 10:25:24,778] - [INFO] - Validation dataset contains 228 samples
[2025-10-23 10:25:24,778] - [INFO] - Test dataset contains 356 samples
[2025-10-23 10:25:24,780] - [INFO] - Top 1.00% frequent words (41) out of 4103 total words
[2025-10-23 10:25:24,781] - [INFO] - The fragment to replace is 15.771951219512196 of the 41 frequent words (41 out of 12933)
[2025-10-23 10:25:24,806] - [INFO] - Replaced 41 / 12933 tokens (0.32%)
[2025-10-23 10:25:24,819] - [INFO] - Replaced 1 / 1371 tokens (0.07%)
[2025-10-23 10:25:24,825] - [INFO] - Replaced 3 / 2088 tokens (0.14%)
[2025-10-23 10:25:24,826] - [INFO] - ==== Example Sentence ====
[2025-10-23 10:25:24,826] - [INFO] - Original:  30년 전쟁의 승자는 누구인가?
[2025-10-23 10:25:24,826] - [INFO] - Tokenized: ['30년', '전쟁의', '승자는', '누구인가', '?']
[2025-10-23 10:25:24,826] - [INFO] - Replaced:  ['30년', '전쟁의', '<UNK', '누구인가', '?']
[2025-10-23 10:25:24,826] - [INFO] - Window:    (tensor([1613,  994]), tensor(1112))
[2025-10-23 10:25:27,668] - [INFO] - Eval Loss: 7.9060 | Perplexity: 2713.41 | Accuracy: 10.21% | Top-5 Accuracy: 19.26%
[2025-10-23 10:25:30,494] - [INFO] - Eval Loss: 7.3433 | Perplexity: 1545.88 | Accuracy: 19.04% | Top-5 Accuracy: 28.45%
[2025-10-23 10:25:33,320] - [INFO] - Eval Loss: 6.6461 | Perplexity: 769.75 | Accuracy: 20.13% | Top-5 Accuracy: 31.36%
[2025-10-23 10:25:36,150] - [INFO] - Eval Loss: 6.0862 | Perplexity: 439.74 | Accuracy: 21.08% | Top-5 Accuracy: 33.92%
[2025-10-23 10:25:38,982] - [INFO] - Eval Loss: 5.7307 | Perplexity: 308.19 | Accuracy: 21.15% | Top-5 Accuracy: 34.21%
[2025-10-23 10:25:41,816] - [INFO] - Eval Loss: 5.4725 | Perplexity: 238.06 | Accuracy: 22.61% | Top-5 Accuracy: 34.57%
[2025-10-23 10:25:44,646] - [INFO] - Eval Loss: 5.2784 | Perplexity: 196.05 | Accuracy: 22.83% | Top-5 Accuracy: 34.94%
[2025-10-23 10:25:47,481] - [INFO] - Eval Loss: 5.1171 | Perplexity: 166.85 | Accuracy: 22.98% | Top-5 Accuracy: 35.74%
[2025-10-23 10:25:50,328] - [INFO] - Eval Loss: 4.9848 | Perplexity: 146.17 | Accuracy: 23.19% | Top-5 Accuracy: 36.40%
[2025-10-23 10:25:53,181] - [INFO] - Eval Loss: 4.8746 | Perplexity: 130.92 | Accuracy: 23.27% | Top-5 Accuracy: 36.40%
[2025-10-23 10:25:53,181] - [INFO] - 
=== Running combination ===
[2025-10-23 10:25:53,181] - [INFO] - Embed: 128, Hidden: 128, Top fraction: 0.01, Replace: False, Context: 2
[2025-10-23 10:25:54,943] - [INFO] - Train dataset contains 2194 samples
[2025-10-23 10:25:54,943] - [INFO] - Validation dataset contains 228 samples
[2025-10-23 10:25:54,943] - [INFO] - Test dataset contains 356 samples
[2025-10-23 10:25:54,946] - [INFO] - Top 1.00% frequent words (41) out of 4103 total words
[2025-10-23 10:25:54,946] - [INFO] - The fragment to replace is 3.1543902439024394 of the 41 frequent words (41 out of 12933)
[2025-10-23 10:25:54,973] - [INFO] - Replaced 41 / 12933 tokens (0.32%)
[2025-10-23 10:25:54,985] - [INFO] - Replaced 1 / 1371 tokens (0.07%)
[2025-10-23 10:25:54,990] - [INFO] - Replaced 3 / 2088 tokens (0.14%)
[2025-10-23 10:25:54,992] - [INFO] - ==== Example Sentence ====
[2025-10-23 10:25:54,992] - [INFO] - Original:  30년 전쟁의 승자는 누구인가?
[2025-10-23 10:25:54,992] - [INFO] - Tokenized: ['30년', '전쟁의', '승자는', '누구인가', '?']
[2025-10-23 10:25:54,992] - [INFO] - Replaced:  ['30년', '전쟁의', '<UNK', '누구인가', '?']
[2025-10-23 10:25:54,992] - [INFO] - Window:    (tensor([1613,  994]), tensor(1112))
[2025-10-23 10:25:57,864] - [INFO] - Eval Loss: 7.9060 | Perplexity: 2713.41 | Accuracy: 10.21% | Top-5 Accuracy: 19.26%
[2025-10-23 10:26:00,723] - [INFO] - Eval Loss: 7.3433 | Perplexity: 1545.88 | Accuracy: 19.04% | Top-5 Accuracy: 28.45%
[2025-10-23 10:26:03,584] - [INFO] - Eval Loss: 6.6461 | Perplexity: 769.75 | Accuracy: 20.13% | Top-5 Accuracy: 31.36%
[2025-10-23 10:26:06,446] - [INFO] - Eval Loss: 6.0862 | Perplexity: 439.74 | Accuracy: 21.08% | Top-5 Accuracy: 33.92%
[2025-10-23 10:26:09,306] - [INFO] - Eval Loss: 5.7307 | Perplexity: 308.19 | Accuracy: 21.15% | Top-5 Accuracy: 34.21%
[2025-10-23 10:26:12,169] - [INFO] - Eval Loss: 5.4725 | Perplexity: 238.06 | Accuracy: 22.61% | Top-5 Accuracy: 34.57%
[2025-10-23 10:26:15,032] - [INFO] - Eval Loss: 5.2784 | Perplexity: 196.05 | Accuracy: 22.83% | Top-5 Accuracy: 34.94%
[2025-10-23 10:26:17,889] - [INFO] - Eval Loss: 5.1171 | Perplexity: 166.85 | Accuracy: 22.98% | Top-5 Accuracy: 35.74%
[2025-10-23 10:26:20,738] - [INFO] - Eval Loss: 4.9848 | Perplexity: 146.17 | Accuracy: 23.19% | Top-5 Accuracy: 36.40%
[2025-10-23 10:26:23,588] - [INFO] - Eval Loss: 4.8746 | Perplexity: 130.92 | Accuracy: 23.27% | Top-5 Accuracy: 36.40%
[2025-10-23 10:26:23,589] - [INFO] - 
=== Running combination ===
[2025-10-23 10:26:23,589] - [INFO] - Embed: 128, Hidden: 128, Top fraction: 0.05, Replace: True, Context: 5
[2025-10-23 10:26:25,133] - [INFO] - Train dataset contains 2194 samples
[2025-10-23 10:26:25,133] - [INFO] - Validation dataset contains 228 samples
[2025-10-23 10:26:25,133] - [INFO] - Test dataset contains 356 samples
[2025-10-23 10:26:25,136] - [INFO] - Top 5.00% frequent words (205) out of 4103 total words
[2025-10-23 10:26:25,136] - [INFO] - The fragment to replace is 0.16787383177570095 of the 205 frequent words (7704 out of 12933)
[2025-10-23 10:26:25,164] - [INFO] - Replaced 1334 / 12933 tokens (10.31%)
[2025-10-23 10:26:25,182] - [INFO] - Replaced 134 / 1371 tokens (9.77%)
[2025-10-23 10:26:25,188] - [INFO] - Replaced 178 / 2088 tokens (8.52%)
[2025-10-23 10:26:25,346] - [INFO] - ==== Example Sentence ====
[2025-10-23 10:26:25,346] - [INFO] - Original:  30년 전쟁의 승자는 누구인가?
[2025-10-23 10:26:25,346] - [INFO] - Tokenized: ['30년', '전쟁의', '승자는', '누구인가', '?']
[2025-10-23 10:26:25,346] - [INFO] - Replaced:  ['30년', '전쟁의', '승자는', '누구인가', '?']
[2025-10-23 10:26:25,346] - [INFO] - Window:    (tensor([1613,  994, 1112, 2172, 3970]), tensor(1119))
[2025-10-23 10:26:26,579] - [INFO] - Eval Loss: 6.3926 | Perplexity: 597.40 | Accuracy: 36.18% | Top-5 Accuracy: 51.42%
[2025-10-23 10:26:28,234] - [INFO] - Eval Loss: 5.1221 | Perplexity: 167.69 | Accuracy: 35.45% | Top-5 Accuracy: 55.65%
[2025-10-23 10:26:31,082] - [INFO] - Eval Loss: 4.8226 | Perplexity: 124.29 | Accuracy: 36.11% | Top-5 Accuracy: 58.28%
[2025-10-23 10:26:33,930] - [INFO] - Eval Loss: 4.6126 | Perplexity: 100.74 | Accuracy: 37.35% | Top-5 Accuracy: 59.37%
[2025-10-23 10:26:36,777] - [INFO] - Eval Loss: 4.4923 | Perplexity: 89.33 | Accuracy: 37.93% | Top-5 Accuracy: 60.10%
[2025-10-23 10:26:39,624] - [INFO] - Eval Loss: 4.4026 | Perplexity: 81.66 | Accuracy: 38.15% | Top-5 Accuracy: 60.03%
[2025-10-23 10:26:42,475] - [INFO] - Eval Loss: 4.3310 | Perplexity: 76.02 | Accuracy: 34.87% | Top-5 Accuracy: 60.32%
[2025-10-23 10:26:45,323] - [INFO] - Eval Loss: 4.2653 | Perplexity: 71.19 | Accuracy: 35.52% | Top-5 Accuracy: 60.76%
[2025-10-23 10:26:48,171] - [INFO] - Eval Loss: 4.2193 | Perplexity: 67.99 | Accuracy: 35.74% | Top-5 Accuracy: 61.20%
[2025-10-23 10:26:51,020] - [INFO] - Eval Loss: 4.2004 | Perplexity: 66.72 | Accuracy: 35.67% | Top-5 Accuracy: 61.05%
[2025-10-23 10:26:51,020] - [INFO] - 
=== Running combination ===
[2025-10-23 10:26:51,020] - [INFO] - Embed: 128, Hidden: 128, Top fraction: 0.05, Replace: True, Context: 5
[2025-10-23 10:26:52,575] - [INFO] - Train dataset contains 2194 samples
[2025-10-23 10:26:52,575] - [INFO] - Validation dataset contains 228 samples
[2025-10-23 10:26:52,575] - [INFO] - Test dataset contains 356 samples
[2025-10-23 10:26:52,578] - [INFO] - Top 5.00% frequent words (205) out of 4103 total words
[2025-10-23 10:26:52,578] - [INFO] - The fragment to replace is 0.08393691588785047 of the 205 frequent words (7704 out of 12933)
[2025-10-23 10:26:52,605] - [INFO] - Replaced 634 / 12933 tokens (4.90%)
[2025-10-23 10:26:52,622] - [INFO] - Replaced 63 / 1371 tokens (4.60%)
[2025-10-23 10:26:52,628] - [INFO] - Replaced 73 / 2088 tokens (3.50%)
[2025-10-23 10:26:52,630] - [INFO] - ==== Example Sentence ====
[2025-10-23 10:26:52,630] - [INFO] - Original:  30년 전쟁의 승자는 누구인가?
[2025-10-23 10:26:52,630] - [INFO] - Tokenized: ['30년', '전쟁의', '승자는', '누구인가', '?']
[2025-10-23 10:26:52,630] - [INFO] - Replaced:  ['30년', '전쟁의', '승자는', '누구인가', '?']
[2025-10-23 10:26:52,631] - [INFO] - Window:    (tensor([1613,  994, 1112, 2172, 3970]), tensor(1119))
[2025-10-23 10:26:55,482] - [INFO] - Eval Loss: 6.9650 | Perplexity: 1058.87 | Accuracy: 15.39% | Top-5 Accuracy: 48.43%
[2025-10-23 10:26:58,325] - [INFO] - Eval Loss: 5.4725 | Perplexity: 238.06 | Accuracy: 19.33% | Top-5 Accuracy: 52.74%
[2025-10-23 10:27:01,168] - [INFO] - Eval Loss: 5.1042 | Perplexity: 164.71 | Accuracy: 21.74% | Top-5 Accuracy: 55.87%
[2025-10-23 10:27:04,013] - [INFO] - Eval Loss: 4.8643 | Perplexity: 129.58 | Accuracy: 25.53% | Top-5 Accuracy: 56.89%
[2025-10-23 10:27:06,859] - [INFO] - Eval Loss: 4.7392 | Perplexity: 114.35 | Accuracy: 25.60% | Top-5 Accuracy: 57.62%
[2025-10-23 10:27:09,701] - [INFO] - Eval Loss: 4.6276 | Perplexity: 102.27 | Accuracy: 26.99% | Top-5 Accuracy: 58.42%
[2025-10-23 10:27:12,544] - [INFO] - Eval Loss: 4.5284 | Perplexity: 92.61 | Accuracy: 26.84% | Top-5 Accuracy: 58.57%
[2025-10-23 10:27:15,387] - [INFO] - Eval Loss: 4.4391 | Perplexity: 84.70 | Accuracy: 27.21% | Top-5 Accuracy: 58.94%
[2025-10-23 10:27:18,229] - [INFO] - Eval Loss: 4.3714 | Perplexity: 79.15 | Accuracy: 27.21% | Top-5 Accuracy: 59.15%
[2025-10-23 10:27:21,076] - [INFO] - Eval Loss: 4.3324 | Perplexity: 76.12 | Accuracy: 27.64% | Top-5 Accuracy: 59.66%
[2025-10-23 10:27:21,076] - [INFO] - 
=== Running combination ===
[2025-10-23 10:27:21,076] - [INFO] - Embed: 128, Hidden: 128, Top fraction: 0.05, Replace: True, Context: 5
[2025-10-23 10:27:22,648] - [INFO] - Train dataset contains 2194 samples
[2025-10-23 10:27:22,648] - [INFO] - Validation dataset contains 228 samples
[2025-10-23 10:27:22,648] - [INFO] - Test dataset contains 356 samples
[2025-10-23 10:27:22,651] - [INFO] - Top 5.00% frequent words (205) out of 4103 total words
[2025-10-23 10:27:22,651] - [INFO] - The fragment to replace is 0.016787383177570094 of the 205 frequent words (7704 out of 12933)
[2025-10-23 10:27:22,679] - [INFO] - Replaced 123 / 12933 tokens (0.95%)
[2025-10-23 10:27:22,695] - [INFO] - Replaced 13 / 1371 tokens (0.95%)
[2025-10-23 10:27:22,701] - [INFO] - Replaced 14 / 2088 tokens (0.67%)
[2025-10-23 10:27:22,703] - [INFO] - ==== Example Sentence ====
[2025-10-23 10:27:22,703] - [INFO] - Original:  30년 전쟁의 승자는 누구인가?
[2025-10-23 10:27:22,703] - [INFO] - Tokenized: ['30년', '전쟁의', '승자는', '누구인가', '?']
[2025-10-23 10:27:22,703] - [INFO] - Replaced:  ['30년', '전쟁의', '승자는', '누구인가', '?']
[2025-10-23 10:27:22,704] - [INFO] - Window:    (tensor([1613,  994, 1112, 2172, 3970]), tensor(1119))
[2025-10-23 10:27:23,953] - [INFO] - Eval Loss: 7.2989 | Perplexity: 1478.66 | Accuracy: 15.83% | Top-5 Accuracy: 25.24%
[2025-10-23 10:27:25,141] - [INFO] - Eval Loss: 6.0403 | Perplexity: 420.02 | Accuracy: 20.13% | Top-5 Accuracy: 29.69%
[2025-10-23 10:27:26,282] - [INFO] - Eval Loss: 5.5571 | Perplexity: 259.08 | Accuracy: 21.66% | Top-5 Accuracy: 32.53%
[2025-10-23 10:27:27,418] - [INFO] - Eval Loss: 5.2870 | Perplexity: 197.75 | Accuracy: 22.39% | Top-5 Accuracy: 33.92%
[2025-10-23 10:27:28,568] - [INFO] - Eval Loss: 5.1234 | Perplexity: 167.91 | Accuracy: 22.68% | Top-5 Accuracy: 35.01%
[2025-10-23 10:27:29,673] - [INFO] - Eval Loss: 5.0020 | Perplexity: 148.70 | Accuracy: 24.00% | Top-5 Accuracy: 35.74%
[2025-10-23 10:27:30,800] - [INFO] - Eval Loss: 4.8947 | Perplexity: 133.58 | Accuracy: 24.73% | Top-5 Accuracy: 36.32%
[2025-10-23 10:27:31,935] - [INFO] - Eval Loss: 4.7998 | Perplexity: 121.49 | Accuracy: 25.60% | Top-5 Accuracy: 37.13%
[2025-10-23 10:27:33,046] - [INFO] - Eval Loss: 4.7053 | Perplexity: 110.53 | Accuracy: 25.82% | Top-5 Accuracy: 38.00%
[2025-10-23 10:27:35,868] - [INFO] - Eval Loss: 4.6517 | Perplexity: 104.76 | Accuracy: 26.04% | Top-5 Accuracy: 38.22%
[2025-10-23 10:27:35,868] - [INFO] - 
=== Running combination ===
[2025-10-23 10:27:35,868] - [INFO] - Embed: 128, Hidden: 128, Top fraction: 0.05, Replace: True, Context: 2
[2025-10-23 10:27:37,406] - [INFO] - Train dataset contains 2194 samples
[2025-10-23 10:27:37,406] - [INFO] - Validation dataset contains 228 samples
[2025-10-23 10:27:37,407] - [INFO] - Test dataset contains 356 samples
[2025-10-23 10:27:37,409] - [INFO] - Top 5.00% frequent words (205) out of 4103 total words
[2025-10-23 10:27:37,410] - [INFO] - The fragment to replace is 0.16787383177570095 of the 205 frequent words (7704 out of 12933)
[2025-10-23 10:27:37,437] - [INFO] - Replaced 1334 / 12933 tokens (10.31%)
[2025-10-23 10:27:37,450] - [INFO] - Replaced 134 / 1371 tokens (9.77%)
[2025-10-23 10:27:37,456] - [INFO] - Replaced 178 / 2088 tokens (8.52%)
[2025-10-23 10:27:37,457] - [INFO] - ==== Example Sentence ====
[2025-10-23 10:27:37,457] - [INFO] - Original:  30년 전쟁의 승자는 누구인가?
[2025-10-23 10:27:37,457] - [INFO] - Tokenized: ['30년', '전쟁의', '승자는', '누구인가', '?']
[2025-10-23 10:27:37,457] - [INFO] - Replaced:  ['30년', '전쟁의', '승자는', '누구인가', '?']
[2025-10-23 10:27:37,458] - [INFO] - Window:    (tensor([1613,  994]), tensor(1112))
[2025-10-23 10:27:40,293] - [INFO] - Eval Loss: 7.7782 | Perplexity: 2387.89 | Accuracy: 19.04% | Top-5 Accuracy: 28.67%
[2025-10-23 10:27:43,121] - [INFO] - Eval Loss: 6.8981 | Perplexity: 990.40 | Accuracy: 26.99% | Top-5 Accuracy: 52.74%
[2025-10-23 10:27:45,948] - [INFO] - Eval Loss: 5.7021 | Perplexity: 299.50 | Accuracy: 31.58% | Top-5 Accuracy: 56.09%
[2025-10-23 10:27:48,781] - [INFO] - Eval Loss: 5.0276 | Perplexity: 152.57 | Accuracy: 28.45% | Top-5 Accuracy: 56.53%
[2025-10-23 10:27:51,621] - [INFO] - Eval Loss: 4.7646 | Perplexity: 117.29 | Accuracy: 31.36% | Top-5 Accuracy: 57.62%
[2025-10-23 10:27:54,458] - [INFO] - Eval Loss: 4.5719 | Perplexity: 96.73 | Accuracy: 31.58% | Top-5 Accuracy: 57.77%
[2025-10-23 10:27:57,296] - [INFO] - Eval Loss: 4.4343 | Perplexity: 84.29 | Accuracy: 32.53% | Top-5 Accuracy: 58.50%
[2025-10-23 10:28:00,150] - [INFO] - Eval Loss: 4.3373 | Perplexity: 76.50 | Accuracy: 33.26% | Top-5 Accuracy: 58.86%
[2025-10-23 10:28:02,999] - [INFO] - Eval Loss: 4.2539 | Perplexity: 70.38 | Accuracy: 33.99% | Top-5 Accuracy: 58.94%
[2025-10-23 10:28:05,847] - [INFO] - Eval Loss: 4.1998 | Perplexity: 66.67 | Accuracy: 34.06% | Top-5 Accuracy: 59.23%
[2025-10-23 10:28:05,847] - [INFO] - 
=== Running combination ===
[2025-10-23 10:28:05,847] - [INFO] - Embed: 128, Hidden: 128, Top fraction: 0.05, Replace: True, Context: 2
[2025-10-23 10:28:07,360] - [INFO] - Train dataset contains 2194 samples
[2025-10-23 10:28:07,360] - [INFO] - Validation dataset contains 228 samples
[2025-10-23 10:28:07,360] - [INFO] - Test dataset contains 356 samples
[2025-10-23 10:28:07,363] - [INFO] - Top 5.00% frequent words (205) out of 4103 total words
[2025-10-23 10:28:07,363] - [INFO] - The fragment to replace is 0.08393691588785047 of the 205 frequent words (7704 out of 12933)
[2025-10-23 10:28:07,391] - [INFO] - Replaced 634 / 12933 tokens (4.90%)
[2025-10-23 10:28:07,567] - [INFO] - Replaced 63 / 1371 tokens (4.60%)
[2025-10-23 10:28:07,573] - [INFO] - Replaced 73 / 2088 tokens (3.50%)
[2025-10-23 10:28:07,575] - [INFO] - ==== Example Sentence ====
[2025-10-23 10:28:07,575] - [INFO] - Original:  30년 전쟁의 승자는 누구인가?
[2025-10-23 10:28:07,575] - [INFO] - Tokenized: ['30년', '전쟁의', '승자는', '누구인가', '?']
[2025-10-23 10:28:07,575] - [INFO] - Replaced:  ['30년', '전쟁의', '승자는', '누구인가', '?']
[2025-10-23 10:28:07,575] - [INFO] - Window:    (tensor([1613,  994]), tensor(1112))
[2025-10-23 10:28:10,423] - [INFO] - Eval Loss: 7.8561 | Perplexity: 2581.38 | Accuracy: 9.04% | Top-5 Accuracy: 18.38%
[2025-10-23 10:28:13,259] - [INFO] - Eval Loss: 7.1839 | Perplexity: 1318.02 | Accuracy: 17.94% | Top-5 Accuracy: 39.10%
[2025-10-23 10:28:16,206] - [INFO] - Eval Loss: 6.2754 | Perplexity: 531.36 | Accuracy: 19.84% | Top-5 Accuracy: 47.19%
[2025-10-23 10:28:19,051] - [INFO] - Eval Loss: 5.4936 | Perplexity: 243.14 | Accuracy: 19.84% | Top-5 Accuracy: 50.84%
[2025-10-23 10:28:21,885] - [INFO] - Eval Loss: 5.0399 | Perplexity: 154.45 | Accuracy: 19.40% | Top-5 Accuracy: 55.65%
[2025-10-23 10:28:24,738] - [INFO] - Eval Loss: 4.7984 | Perplexity: 121.31 | Accuracy: 27.28% | Top-5 Accuracy: 56.31%
[2025-10-23 10:28:27,576] - [INFO] - Eval Loss: 4.6531 | Perplexity: 104.91 | Accuracy: 27.50% | Top-5 Accuracy: 56.89%
[2025-10-23 10:28:30,411] - [INFO] - Eval Loss: 4.5389 | Perplexity: 93.59 | Accuracy: 21.95% | Top-5 Accuracy: 56.97%
[2025-10-23 10:28:33,254] - [INFO] - Eval Loss: 4.4432 | Perplexity: 85.05 | Accuracy: 21.88% | Top-5 Accuracy: 57.33%
[2025-10-23 10:28:36,083] - [INFO] - Eval Loss: 4.3673 | Perplexity: 78.83 | Accuracy: 22.47% | Top-5 Accuracy: 57.26%
[2025-10-23 10:28:36,084] - [INFO] - 
=== Running combination ===
[2025-10-23 10:28:36,084] - [INFO] - Embed: 128, Hidden: 128, Top fraction: 0.05, Replace: True, Context: 2
[2025-10-23 10:28:37,944] - [INFO] - Train dataset contains 2194 samples
[2025-10-23 10:28:37,944] - [INFO] - Validation dataset contains 228 samples
[2025-10-23 10:28:37,945] - [INFO] - Test dataset contains 356 samples
[2025-10-23 10:28:37,948] - [INFO] - Top 5.00% frequent words (205) out of 4103 total words
[2025-10-23 10:28:37,948] - [INFO] - The fragment to replace is 0.016787383177570094 of the 205 frequent words (7704 out of 12933)
[2025-10-23 10:28:37,976] - [INFO] - Replaced 123 / 12933 tokens (0.95%)
[2025-10-23 10:28:37,988] - [INFO] - Replaced 13 / 1371 tokens (0.95%)
[2025-10-23 10:28:37,994] - [INFO] - Replaced 14 / 2088 tokens (0.67%)
[2025-10-23 10:28:37,995] - [INFO] - ==== Example Sentence ====
[2025-10-23 10:28:37,995] - [INFO] - Original:  30년 전쟁의 승자는 누구인가?
[2025-10-23 10:28:37,995] - [INFO] - Tokenized: ['30년', '전쟁의', '승자는', '누구인가', '?']
[2025-10-23 10:28:37,995] - [INFO] - Replaced:  ['30년', '전쟁의', '승자는', '누구인가', '?']
[2025-10-23 10:28:37,996] - [INFO] - Window:    (tensor([1613,  994]), tensor(1112))
[2025-10-23 10:28:40,849] - [INFO] - Eval Loss: 7.8980 | Perplexity: 2691.81 | Accuracy: 9.99% | Top-5 Accuracy: 19.40%
[2025-10-23 10:28:43,696] - [INFO] - Eval Loss: 7.3262 | Perplexity: 1519.62 | Accuracy: 17.94% | Top-5 Accuracy: 28.74%
[2025-10-23 10:28:46,540] - [INFO] - Eval Loss: 6.6040 | Perplexity: 738.04 | Accuracy: 19.99% | Top-5 Accuracy: 31.15%
[2025-10-23 10:28:49,386] - [INFO] - Eval Loss: 6.0053 | Perplexity: 405.58 | Accuracy: 20.79% | Top-5 Accuracy: 33.26%
[2025-10-23 10:28:52,236] - [INFO] - Eval Loss: 5.6125 | Perplexity: 273.83 | Accuracy: 20.79% | Top-5 Accuracy: 34.79%
[2025-10-23 10:28:55,086] - [INFO] - Eval Loss: 5.3233 | Perplexity: 205.05 | Accuracy: 21.88% | Top-5 Accuracy: 35.23%
[2025-10-23 10:28:57,946] - [INFO] - Eval Loss: 5.1045 | Perplexity: 164.77 | Accuracy: 22.17% | Top-5 Accuracy: 35.45%
[2025-10-23 10:29:00,790] - [INFO] - Eval Loss: 4.9285 | Perplexity: 138.17 | Accuracy: 22.32% | Top-5 Accuracy: 35.74%
[2025-10-23 10:29:03,637] - [INFO] - Eval Loss: 4.7864 | Perplexity: 119.86 | Accuracy: 22.47% | Top-5 Accuracy: 36.54%
[2025-10-23 10:29:06,480] - [INFO] - Eval Loss: 4.6742 | Perplexity: 107.15 | Accuracy: 23.34% | Top-5 Accuracy: 37.13%
[2025-10-23 10:29:06,481] - [INFO] - 
=== Running combination ===
[2025-10-23 10:29:06,481] - [INFO] - Embed: 128, Hidden: 128, Top fraction: 0.05, Replace: False, Context: 5
[2025-10-23 10:29:08,013] - [INFO] - Train dataset contains 2194 samples
[2025-10-23 10:29:08,013] - [INFO] - Validation dataset contains 228 samples
[2025-10-23 10:29:08,013] - [INFO] - Test dataset contains 356 samples
[2025-10-23 10:29:08,016] - [INFO] - Top 5.00% frequent words (205) out of 4103 total words
[2025-10-23 10:29:08,016] - [INFO] - The fragment to replace is 6.308780487804879 of the 205 frequent words (205 out of 12933)
[2025-10-23 10:29:08,042] - [INFO] - Replaced 205 / 12933 tokens (1.59%)
[2025-10-23 10:29:08,059] - [INFO] - Replaced 8 / 1371 tokens (0.58%)
[2025-10-23 10:29:08,065] - [INFO] - Replaced 12 / 2088 tokens (0.57%)
[2025-10-23 10:29:08,067] - [INFO] - ==== Example Sentence ====
[2025-10-23 10:29:08,067] - [INFO] - Original:  30년 전쟁의 승자는 누구인가?
[2025-10-23 10:29:08,067] - [INFO] - Tokenized: ['30년', '전쟁의', '승자는', '누구인가', '?']
[2025-10-23 10:29:08,067] - [INFO] - Replaced:  ['30년', '전쟁의', '<UNK', '누구인가', '?']
[2025-10-23 10:29:08,068] - [INFO] - Window:    (tensor([1613,  994, 1112, 1957, 3970]), tensor(1119))
[2025-10-23 10:29:10,927] - [INFO] - Eval Loss: 7.0846 | Perplexity: 1193.45 | Accuracy: 17.29% | Top-5 Accuracy: 27.94%
[2025-10-23 10:29:13,781] - [INFO] - Eval Loss: 5.6696 | Perplexity: 289.92 | Accuracy: 21.44% | Top-5 Accuracy: 33.19%
[2025-10-23 10:29:16,632] - [INFO] - Eval Loss: 5.1809 | Perplexity: 177.84 | Accuracy: 22.47% | Top-5 Accuracy: 48.58%
[2025-10-23 10:29:19,482] - [INFO] - Eval Loss: 4.9038 | Perplexity: 134.81 | Accuracy: 24.73% | Top-5 Accuracy: 51.79%
[2025-10-23 10:29:22,392] - [INFO] - Eval Loss: 4.7151 | Perplexity: 111.62 | Accuracy: 25.75% | Top-5 Accuracy: 53.90%
[2025-10-23 10:29:25,450] - [INFO] - Eval Loss: 4.5844 | Perplexity: 97.95 | Accuracy: 27.79% | Top-5 Accuracy: 54.63%
[2025-10-23 10:29:28,349] - [INFO] - Eval Loss: 4.4502 | Perplexity: 85.65 | Accuracy: 28.23% | Top-5 Accuracy: 55.43%
[2025-10-23 10:29:31,201] - [INFO] - Eval Loss: 4.3636 | Perplexity: 78.54 | Accuracy: 29.25% | Top-5 Accuracy: 55.51%
[2025-10-23 10:29:34,052] - [INFO] - Eval Loss: 4.2734 | Perplexity: 71.76 | Accuracy: 29.98% | Top-5 Accuracy: 55.94%
[2025-10-23 10:29:36,900] - [INFO] - Eval Loss: 4.2185 | Perplexity: 67.93 | Accuracy: 30.49% | Top-5 Accuracy: 56.24%
[2025-10-23 10:29:36,901] - [INFO] - 
=== Running combination ===
[2025-10-23 10:29:36,901] - [INFO] - Embed: 128, Hidden: 128, Top fraction: 0.05, Replace: False, Context: 5
[2025-10-23 10:29:38,774] - [INFO] - Train dataset contains 2194 samples
[2025-10-23 10:29:38,774] - [INFO] - Validation dataset contains 228 samples
[2025-10-23 10:29:38,774] - [INFO] - Test dataset contains 356 samples
[2025-10-23 10:29:38,777] - [INFO] - Top 5.00% frequent words (205) out of 4103 total words
[2025-10-23 10:29:38,777] - [INFO] - The fragment to replace is 3.1543902439024394 of the 205 frequent words (205 out of 12933)
[2025-10-23 10:29:38,803] - [INFO] - Replaced 205 / 12933 tokens (1.59%)
[2025-10-23 10:29:38,995] - [INFO] - Replaced 8 / 1371 tokens (0.58%)
[2025-10-23 10:29:39,001] - [INFO] - Replaced 12 / 2088 tokens (0.57%)
[2025-10-23 10:29:39,003] - [INFO] - ==== Example Sentence ====
[2025-10-23 10:29:39,003] - [INFO] - Original:  30년 전쟁의 승자는 누구인가?
[2025-10-23 10:29:39,003] - [INFO] - Tokenized: ['30년', '전쟁의', '승자는', '누구인가', '?']
[2025-10-23 10:29:39,003] - [INFO] - Replaced:  ['30년', '전쟁의', '<UNK', '누구인가', '?']
[2025-10-23 10:29:39,004] - [INFO] - Window:    (tensor([1613,  994, 1112, 1957, 3970]), tensor(1119))
[2025-10-23 10:29:41,857] - [INFO] - Eval Loss: 7.0846 | Perplexity: 1193.45 | Accuracy: 17.29% | Top-5 Accuracy: 27.94%
[2025-10-23 10:29:44,705] - [INFO] - Eval Loss: 5.6696 | Perplexity: 289.92 | Accuracy: 21.44% | Top-5 Accuracy: 33.19%
[2025-10-23 10:29:47,553] - [INFO] - Eval Loss: 5.1809 | Perplexity: 177.84 | Accuracy: 22.47% | Top-5 Accuracy: 48.58%
[2025-10-23 10:29:50,410] - [INFO] - Eval Loss: 4.9038 | Perplexity: 134.81 | Accuracy: 24.73% | Top-5 Accuracy: 51.79%
[2025-10-23 10:29:53,271] - [INFO] - Eval Loss: 4.7151 | Perplexity: 111.62 | Accuracy: 25.75% | Top-5 Accuracy: 53.90%
[2025-10-23 10:29:56,146] - [INFO] - Eval Loss: 4.5844 | Perplexity: 97.95 | Accuracy: 27.79% | Top-5 Accuracy: 54.63%
[2025-10-23 10:29:59,009] - [INFO] - Eval Loss: 4.4502 | Perplexity: 85.65 | Accuracy: 28.23% | Top-5 Accuracy: 55.43%
[2025-10-23 10:30:01,887] - [INFO] - Eval Loss: 4.3636 | Perplexity: 78.54 | Accuracy: 29.25% | Top-5 Accuracy: 55.51%
[2025-10-23 10:30:04,751] - [INFO] - Eval Loss: 4.2734 | Perplexity: 71.76 | Accuracy: 29.98% | Top-5 Accuracy: 55.94%
[2025-10-23 10:30:07,616] - [INFO] - Eval Loss: 4.2185 | Perplexity: 67.93 | Accuracy: 30.49% | Top-5 Accuracy: 56.24%
[2025-10-23 10:30:07,617] - [INFO] - 
=== Running combination ===
[2025-10-23 10:30:07,617] - [INFO] - Embed: 128, Hidden: 128, Top fraction: 0.05, Replace: False, Context: 5
[2025-10-23 10:30:09,167] - [INFO] - Train dataset contains 2194 samples
[2025-10-23 10:30:09,167] - [INFO] - Validation dataset contains 228 samples
[2025-10-23 10:30:09,167] - [INFO] - Test dataset contains 356 samples
[2025-10-23 10:30:09,170] - [INFO] - Top 5.00% frequent words (205) out of 4103 total words
[2025-10-23 10:30:09,170] - [INFO] - The fragment to replace is 0.6308780487804879 of the 205 frequent words (205 out of 12933)
[2025-10-23 10:30:09,196] - [INFO] - Replaced 126 / 12933 tokens (0.97%)
[2025-10-23 10:30:09,213] - [INFO] - Replaced 3 / 1371 tokens (0.22%)
[2025-10-23 10:30:09,219] - [INFO] - Replaced 9 / 2088 tokens (0.43%)
[2025-10-23 10:30:09,221] - [INFO] - ==== Example Sentence ====
[2025-10-23 10:30:09,221] - [INFO] - Original:  30년 전쟁의 승자는 누구인가?
[2025-10-23 10:30:09,221] - [INFO] - Tokenized: ['30년', '전쟁의', '승자는', '누구인가', '?']
[2025-10-23 10:30:09,221] - [INFO] - Replaced:  ['30년', '전쟁의', '<UNK', '누구인가', '?']
[2025-10-23 10:30:09,222] - [INFO] - Window:    (tensor([1613,  994, 1112, 1957, 3970]), tensor(1119))
[2025-10-23 10:30:12,090] - [INFO] - Eval Loss: 7.2233 | Perplexity: 1371.07 | Accuracy: 16.63% | Top-5 Accuracy: 26.19%
[2025-10-23 10:30:14,954] - [INFO] - Eval Loss: 5.9116 | Perplexity: 369.29 | Accuracy: 21.01% | Top-5 Accuracy: 30.34%
[2025-10-23 10:30:17,819] - [INFO] - Eval Loss: 5.4359 | Perplexity: 229.49 | Accuracy: 22.47% | Top-5 Accuracy: 33.11%
[2025-10-23 10:30:20,676] - [INFO] - Eval Loss: 5.1496 | Perplexity: 172.36 | Accuracy: 23.19% | Top-5 Accuracy: 34.87%
[2025-10-23 10:30:23,538] - [INFO] - Eval Loss: 4.9759 | Perplexity: 144.88 | Accuracy: 23.71% | Top-5 Accuracy: 40.55%
[2025-10-23 10:30:26,398] - [INFO] - Eval Loss: 4.8427 | Perplexity: 126.81 | Accuracy: 25.09% | Top-5 Accuracy: 41.21%
[2025-10-23 10:30:29,259] - [INFO] - Eval Loss: 4.7186 | Perplexity: 112.01 | Accuracy: 25.46% | Top-5 Accuracy: 42.60%
[2025-10-23 10:30:32,124] - [INFO] - Eval Loss: 4.6130 | Perplexity: 100.79 | Accuracy: 26.77% | Top-5 Accuracy: 51.06%
[2025-10-23 10:30:34,990] - [INFO] - Eval Loss: 4.5219 | Perplexity: 92.01 | Accuracy: 27.35% | Top-5 Accuracy: 52.74%
[2025-10-23 10:30:37,850] - [INFO] - Eval Loss: 4.4582 | Perplexity: 86.33 | Accuracy: 27.64% | Top-5 Accuracy: 53.54%
[2025-10-23 10:30:37,851] - [INFO] - 
=== Running combination ===
[2025-10-23 10:30:37,851] - [INFO] - Embed: 128, Hidden: 128, Top fraction: 0.05, Replace: False, Context: 2
[2025-10-23 10:30:39,377] - [INFO] - Train dataset contains 2194 samples
[2025-10-23 10:30:39,377] - [INFO] - Validation dataset contains 228 samples
[2025-10-23 10:30:39,377] - [INFO] - Test dataset contains 356 samples
[2025-10-23 10:30:39,380] - [INFO] - Top 5.00% frequent words (205) out of 4103 total words
[2025-10-23 10:30:39,380] - [INFO] - The fragment to replace is 6.308780487804879 of the 205 frequent words (205 out of 12933)
[2025-10-23 10:30:39,406] - [INFO] - Replaced 205 / 12933 tokens (1.59%)
[2025-10-23 10:30:39,418] - [INFO] - Replaced 8 / 1371 tokens (0.58%)
[2025-10-23 10:30:39,423] - [INFO] - Replaced 12 / 2088 tokens (0.57%)
[2025-10-23 10:30:39,425] - [INFO] - ==== Example Sentence ====
[2025-10-23 10:30:39,425] - [INFO] - Original:  30년 전쟁의 승자는 누구인가?
[2025-10-23 10:30:39,425] - [INFO] - Tokenized: ['30년', '전쟁의', '승자는', '누구인가', '?']
[2025-10-23 10:30:39,425] - [INFO] - Replaced:  ['30년', '전쟁의', '<UNK', '누구인가', '?']
[2025-10-23 10:30:39,425] - [INFO] - Window:    (tensor([1613,  994]), tensor(1112))
[2025-10-23 10:30:42,284] - [INFO] - Eval Loss: 7.8450 | Perplexity: 2553.06 | Accuracy: 10.50% | Top-5 Accuracy: 19.62%
[2025-10-23 10:30:45,136] - [INFO] - Eval Loss: 7.1707 | Perplexity: 1300.70 | Accuracy: 19.84% | Top-5 Accuracy: 30.27%
[2025-10-23 10:30:47,998] - [INFO] - Eval Loss: 6.3196 | Perplexity: 555.35 | Accuracy: 21.37% | Top-5 Accuracy: 43.76%
[2025-10-23 10:30:50,848] - [INFO] - Eval Loss: 5.6367 | Perplexity: 280.53 | Accuracy: 21.95% | Top-5 Accuracy: 48.87%
[2025-10-23 10:30:53,700] - [INFO] - Eval Loss: 5.1795 | Perplexity: 177.60 | Accuracy: 21.81% | Top-5 Accuracy: 49.89%
[2025-10-23 10:30:56,553] - [INFO] - Eval Loss: 4.8482 | Perplexity: 127.51 | Accuracy: 23.12% | Top-5 Accuracy: 51.50%
[2025-10-23 10:30:59,406] - [INFO] - Eval Loss: 4.6215 | Perplexity: 101.65 | Accuracy: 23.71% | Top-5 Accuracy: 52.22%
[2025-10-23 10:31:02,254] - [INFO] - Eval Loss: 4.4570 | Perplexity: 86.22 | Accuracy: 26.11% | Top-5 Accuracy: 52.81%
[2025-10-23 10:31:05,106] - [INFO] - Eval Loss: 4.3460 | Perplexity: 77.17 | Accuracy: 27.86% | Top-5 Accuracy: 53.68%
[2025-10-23 10:31:07,956] - [INFO] - Eval Loss: 4.2654 | Perplexity: 71.20 | Accuracy: 28.45% | Top-5 Accuracy: 53.68%
[2025-10-23 10:31:07,956] - [INFO] - 
=== Running combination ===
[2025-10-23 10:31:07,956] - [INFO] - Embed: 128, Hidden: 128, Top fraction: 0.05, Replace: False, Context: 2
[2025-10-23 10:31:09,500] - [INFO] - Train dataset contains 2194 samples
[2025-10-23 10:31:09,500] - [INFO] - Validation dataset contains 228 samples
[2025-10-23 10:31:09,500] - [INFO] - Test dataset contains 356 samples
[2025-10-23 10:31:09,503] - [INFO] - Top 5.00% frequent words (205) out of 4103 total words
[2025-10-23 10:31:09,503] - [INFO] - The fragment to replace is 3.1543902439024394 of the 205 frequent words (205 out of 12933)
[2025-10-23 10:31:09,529] - [INFO] - Replaced 205 / 12933 tokens (1.59%)
[2025-10-23 10:31:09,720] - [INFO] - Replaced 8 / 1371 tokens (0.58%)
[2025-10-23 10:31:09,725] - [INFO] - Replaced 12 / 2088 tokens (0.57%)
[2025-10-23 10:31:09,727] - [INFO] - ==== Example Sentence ====
[2025-10-23 10:31:09,727] - [INFO] - Original:  30년 전쟁의 승자는 누구인가?
[2025-10-23 10:31:09,727] - [INFO] - Tokenized: ['30년', '전쟁의', '승자는', '누구인가', '?']
[2025-10-23 10:31:09,727] - [INFO] - Replaced:  ['30년', '전쟁의', '<UNK', '누구인가', '?']
[2025-10-23 10:31:09,727] - [INFO] - Window:    (tensor([1613,  994]), tensor(1112))
[2025-10-23 10:31:12,591] - [INFO] - Eval Loss: 7.8450 | Perplexity: 2553.06 | Accuracy: 10.50% | Top-5 Accuracy: 19.62%
[2025-10-23 10:31:15,444] - [INFO] - Eval Loss: 7.1707 | Perplexity: 1300.70 | Accuracy: 19.84% | Top-5 Accuracy: 30.27%
[2025-10-23 10:31:18,298] - [INFO] - Eval Loss: 6.3196 | Perplexity: 555.35 | Accuracy: 21.37% | Top-5 Accuracy: 43.76%
[2025-10-23 10:31:21,151] - [INFO] - Eval Loss: 5.6367 | Perplexity: 280.53 | Accuracy: 21.95% | Top-5 Accuracy: 48.87%
[2025-10-23 10:31:24,001] - [INFO] - Eval Loss: 5.1795 | Perplexity: 177.60 | Accuracy: 21.81% | Top-5 Accuracy: 49.89%
[2025-10-23 10:31:26,853] - [INFO] - Eval Loss: 4.8482 | Perplexity: 127.51 | Accuracy: 23.12% | Top-5 Accuracy: 51.50%
[2025-10-23 10:31:29,704] - [INFO] - Eval Loss: 4.6215 | Perplexity: 101.65 | Accuracy: 23.71% | Top-5 Accuracy: 52.22%
[2025-10-23 10:31:32,556] - [INFO] - Eval Loss: 4.4570 | Perplexity: 86.22 | Accuracy: 26.11% | Top-5 Accuracy: 52.81%
[2025-10-23 10:31:35,405] - [INFO] - Eval Loss: 4.3460 | Perplexity: 77.17 | Accuracy: 27.86% | Top-5 Accuracy: 53.68%
[2025-10-23 10:31:38,259] - [INFO] - Eval Loss: 4.2654 | Perplexity: 71.20 | Accuracy: 28.45% | Top-5 Accuracy: 53.68%
[2025-10-23 10:31:38,260] - [INFO] - 
=== Running combination ===
[2025-10-23 10:31:38,260] - [INFO] - Embed: 128, Hidden: 128, Top fraction: 0.05, Replace: False, Context: 2
[2025-10-23 10:31:39,829] - [INFO] - Train dataset contains 2194 samples
[2025-10-23 10:31:39,829] - [INFO] - Validation dataset contains 228 samples
[2025-10-23 10:31:39,829] - [INFO] - Test dataset contains 356 samples
[2025-10-23 10:31:39,832] - [INFO] - Top 5.00% frequent words (205) out of 4103 total words
[2025-10-23 10:31:39,832] - [INFO] - The fragment to replace is 0.6308780487804879 of the 205 frequent words (205 out of 12933)
[2025-10-23 10:31:39,858] - [INFO] - Replaced 126 / 12933 tokens (0.97%)
[2025-10-23 10:31:39,871] - [INFO] - Replaced 3 / 1371 tokens (0.22%)
[2025-10-23 10:31:39,877] - [INFO] - Replaced 9 / 2088 tokens (0.43%)
[2025-10-23 10:31:39,878] - [INFO] - ==== Example Sentence ====
[2025-10-23 10:31:39,878] - [INFO] - Original:  30년 전쟁의 승자는 누구인가?
[2025-10-23 10:31:39,878] - [INFO] - Tokenized: ['30년', '전쟁의', '승자는', '누구인가', '?']
[2025-10-23 10:31:39,878] - [INFO] - Replaced:  ['30년', '전쟁의', '<UNK', '누구인가', '?']
[2025-10-23 10:31:39,879] - [INFO] - Window:    (tensor([1613,  994]), tensor(1112))
[2025-10-23 10:31:42,729] - [INFO] - Eval Loss: 7.8735 | Perplexity: 2626.71 | Accuracy: 10.43% | Top-5 Accuracy: 19.33%
[2025-10-23 10:31:45,564] - [INFO] - Eval Loss: 7.2589 | Perplexity: 1420.63 | Accuracy: 19.91% | Top-5 Accuracy: 29.32%
[2025-10-23 10:31:48,395] - [INFO] - Eval Loss: 6.4909 | Perplexity: 659.09 | Accuracy: 20.42% | Top-5 Accuracy: 31.80%
[2025-10-23 10:31:51,232] - [INFO] - Eval Loss: 5.8765 | Perplexity: 356.57 | Accuracy: 21.23% | Top-5 Accuracy: 34.35%
[2025-10-23 10:31:54,068] - [INFO] - Eval Loss: 5.4724 | Perplexity: 238.03 | Accuracy: 21.81% | Top-5 Accuracy: 35.74%
[2025-10-23 10:31:56,905] - [INFO] - Eval Loss: 5.1750 | Perplexity: 176.80 | Accuracy: 22.98% | Top-5 Accuracy: 35.81%
[2025-10-23 10:31:59,738] - [INFO] - Eval Loss: 4.9566 | Perplexity: 142.11 | Accuracy: 23.12% | Top-5 Accuracy: 36.91%
[2025-10-23 10:32:02,577] - [INFO] - Eval Loss: 4.7795 | Perplexity: 119.04 | Accuracy: 23.41% | Top-5 Accuracy: 37.86%
[2025-10-23 10:32:05,422] - [INFO] - Eval Loss: 4.6445 | Perplexity: 104.01 | Accuracy: 23.19% | Top-5 Accuracy: 38.15%
[2025-10-23 10:32:08,257] - [INFO] - Eval Loss: 4.5381 | Perplexity: 93.51 | Accuracy: 23.49% | Top-5 Accuracy: 45.88%
[2025-10-23 10:32:08,258] - [INFO] - 
=== Running combination ===
[2025-10-23 10:32:08,258] - [INFO] - Embed: 128, Hidden: 128, Top fraction: 0.1, Replace: True, Context: 5
[2025-10-23 10:32:09,814] - [INFO] - Train dataset contains 2194 samples
[2025-10-23 10:32:09,814] - [INFO] - Validation dataset contains 228 samples
[2025-10-23 10:32:09,814] - [INFO] - Test dataset contains 356 samples
[2025-10-23 10:32:09,817] - [INFO] - Top 10.00% frequent words (410) out of 4103 total words
[2025-10-23 10:32:09,817] - [INFO] - The fragment to replace is 0.1521708436286622 of the 410 frequent words (8499 out of 12933)
[2025-10-23 10:32:09,846] - [INFO] - Replaced 1334 / 12933 tokens (10.31%)
[2025-10-23 10:32:09,863] - [INFO] - Replaced 114 / 1371 tokens (8.32%)
[2025-10-23 10:32:09,870] - [INFO] - Replaced 200 / 2088 tokens (9.58%)
[2025-10-23 10:32:09,872] - [INFO] - ==== Example Sentence ====
[2025-10-23 10:32:09,872] - [INFO] - Original:  30년 전쟁의 승자는 누구인가?
[2025-10-23 10:32:09,872] - [INFO] - Tokenized: ['30년', '전쟁의', '승자는', '누구인가', '?']
[2025-10-23 10:32:09,872] - [INFO] - Replaced:  ['30년', '전쟁의', '승자는', '누구인가', '<UNK']
[2025-10-23 10:32:09,872] - [INFO] - Window:    (tensor([1613,  994, 1112, 2172, 3970]), tensor(1957))
[2025-10-23 10:32:12,731] - [INFO] - Eval Loss: 6.4090 | Perplexity: 607.30 | Accuracy: 35.67% | Top-5 Accuracy: 50.33%
[2025-10-23 10:32:15,575] - [INFO] - Eval Loss: 5.1025 | Perplexity: 164.43 | Accuracy: 34.14% | Top-5 Accuracy: 56.53%
[2025-10-23 10:32:18,433] - [INFO] - Eval Loss: 4.7914 | Perplexity: 120.47 | Accuracy: 35.74% | Top-5 Accuracy: 57.91%
[2025-10-23 10:32:21,280] - [INFO] - Eval Loss: 4.5869 | Perplexity: 98.19 | Accuracy: 37.13% | Top-5 Accuracy: 59.15%
[2025-10-23 10:32:24,128] - [INFO] - Eval Loss: 4.4536 | Perplexity: 85.94 | Accuracy: 38.00% | Top-5 Accuracy: 60.10%
[2025-10-23 10:32:26,981] - [INFO] - Eval Loss: 4.3933 | Perplexity: 80.91 | Accuracy: 35.16% | Top-5 Accuracy: 60.39%
[2025-10-23 10:32:29,827] - [INFO] - Eval Loss: 4.3095 | Perplexity: 74.41 | Accuracy: 35.89% | Top-5 Accuracy: 60.61%
[2025-10-23 10:32:32,673] - [INFO] - Eval Loss: 4.2459 | Perplexity: 69.82 | Accuracy: 36.32% | Top-5 Accuracy: 60.61%
[2025-10-23 10:32:35,518] - [INFO] - Eval Loss: 4.2136 | Perplexity: 67.60 | Accuracy: 36.25% | Top-5 Accuracy: 60.83%
[2025-10-23 10:32:38,367] - [INFO] - Eval Loss: 4.1851 | Perplexity: 65.70 | Accuracy: 36.18% | Top-5 Accuracy: 61.12%
[2025-10-23 10:32:38,368] - [INFO] - 
=== Running combination ===
[2025-10-23 10:32:38,368] - [INFO] - Embed: 128, Hidden: 128, Top fraction: 0.1, Replace: True, Context: 5
[2025-10-23 10:32:39,914] - [INFO] - Train dataset contains 2194 samples
[2025-10-23 10:32:39,914] - [INFO] - Validation dataset contains 228 samples
[2025-10-23 10:32:39,915] - [INFO] - Test dataset contains 356 samples
[2025-10-23 10:32:39,917] - [INFO] - Top 10.00% frequent words (410) out of 4103 total words
[2025-10-23 10:32:39,917] - [INFO] - The fragment to replace is 0.0760854218143311 of the 410 frequent words (8499 out of 12933)
[2025-10-23 10:32:39,945] - [INFO] - Replaced 621 / 12933 tokens (4.80%)
[2025-10-23 10:32:40,140] - [INFO] - Replaced 49 / 1371 tokens (3.57%)
[2025-10-23 10:32:40,146] - [INFO] - Replaced 92 / 2088 tokens (4.41%)
[2025-10-23 10:32:40,148] - [INFO] - ==== Example Sentence ====
[2025-10-23 10:32:40,148] - [INFO] - Original:  30년 전쟁의 승자는 누구인가?
[2025-10-23 10:32:40,148] - [INFO] - Tokenized: ['30년', '전쟁의', '승자는', '누구인가', '?']
[2025-10-23 10:32:40,148] - [INFO] - Replaced:  ['30년', '전쟁의', '승자는', '누구인가', '<UNK']
[2025-10-23 10:32:40,148] - [INFO] - Window:    (tensor([1613,  994, 1112, 2172, 3970]), tensor(1957))
[2025-10-23 10:32:43,009] - [INFO] - Eval Loss: 6.9374 | Perplexity: 1030.08 | Accuracy: 16.34% | Top-5 Accuracy: 47.12%
[2025-10-23 10:32:45,857] - [INFO] - Eval Loss: 5.4137 | Perplexity: 224.47 | Accuracy: 20.86% | Top-5 Accuracy: 53.76%
[2025-10-23 10:32:48,710] - [INFO] - Eval Loss: 5.0747 | Perplexity: 159.93 | Accuracy: 21.81% | Top-5 Accuracy: 55.36%
[2025-10-23 10:32:51,562] - [INFO] - Eval Loss: 4.8235 | Perplexity: 124.40 | Accuracy: 25.38% | Top-5 Accuracy: 56.82%
[2025-10-23 10:32:54,412] - [INFO] - Eval Loss: 4.6788 | Perplexity: 107.64 | Accuracy: 26.26% | Top-5 Accuracy: 57.84%
[2025-10-23 10:32:57,265] - [INFO] - Eval Loss: 4.5651 | Perplexity: 96.07 | Accuracy: 27.86% | Top-5 Accuracy: 58.42%
[2025-10-23 10:33:00,116] - [INFO] - Eval Loss: 4.4659 | Perplexity: 87.00 | Accuracy: 27.72% | Top-5 Accuracy: 58.50%
[2025-10-23 10:33:02,969] - [INFO] - Eval Loss: 4.3649 | Perplexity: 78.64 | Accuracy: 28.59% | Top-5 Accuracy: 59.37%
[2025-10-23 10:33:05,829] - [INFO] - Eval Loss: 4.3162 | Perplexity: 74.90 | Accuracy: 28.23% | Top-5 Accuracy: 59.30%
[2025-10-23 10:33:08,687] - [INFO] - Eval Loss: 4.2898 | Perplexity: 72.95 | Accuracy: 27.79% | Top-5 Accuracy: 59.52%
[2025-10-23 10:33:08,687] - [INFO] - 
=== Running combination ===
[2025-10-23 10:33:08,687] - [INFO] - Embed: 128, Hidden: 128, Top fraction: 0.1, Replace: True, Context: 5
[2025-10-23 10:33:10,207] - [INFO] - Train dataset contains 2194 samples
[2025-10-23 10:33:10,207] - [INFO] - Validation dataset contains 228 samples
[2025-10-23 10:33:10,207] - [INFO] - Test dataset contains 356 samples
[2025-10-23 10:33:10,210] - [INFO] - Top 10.00% frequent words (410) out of 4103 total words
[2025-10-23 10:33:10,211] - [INFO] - The fragment to replace is 0.01521708436286622 of the 410 frequent words (8499 out of 12933)
[2025-10-23 10:33:10,238] - [INFO] - Replaced 124 / 12933 tokens (0.96%)
[2025-10-23 10:33:10,255] - [INFO] - Replaced 9 / 1371 tokens (0.66%)
[2025-10-23 10:33:10,260] - [INFO] - Replaced 19 / 2088 tokens (0.91%)
[2025-10-23 10:33:10,263] - [INFO] - ==== Example Sentence ====
[2025-10-23 10:33:10,263] - [INFO] - Original:  30년 전쟁의 승자는 누구인가?
[2025-10-23 10:33:10,263] - [INFO] - Tokenized: ['30년', '전쟁의', '승자는', '누구인가', '?']
[2025-10-23 10:33:10,263] - [INFO] - Replaced:  ['30년', '전쟁의', '승자는', '누구인가', '?']
[2025-10-23 10:33:10,263] - [INFO] - Window:    (tensor([1613,  994, 1112, 2172, 3970]), tensor(1119))
[2025-10-23 10:33:13,125] - [INFO] - Eval Loss: 7.2968 | Perplexity: 1475.57 | Accuracy: 16.41% | Top-5 Accuracy: 25.46%
[2025-10-23 10:33:15,976] - [INFO] - Eval Loss: 6.0213 | Perplexity: 412.13 | Accuracy: 20.71% | Top-5 Accuracy: 29.69%
[2025-10-23 10:33:18,830] - [INFO] - Eval Loss: 5.5344 | Perplexity: 253.26 | Accuracy: 22.03% | Top-5 Accuracy: 32.46%
[2025-10-23 10:33:21,680] - [INFO] - Eval Loss: 5.2580 | Perplexity: 192.10 | Accuracy: 22.54% | Top-5 Accuracy: 34.43%
[2025-10-23 10:33:24,529] - [INFO] - Eval Loss: 5.1016 | Perplexity: 164.29 | Accuracy: 23.19% | Top-5 Accuracy: 35.52%
[2025-10-23 10:33:27,397] - [INFO] - Eval Loss: 4.9753 | Perplexity: 144.79 | Accuracy: 24.58% | Top-5 Accuracy: 35.81%
[2025-10-23 10:33:30,250] - [INFO] - Eval Loss: 4.8683 | Perplexity: 130.10 | Accuracy: 25.02% | Top-5 Accuracy: 36.69%
[2025-10-23 10:33:33,099] - [INFO] - Eval Loss: 4.7723 | Perplexity: 118.19 | Accuracy: 25.67% | Top-5 Accuracy: 38.22%
[2025-10-23 10:33:35,950] - [INFO] - Eval Loss: 4.6887 | Perplexity: 108.72 | Accuracy: 26.04% | Top-5 Accuracy: 38.80%
[2025-10-23 10:33:38,799] - [INFO] - Eval Loss: 4.6308 | Perplexity: 102.60 | Accuracy: 26.33% | Top-5 Accuracy: 39.68%
[2025-10-23 10:33:38,799] - [INFO] - 
=== Running combination ===
[2025-10-23 10:33:38,799] - [INFO] - Embed: 128, Hidden: 128, Top fraction: 0.1, Replace: True, Context: 2
[2025-10-23 10:33:40,358] - [INFO] - Train dataset contains 2194 samples
[2025-10-23 10:33:40,358] - [INFO] - Validation dataset contains 228 samples
[2025-10-23 10:33:40,358] - [INFO] - Test dataset contains 356 samples
[2025-10-23 10:33:40,361] - [INFO] - Top 10.00% frequent words (410) out of 4103 total words
[2025-10-23 10:33:40,361] - [INFO] - The fragment to replace is 0.1521708436286622 of the 410 frequent words (8499 out of 12933)
[2025-10-23 10:33:40,390] - [INFO] - Replaced 1334 / 12933 tokens (10.31%)
[2025-10-23 10:33:40,403] - [INFO] - Replaced 114 / 1371 tokens (8.32%)
[2025-10-23 10:33:40,409] - [INFO] - Replaced 200 / 2088 tokens (9.58%)
[2025-10-23 10:33:40,410] - [INFO] - ==== Example Sentence ====
[2025-10-23 10:33:40,410] - [INFO] - Original:  30년 전쟁의 승자는 누구인가?
[2025-10-23 10:33:40,410] - [INFO] - Tokenized: ['30년', '전쟁의', '승자는', '누구인가', '?']
[2025-10-23 10:33:40,410] - [INFO] - Replaced:  ['30년', '전쟁의', '승자는', '누구인가', '<UNK']
[2025-10-23 10:33:40,410] - [INFO] - Window:    (tensor([1613,  994]), tensor(1112))
[2025-10-23 10:33:43,269] - [INFO] - Eval Loss: 7.7621 | Perplexity: 2349.80 | Accuracy: 18.82% | Top-5 Accuracy: 29.32%
[2025-10-23 10:33:46,116] - [INFO] - Eval Loss: 6.8683 | Perplexity: 961.36 | Accuracy: 27.21% | Top-5 Accuracy: 51.79%
[2025-10-23 10:33:48,966] - [INFO] - Eval Loss: 5.6802 | Perplexity: 293.01 | Accuracy: 28.59% | Top-5 Accuracy: 56.60%
[2025-10-23 10:33:51,813] - [INFO] - Eval Loss: 5.0491 | Perplexity: 155.89 | Accuracy: 28.45% | Top-5 Accuracy: 57.84%
[2025-10-23 10:33:54,666] - [INFO] - Eval Loss: 4.7711 | Perplexity: 118.05 | Accuracy: 30.93% | Top-5 Accuracy: 57.91%
[2025-10-23 10:33:57,519] - [INFO] - Eval Loss: 4.5766 | Perplexity: 97.18 | Accuracy: 31.73% | Top-5 Accuracy: 58.06%
[2025-10-23 10:34:00,368] - [INFO] - Eval Loss: 4.4304 | Perplexity: 83.96 | Accuracy: 32.31% | Top-5 Accuracy: 58.35%
[2025-10-23 10:34:03,215] - [INFO] - Eval Loss: 4.3300 | Perplexity: 75.95 | Accuracy: 33.26% | Top-5 Accuracy: 58.50%
[2025-10-23 10:34:06,064] - [INFO] - Eval Loss: 4.2493 | Perplexity: 70.06 | Accuracy: 33.26% | Top-5 Accuracy: 58.86%
[2025-10-23 10:34:08,910] - [INFO] - Eval Loss: 4.1974 | Perplexity: 66.51 | Accuracy: 34.14% | Top-5 Accuracy: 59.15%
[2025-10-23 10:34:08,910] - [INFO] - 
=== Running combination ===
[2025-10-23 10:34:08,910] - [INFO] - Embed: 128, Hidden: 128, Top fraction: 0.1, Replace: True, Context: 2
[2025-10-23 10:34:10,424] - [INFO] - Train dataset contains 2194 samples
[2025-10-23 10:34:10,424] - [INFO] - Validation dataset contains 228 samples
[2025-10-23 10:34:10,424] - [INFO] - Test dataset contains 356 samples
[2025-10-23 10:34:10,427] - [INFO] - Top 10.00% frequent words (410) out of 4103 total words
[2025-10-23 10:34:10,427] - [INFO] - The fragment to replace is 0.0760854218143311 of the 410 frequent words (8499 out of 12933)
[2025-10-23 10:34:10,455] - [INFO] - Replaced 621 / 12933 tokens (4.80%)
[2025-10-23 10:34:10,633] - [INFO] - Replaced 49 / 1371 tokens (3.57%)
[2025-10-23 10:34:10,638] - [INFO] - Replaced 92 / 2088 tokens (4.41%)
[2025-10-23 10:34:10,640] - [INFO] - ==== Example Sentence ====
[2025-10-23 10:34:10,640] - [INFO] - Original:  30년 전쟁의 승자는 누구인가?
[2025-10-23 10:34:10,640] - [INFO] - Tokenized: ['30년', '전쟁의', '승자는', '누구인가', '?']
[2025-10-23 10:34:10,640] - [INFO] - Replaced:  ['30년', '전쟁의', '승자는', '누구인가', '<UNK']
[2025-10-23 10:34:10,640] - [INFO] - Window:    (tensor([1613,  994]), tensor(1112))
[2025-10-23 10:34:11,883] - [INFO] - Eval Loss: 7.8414 | Perplexity: 2543.81 | Accuracy: 9.92% | Top-5 Accuracy: 19.91%
[2025-10-23 10:34:13,060] - [INFO] - Eval Loss: 7.1512 | Perplexity: 1275.65 | Accuracy: 19.18% | Top-5 Accuracy: 39.75%
[2025-10-23 10:34:14,094] - [INFO] - Eval Loss: 6.2280 | Perplexity: 506.76 | Accuracy: 20.71% | Top-5 Accuracy: 47.19%
[2025-10-23 10:34:15,130] - [INFO] - Eval Loss: 5.4511 | Perplexity: 233.01 | Accuracy: 20.79% | Top-5 Accuracy: 51.13%
[2025-10-23 10:34:16,150] - [INFO] - Eval Loss: 4.9951 | Perplexity: 147.69 | Accuracy: 20.64% | Top-5 Accuracy: 55.94%
[2025-10-23 10:34:17,189] - [INFO] - Eval Loss: 4.7481 | Perplexity: 115.36 | Accuracy: 28.15% | Top-5 Accuracy: 57.04%
[2025-10-23 10:34:18,177] - [INFO] - Eval Loss: 4.5939 | Perplexity: 98.88 | Accuracy: 22.47% | Top-5 Accuracy: 56.97%
[2025-10-23 10:34:19,128] - [INFO] - Eval Loss: 4.4745 | Perplexity: 87.75 | Accuracy: 22.68% | Top-5 Accuracy: 57.04%
[2025-10-23 10:34:20,129] - [INFO] - Eval Loss: 4.3836 | Perplexity: 80.13 | Accuracy: 23.12% | Top-5 Accuracy: 57.40%
[2025-10-23 10:34:21,169] - [INFO] - Eval Loss: 4.3148 | Perplexity: 74.80 | Accuracy: 23.34% | Top-5 Accuracy: 57.33%
[2025-10-23 10:34:21,169] - [INFO] - 
=== Running combination ===
[2025-10-23 10:34:21,169] - [INFO] - Embed: 128, Hidden: 128, Top fraction: 0.1, Replace: True, Context: 2
[2025-10-23 10:34:22,691] - [INFO] - Train dataset contains 2194 samples
[2025-10-23 10:34:22,691] - [INFO] - Validation dataset contains 228 samples
[2025-10-23 10:34:22,691] - [INFO] - Test dataset contains 356 samples
[2025-10-23 10:34:22,694] - [INFO] - Top 10.00% frequent words (410) out of 4103 total words
[2025-10-23 10:34:22,694] - [INFO] - The fragment to replace is 0.01521708436286622 of the 410 frequent words (8499 out of 12933)
[2025-10-23 10:34:22,721] - [INFO] - Replaced 124 / 12933 tokens (0.96%)
[2025-10-23 10:34:22,734] - [INFO] - Replaced 9 / 1371 tokens (0.66%)
[2025-10-23 10:34:22,739] - [INFO] - Replaced 19 / 2088 tokens (0.91%)
[2025-10-23 10:34:22,741] - [INFO] - ==== Example Sentence ====
[2025-10-23 10:34:22,741] - [INFO] - Original:  30년 전쟁의 승자는 누구인가?
[2025-10-23 10:34:22,741] - [INFO] - Tokenized: ['30년', '전쟁의', '승자는', '누구인가', '?']
[2025-10-23 10:34:22,741] - [INFO] - Replaced:  ['30년', '전쟁의', '승자는', '누구인가', '?']
[2025-10-23 10:34:22,741] - [INFO] - Window:    (tensor([1613,  994]), tensor(1112))
[2025-10-23 10:34:25,596] - [INFO] - Eval Loss: 7.8949 | Perplexity: 2683.47 | Accuracy: 9.99% | Top-5 Accuracy: 19.40%
[2025-10-23 10:34:28,441] - [INFO] - Eval Loss: 7.3201 | Perplexity: 1510.35 | Accuracy: 18.82% | Top-5 Accuracy: 28.96%
[2025-10-23 10:34:31,290] - [INFO] - Eval Loss: 6.5935 | Perplexity: 730.36 | Accuracy: 20.13% | Top-5 Accuracy: 31.80%
[2025-10-23 10:34:34,136] - [INFO] - Eval Loss: 5.9938 | Perplexity: 400.94 | Accuracy: 21.15% | Top-5 Accuracy: 33.77%
[2025-10-23 10:34:36,983] - [INFO] - Eval Loss: 5.6049 | Perplexity: 271.75 | Accuracy: 21.15% | Top-5 Accuracy: 35.01%
[2025-10-23 10:34:39,830] - [INFO] - Eval Loss: 5.3192 | Perplexity: 204.22 | Accuracy: 22.32% | Top-5 Accuracy: 35.38%
[2025-10-23 10:34:42,676] - [INFO] - Eval Loss: 5.1020 | Perplexity: 164.36 | Accuracy: 23.19% | Top-5 Accuracy: 35.67%
[2025-10-23 10:34:45,520] - [INFO] - Eval Loss: 4.9271 | Perplexity: 137.97 | Accuracy: 23.27% | Top-5 Accuracy: 36.03%
[2025-10-23 10:34:48,372] - [INFO] - Eval Loss: 4.7860 | Perplexity: 119.82 | Accuracy: 23.49% | Top-5 Accuracy: 36.83%
[2025-10-23 10:34:51,226] - [INFO] - Eval Loss: 4.6763 | Perplexity: 107.37 | Accuracy: 23.78% | Top-5 Accuracy: 37.20%
[2025-10-23 10:34:51,227] - [INFO] - 
=== Running combination ===
[2025-10-23 10:34:51,227] - [INFO] - Embed: 128, Hidden: 128, Top fraction: 0.1, Replace: False, Context: 5
[2025-10-23 10:34:52,784] - [INFO] - Train dataset contains 2194 samples
[2025-10-23 10:34:52,784] - [INFO] - Validation dataset contains 228 samples
[2025-10-23 10:34:52,784] - [INFO] - Test dataset contains 356 samples
[2025-10-23 10:34:52,787] - [INFO] - Top 10.00% frequent words (410) out of 4103 total words
[2025-10-23 10:34:52,787] - [INFO] - The fragment to replace is 3.1543902439024394 of the 410 frequent words (410 out of 12933)
[2025-10-23 10:34:52,814] - [INFO] - Replaced 410 / 12933 tokens (3.17%)
[2025-10-23 10:34:52,830] - [INFO] - Replaced 14 / 1371 tokens (1.02%)
[2025-10-23 10:34:52,836] - [INFO] - Replaced 29 / 2088 tokens (1.39%)
[2025-10-23 10:34:52,838] - [INFO] - ==== Example Sentence ====
[2025-10-23 10:34:52,838] - [INFO] - Original:  30년 전쟁의 승자는 누구인가?
[2025-10-23 10:34:52,838] - [INFO] - Tokenized: ['30년', '전쟁의', '승자는', '누구인가', '?']
[2025-10-23 10:34:52,838] - [INFO] - Replaced:  ['30년', '전쟁의', '<UNK', '누구인가', '?']
[2025-10-23 10:34:52,839] - [INFO] - Window:    (tensor([1613,  994, 1112, 1957, 3970]), tensor(1119))
[2025-10-23 10:34:55,706] - [INFO] - Eval Loss: 6.7935 | Perplexity: 892.07 | Accuracy: 18.02% | Top-5 Accuracy: 46.75%
[2025-10-23 10:34:58,569] - [INFO] - Eval Loss: 5.2738 | Perplexity: 195.15 | Accuracy: 22.83% | Top-5 Accuracy: 51.13%
[2025-10-23 10:35:01,433] - [INFO] - Eval Loss: 4.8783 | Perplexity: 131.41 | Accuracy: 25.46% | Top-5 Accuracy: 54.05%
[2025-10-23 10:35:04,295] - [INFO] - Eval Loss: 4.6374 | Perplexity: 103.28 | Accuracy: 26.40% | Top-5 Accuracy: 55.22%
[2025-10-23 10:35:07,156] - [INFO] - Eval Loss: 4.4542 | Perplexity: 85.99 | Accuracy: 36.69% | Top-5 Accuracy: 56.67%
[2025-10-23 10:35:10,021] - [INFO] - Eval Loss: 4.3580 | Perplexity: 78.10 | Accuracy: 37.35% | Top-5 Accuracy: 57.04%
[2025-10-23 10:35:12,885] - [INFO] - Eval Loss: 4.2502 | Perplexity: 70.12 | Accuracy: 37.93% | Top-5 Accuracy: 57.40%
[2025-10-23 10:35:15,750] - [INFO] - Eval Loss: 4.1802 | Perplexity: 65.38 | Accuracy: 32.31% | Top-5 Accuracy: 57.62%
[2025-10-23 10:35:18,611] - [INFO] - Eval Loss: 4.0997 | Perplexity: 60.32 | Accuracy: 38.51% | Top-5 Accuracy: 58.13%
[2025-10-23 10:35:21,470] - [INFO] - Eval Loss: 4.0701 | Perplexity: 58.56 | Accuracy: 33.04% | Top-5 Accuracy: 58.21%
[2025-10-23 10:35:21,470] - [INFO] - 
=== Running combination ===
[2025-10-23 10:35:21,470] - [INFO] - Embed: 128, Hidden: 128, Top fraction: 0.1, Replace: False, Context: 5
[2025-10-23 10:35:23,198] - [INFO] - Train dataset contains 2194 samples
[2025-10-23 10:35:23,198] - [INFO] - Validation dataset contains 228 samples
[2025-10-23 10:35:23,198] - [INFO] - Test dataset contains 356 samples
[2025-10-23 10:35:23,200] - [INFO] - Top 10.00% frequent words (410) out of 4103 total words
[2025-10-23 10:35:23,201] - [INFO] - The fragment to replace is 1.5771951219512197 of the 410 frequent words (410 out of 12933)
[2025-10-23 10:35:23,227] - [INFO] - Replaced 410 / 12933 tokens (3.17%)
[2025-10-23 10:35:23,390] - [INFO] - Replaced 14 / 1371 tokens (1.02%)
[2025-10-23 10:35:23,396] - [INFO] - Replaced 29 / 2088 tokens (1.39%)
[2025-10-23 10:35:23,398] - [INFO] - ==== Example Sentence ====
[2025-10-23 10:35:23,398] - [INFO] - Original:  30년 전쟁의 승자는 누구인가?
[2025-10-23 10:35:23,398] - [INFO] - Tokenized: ['30년', '전쟁의', '승자는', '누구인가', '?']
[2025-10-23 10:35:23,398] - [INFO] - Replaced:  ['30년', '전쟁의', '<UNK', '누구인가', '?']
[2025-10-23 10:35:23,398] - [INFO] - Window:    (tensor([1613,  994, 1112, 1957, 3970]), tensor(1119))
[2025-10-23 10:35:26,267] - [INFO] - Eval Loss: 6.7935 | Perplexity: 892.07 | Accuracy: 18.02% | Top-5 Accuracy: 46.75%
[2025-10-23 10:35:29,129] - [INFO] - Eval Loss: 5.2738 | Perplexity: 195.15 | Accuracy: 22.83% | Top-5 Accuracy: 51.13%
[2025-10-23 10:35:31,993] - [INFO] - Eval Loss: 4.8783 | Perplexity: 131.41 | Accuracy: 25.46% | Top-5 Accuracy: 54.05%
[2025-10-23 10:35:34,855] - [INFO] - Eval Loss: 4.6374 | Perplexity: 103.28 | Accuracy: 26.40% | Top-5 Accuracy: 55.22%
[2025-10-23 10:35:37,713] - [INFO] - Eval Loss: 4.4542 | Perplexity: 85.99 | Accuracy: 36.69% | Top-5 Accuracy: 56.67%
[2025-10-23 10:35:40,573] - [INFO] - Eval Loss: 4.3580 | Perplexity: 78.10 | Accuracy: 37.35% | Top-5 Accuracy: 57.04%
[2025-10-23 10:35:43,432] - [INFO] - Eval Loss: 4.2502 | Perplexity: 70.12 | Accuracy: 37.93% | Top-5 Accuracy: 57.40%
[2025-10-23 10:35:46,291] - [INFO] - Eval Loss: 4.1802 | Perplexity: 65.38 | Accuracy: 32.31% | Top-5 Accuracy: 57.62%
[2025-10-23 10:35:49,154] - [INFO] - Eval Loss: 4.0997 | Perplexity: 60.32 | Accuracy: 38.51% | Top-5 Accuracy: 58.13%
[2025-10-23 10:35:52,016] - [INFO] - Eval Loss: 4.0701 | Perplexity: 58.56 | Accuracy: 33.04% | Top-5 Accuracy: 58.21%
[2025-10-23 10:35:52,017] - [INFO] - 
=== Running combination ===
[2025-10-23 10:35:52,017] - [INFO] - Embed: 128, Hidden: 128, Top fraction: 0.1, Replace: False, Context: 5
[2025-10-23 10:35:53,614] - [INFO] - Train dataset contains 2194 samples
[2025-10-23 10:35:53,614] - [INFO] - Validation dataset contains 228 samples
[2025-10-23 10:35:53,614] - [INFO] - Test dataset contains 356 samples
[2025-10-23 10:35:53,617] - [INFO] - Top 10.00% frequent words (410) out of 4103 total words
[2025-10-23 10:35:53,617] - [INFO] - The fragment to replace is 0.31543902439024396 of the 410 frequent words (410 out of 12933)
[2025-10-23 10:35:53,643] - [INFO] - Replaced 141 / 12933 tokens (1.09%)
[2025-10-23 10:35:53,661] - [INFO] - Replaced 5 / 1371 tokens (0.36%)
[2025-10-23 10:35:53,666] - [INFO] - Replaced 13 / 2088 tokens (0.62%)
[2025-10-23 10:35:53,669] - [INFO] - ==== Example Sentence ====
[2025-10-23 10:35:53,669] - [INFO] - Original:  30년 전쟁의 승자는 누구인가?
[2025-10-23 10:35:53,669] - [INFO] - Tokenized: ['30년', '전쟁의', '승자는', '누구인가', '?']
[2025-10-23 10:35:53,669] - [INFO] - Replaced:  ['30년', '전쟁의', '<UNK', '누구인가', '?']
[2025-10-23 10:35:53,669] - [INFO] - Window:    (tensor([1613,  994, 1112, 1957, 3970]), tensor(1119))
[2025-10-23 10:35:56,550] - [INFO] - Eval Loss: 7.2041 | Perplexity: 1344.89 | Accuracy: 16.56% | Top-5 Accuracy: 26.04%
[2025-10-23 10:35:59,420] - [INFO] - Eval Loss: 5.8667 | Perplexity: 353.10 | Accuracy: 21.08% | Top-5 Accuracy: 30.34%
[2025-10-23 10:36:02,289] - [INFO] - Eval Loss: 5.3905 | Perplexity: 219.31 | Accuracy: 22.32% | Top-5 Accuracy: 32.97%
[2025-10-23 10:36:05,158] - [INFO] - Eval Loss: 5.1154 | Perplexity: 166.57 | Accuracy: 22.98% | Top-5 Accuracy: 34.87%
[2025-10-23 10:36:08,025] - [INFO] - Eval Loss: 4.9599 | Perplexity: 142.58 | Accuracy: 23.49% | Top-5 Accuracy: 40.99%
[2025-10-23 10:36:10,894] - [INFO] - Eval Loss: 4.8269 | Perplexity: 124.82 | Accuracy: 24.95% | Top-5 Accuracy: 42.09%
[2025-10-23 10:36:13,768] - [INFO] - Eval Loss: 4.7064 | Perplexity: 110.66 | Accuracy: 25.31% | Top-5 Accuracy: 43.47%
[2025-10-23 10:36:16,637] - [INFO] - Eval Loss: 4.6016 | Perplexity: 99.65 | Accuracy: 26.19% | Top-5 Accuracy: 51.71%
[2025-10-23 10:36:19,491] - [INFO] - Eval Loss: 4.5095 | Perplexity: 90.88 | Accuracy: 26.55% | Top-5 Accuracy: 52.59%
[2025-10-23 10:36:22,341] - [INFO] - Eval Loss: 4.4554 | Perplexity: 86.09 | Accuracy: 26.99% | Top-5 Accuracy: 53.39%
[2025-10-23 10:36:22,341] - [INFO] - 
=== Running combination ===
[2025-10-23 10:36:22,341] - [INFO] - Embed: 128, Hidden: 128, Top fraction: 0.1, Replace: False, Context: 2
[2025-10-23 10:36:26,509] - [INFO] - Train dataset contains 2194 samples
[2025-10-23 10:36:26,509] - [INFO] - Validation dataset contains 228 samples
[2025-10-23 10:36:26,509] - [INFO] - Test dataset contains 356 samples
[2025-10-23 10:36:26,512] - [INFO] - Top 10.00% frequent words (410) out of 4103 total words
[2025-10-23 10:36:26,512] - [INFO] - The fragment to replace is 3.1543902439024394 of the 410 frequent words (410 out of 12933)
[2025-10-23 10:36:26,538] - [INFO] - Replaced 410 / 12933 tokens (3.17%)
[2025-10-23 10:36:26,551] - [INFO] - Replaced 14 / 1371 tokens (1.02%)
[2025-10-23 10:36:26,557] - [INFO] - Replaced 29 / 2088 tokens (1.39%)
[2025-10-23 10:36:26,558] - [INFO] - ==== Example Sentence ====
[2025-10-23 10:36:26,558] - [INFO] - Original:  30년 전쟁의 승자는 누구인가?
[2025-10-23 10:36:26,558] - [INFO] - Tokenized: ['30년', '전쟁의', '승자는', '누구인가', '?']
[2025-10-23 10:36:26,558] - [INFO] - Replaced:  ['30년', '전쟁의', '<UNK', '누구인가', '?']
[2025-10-23 10:36:26,559] - [INFO] - Window:    (tensor([1613,  994]), tensor(1112))
[2025-10-23 10:36:29,408] - [INFO] - Eval Loss: 7.7844 | Perplexity: 2402.89 | Accuracy: 11.38% | Top-5 Accuracy: 28.30%
[2025-10-23 10:36:32,270] - [INFO] - Eval Loss: 6.9757 | Perplexity: 1070.26 | Accuracy: 20.64% | Top-5 Accuracy: 46.75%
[2025-10-23 10:36:35,129] - [INFO] - Eval Loss: 5.9655 | Perplexity: 389.76 | Accuracy: 23.63% | Top-5 Accuracy: 50.62%
[2025-10-23 10:36:37,993] - [INFO] - Eval Loss: 5.2062 | Perplexity: 182.40 | Accuracy: 23.71% | Top-5 Accuracy: 53.46%
[2025-10-23 10:36:40,852] - [INFO] - Eval Loss: 4.7628 | Perplexity: 117.07 | Accuracy: 31.80% | Top-5 Accuracy: 54.19%
[2025-10-23 10:36:43,708] - [INFO] - Eval Loss: 4.5087 | Perplexity: 90.81 | Accuracy: 31.95% | Top-5 Accuracy: 55.43%
[2025-10-23 10:36:46,565] - [INFO] - Eval Loss: 4.3600 | Perplexity: 78.26 | Accuracy: 34.72% | Top-5 Accuracy: 55.51%
[2025-10-23 10:36:49,424] - [INFO] - Eval Loss: 4.2511 | Perplexity: 70.18 | Accuracy: 34.79% | Top-5 Accuracy: 55.73%
[2025-10-23 10:36:52,282] - [INFO] - Eval Loss: 4.1726 | Perplexity: 64.88 | Accuracy: 35.45% | Top-5 Accuracy: 56.16%
[2025-10-23 10:36:55,142] - [INFO] - Eval Loss: 4.1135 | Perplexity: 61.16 | Accuracy: 36.03% | Top-5 Accuracy: 56.75%
[2025-10-23 10:36:55,143] - [INFO] - 
=== Running combination ===
[2025-10-23 10:36:55,143] - [INFO] - Embed: 128, Hidden: 128, Top fraction: 0.1, Replace: False, Context: 2
[2025-10-23 10:36:56,683] - [INFO] - Train dataset contains 2194 samples
[2025-10-23 10:36:56,683] - [INFO] - Validation dataset contains 228 samples
[2025-10-23 10:36:56,683] - [INFO] - Test dataset contains 356 samples
[2025-10-23 10:36:56,686] - [INFO] - Top 10.00% frequent words (410) out of 4103 total words
[2025-10-23 10:36:56,686] - [INFO] - The fragment to replace is 1.5771951219512197 of the 410 frequent words (410 out of 12933)
[2025-10-23 10:36:56,712] - [INFO] - Replaced 410 / 12933 tokens (3.17%)
[2025-10-23 10:36:56,899] - [INFO] - Replaced 14 / 1371 tokens (1.02%)
[2025-10-23 10:36:56,904] - [INFO] - Replaced 29 / 2088 tokens (1.39%)
[2025-10-23 10:36:56,906] - [INFO] - ==== Example Sentence ====
[2025-10-23 10:36:56,906] - [INFO] - Original:  30년 전쟁의 승자는 누구인가?
[2025-10-23 10:36:56,906] - [INFO] - Tokenized: ['30년', '전쟁의', '승자는', '누구인가', '?']
[2025-10-23 10:36:56,906] - [INFO] - Replaced:  ['30년', '전쟁의', '<UNK', '누구인가', '?']
[2025-10-23 10:36:56,906] - [INFO] - Window:    (tensor([1613,  994]), tensor(1112))
[2025-10-23 10:36:59,785] - [INFO] - Eval Loss: 7.7844 | Perplexity: 2402.89 | Accuracy: 11.38% | Top-5 Accuracy: 28.30%
[2025-10-23 10:37:02,644] - [INFO] - Eval Loss: 6.9757 | Perplexity: 1070.26 | Accuracy: 20.64% | Top-5 Accuracy: 46.75%
[2025-10-23 10:37:05,508] - [INFO] - Eval Loss: 5.9655 | Perplexity: 389.76 | Accuracy: 23.63% | Top-5 Accuracy: 50.62%
[2025-10-23 10:37:08,372] - [INFO] - Eval Loss: 5.2062 | Perplexity: 182.40 | Accuracy: 23.71% | Top-5 Accuracy: 53.46%
[2025-10-23 10:37:11,224] - [INFO] - Eval Loss: 4.7628 | Perplexity: 117.07 | Accuracy: 31.80% | Top-5 Accuracy: 54.19%
[2025-10-23 10:37:14,076] - [INFO] - Eval Loss: 4.5087 | Perplexity: 90.81 | Accuracy: 31.95% | Top-5 Accuracy: 55.43%
[2025-10-23 10:37:16,928] - [INFO] - Eval Loss: 4.3600 | Perplexity: 78.26 | Accuracy: 34.72% | Top-5 Accuracy: 55.51%
[2025-10-23 10:37:19,778] - [INFO] - Eval Loss: 4.2511 | Perplexity: 70.18 | Accuracy: 34.79% | Top-5 Accuracy: 55.73%
[2025-10-23 10:37:22,630] - [INFO] - Eval Loss: 4.1726 | Perplexity: 64.88 | Accuracy: 35.45% | Top-5 Accuracy: 56.16%
[2025-10-23 10:37:25,482] - [INFO] - Eval Loss: 4.1135 | Perplexity: 61.16 | Accuracy: 36.03% | Top-5 Accuracy: 56.75%
[2025-10-23 10:37:25,482] - [INFO] - 
=== Running combination ===
[2025-10-23 10:37:25,482] - [INFO] - Embed: 128, Hidden: 128, Top fraction: 0.1, Replace: False, Context: 2
[2025-10-23 10:37:27,041] - [INFO] - Train dataset contains 2194 samples
[2025-10-23 10:37:27,041] - [INFO] - Validation dataset contains 228 samples
[2025-10-23 10:37:27,042] - [INFO] - Test dataset contains 356 samples
[2025-10-23 10:37:27,044] - [INFO] - Top 10.00% frequent words (410) out of 4103 total words
[2025-10-23 10:37:27,044] - [INFO] - The fragment to replace is 0.31543902439024396 of the 410 frequent words (410 out of 12933)
[2025-10-23 10:37:27,071] - [INFO] - Replaced 141 / 12933 tokens (1.09%)
[2025-10-23 10:37:27,084] - [INFO] - Replaced 5 / 1371 tokens (0.36%)
[2025-10-23 10:37:27,089] - [INFO] - Replaced 13 / 2088 tokens (0.62%)
[2025-10-23 10:37:27,091] - [INFO] - ==== Example Sentence ====
[2025-10-23 10:37:27,091] - [INFO] - Original:  30년 전쟁의 승자는 누구인가?
[2025-10-23 10:37:27,091] - [INFO] - Tokenized: ['30년', '전쟁의', '승자는', '누구인가', '?']
[2025-10-23 10:37:27,091] - [INFO] - Replaced:  ['30년', '전쟁의', '<UNK', '누구인가', '?']
[2025-10-23 10:37:27,091] - [INFO] - Window:    (tensor([1613,  994]), tensor(1112))
[2025-10-23 10:37:29,957] - [INFO] - Eval Loss: 7.8704 | Perplexity: 2618.59 | Accuracy: 11.01% | Top-5 Accuracy: 19.69%
[2025-10-23 10:37:32,808] - [INFO] - Eval Loss: 7.2494 | Perplexity: 1407.32 | Accuracy: 20.06% | Top-5 Accuracy: 29.39%
[2025-10-23 10:37:35,658] - [INFO] - Eval Loss: 6.4737 | Perplexity: 647.91 | Accuracy: 20.42% | Top-5 Accuracy: 32.39%
[2025-10-23 10:37:38,507] - [INFO] - Eval Loss: 5.8534 | Perplexity: 348.41 | Accuracy: 21.30% | Top-5 Accuracy: 35.08%
[2025-10-23 10:37:41,351] - [INFO] - Eval Loss: 5.4461 | Perplexity: 231.85 | Accuracy: 22.03% | Top-5 Accuracy: 36.03%
[2025-10-23 10:37:44,201] - [INFO] - Eval Loss: 5.1496 | Perplexity: 172.37 | Accuracy: 23.34% | Top-5 Accuracy: 36.69%
[2025-10-23 10:37:47,061] - [INFO] - Eval Loss: 4.9292 | Perplexity: 138.27 | Accuracy: 23.41% | Top-5 Accuracy: 36.62%
[2025-10-23 10:37:49,910] - [INFO] - Eval Loss: 4.7533 | Perplexity: 115.97 | Accuracy: 23.56% | Top-5 Accuracy: 37.56%
[2025-10-23 10:37:52,759] - [INFO] - Eval Loss: 4.6186 | Perplexity: 101.35 | Accuracy: 23.63% | Top-5 Accuracy: 45.00%
[2025-10-23 10:37:55,609] - [INFO] - Eval Loss: 4.5141 | Perplexity: 91.29 | Accuracy: 23.71% | Top-5 Accuracy: 45.95%
[2025-10-23 10:37:55,609] - [INFO] - 
=== Running combination ===
[2025-10-23 10:37:55,609] - [INFO] - Embed: 128, Hidden: 256, Top fraction: 0.01, Replace: True, Context: 5
[2025-10-23 10:37:57,321] - [INFO] - Train dataset contains 2194 samples
[2025-10-23 10:37:57,321] - [INFO] - Validation dataset contains 228 samples
[2025-10-23 10:37:57,321] - [INFO] - Test dataset contains 356 samples
[2025-10-23 10:37:57,324] - [INFO] - Top 1.00% frequent words (41) out of 4103 total words
[2025-10-23 10:37:57,324] - [INFO] - The fragment to replace is 0.21976210705182672 of the 41 frequent words (5885 out of 12933)
[2025-10-23 10:37:57,352] - [INFO] - Replaced 1308 / 12933 tokens (10.11%)
[2025-10-23 10:37:57,370] - [INFO] - Replaced 152 / 1371 tokens (11.09%)
[2025-10-23 10:37:57,376] - [INFO] - Replaced 213 / 2088 tokens (10.20%)
[2025-10-23 10:37:57,379] - [INFO] - ==== Example Sentence ====
[2025-10-23 10:37:57,379] - [INFO] - Original:  30년 전쟁의 승자는 누구인가?
[2025-10-23 10:37:57,379] - [INFO] - Tokenized: ['30년', '전쟁의', '승자는', '누구인가', '?']
[2025-10-23 10:37:57,379] - [INFO] - Replaced:  ['30년', '전쟁의', '승자는', '누구인가', '?']
[2025-10-23 10:37:57,379] - [INFO] - Window:    (tensor([1613,  994, 1112, 2172, 3970]), tensor(1119))
[2025-10-23 10:38:00,273] - [INFO] - Eval Loss: 5.6122 | Perplexity: 273.75 | Accuracy: 33.84% | Top-5 Accuracy: 55.65%
[2025-10-23 10:38:03,139] - [INFO] - Eval Loss: 4.8877 | Perplexity: 132.64 | Accuracy: 34.28% | Top-5 Accuracy: 57.26%
[2025-10-23 10:38:06,014] - [INFO] - Eval Loss: 4.6158 | Perplexity: 101.06 | Accuracy: 33.99% | Top-5 Accuracy: 57.99%
[2025-10-23 10:38:08,889] - [INFO] - Eval Loss: 4.4800 | Perplexity: 88.24 | Accuracy: 34.79% | Top-5 Accuracy: 59.08%
[2025-10-23 10:38:11,760] - [INFO] - Eval Loss: 4.3706 | Perplexity: 79.09 | Accuracy: 35.23% | Top-5 Accuracy: 59.37%
[2025-10-23 10:38:14,632] - [INFO] - Eval Loss: 4.3051 | Perplexity: 74.08 | Accuracy: 35.52% | Top-5 Accuracy: 59.30%
[2025-10-23 10:38:17,502] - [INFO] - Eval Loss: 4.2314 | Perplexity: 68.82 | Accuracy: 35.52% | Top-5 Accuracy: 59.88%
[2025-10-23 10:38:20,373] - [INFO] - Eval Loss: 4.2150 | Perplexity: 67.70 | Accuracy: 36.03% | Top-5 Accuracy: 59.96%
[2025-10-23 10:38:23,246] - [INFO] - Eval Loss: 4.1567 | Perplexity: 63.86 | Accuracy: 36.62% | Top-5 Accuracy: 60.25%
[2025-10-23 10:38:26,116] - [INFO] - Eval Loss: 4.1453 | Perplexity: 63.13 | Accuracy: 30.12% | Top-5 Accuracy: 60.47%
[2025-10-23 10:38:26,117] - [INFO] - 
=== Running combination ===
[2025-10-23 10:38:26,117] - [INFO] - Embed: 128, Hidden: 256, Top fraction: 0.01, Replace: True, Context: 5
[2025-10-23 10:38:27,745] - [INFO] - Train dataset contains 2194 samples
[2025-10-23 10:38:27,745] - [INFO] - Validation dataset contains 228 samples
[2025-10-23 10:38:27,746] - [INFO] - Test dataset contains 356 samples
[2025-10-23 10:38:27,748] - [INFO] - Top 1.00% frequent words (41) out of 4103 total words
[2025-10-23 10:38:27,749] - [INFO] - The fragment to replace is 0.10988105352591336 of the 41 frequent words (5885 out of 12933)
[2025-10-23 10:38:27,777] - [INFO] - Replaced 642 / 12933 tokens (4.96%)
[2025-10-23 10:38:27,970] - [INFO] - Replaced 75 / 1371 tokens (5.47%)
[2025-10-23 10:38:27,976] - [INFO] - Replaced 111 / 2088 tokens (5.32%)
[2025-10-23 10:38:27,978] - [INFO] - ==== Example Sentence ====
[2025-10-23 10:38:27,978] - [INFO] - Original:  30년 전쟁의 승자는 누구인가?
[2025-10-23 10:38:27,978] - [INFO] - Tokenized: ['30년', '전쟁의', '승자는', '누구인가', '?']
[2025-10-23 10:38:27,978] - [INFO] - Replaced:  ['30년', '전쟁의', '승자는', '누구인가', '?']
[2025-10-23 10:38:27,979] - [INFO] - Window:    (tensor([1613,  994, 1112, 2172, 3970]), tensor(1119))
[2025-10-23 10:38:30,868] - [INFO] - Eval Loss: 6.1305 | Perplexity: 459.68 | Accuracy: 16.41% | Top-5 Accuracy: 53.25%
[2025-10-23 10:38:33,750] - [INFO] - Eval Loss: 5.0610 | Perplexity: 157.75 | Accuracy: 19.84% | Top-5 Accuracy: 56.46%
[2025-10-23 10:38:36,630] - [INFO] - Eval Loss: 4.7611 | Perplexity: 116.87 | Accuracy: 24.65% | Top-5 Accuracy: 57.70%
[2025-10-23 10:38:39,511] - [INFO] - Eval Loss: 4.6098 | Perplexity: 100.46 | Accuracy: 24.29% | Top-5 Accuracy: 58.72%
[2025-10-23 10:38:42,393] - [INFO] - Eval Loss: 4.4866 | Perplexity: 88.82 | Accuracy: 24.22% | Top-5 Accuracy: 59.45%
[2025-10-23 10:38:45,269] - [INFO] - Eval Loss: 4.3862 | Perplexity: 80.34 | Accuracy: 25.09% | Top-5 Accuracy: 59.66%
[2025-10-23 10:38:48,158] - [INFO] - Eval Loss: 4.2940 | Perplexity: 73.26 | Accuracy: 25.16% | Top-5 Accuracy: 60.25%
[2025-10-23 10:38:51,038] - [INFO] - Eval Loss: 4.2677 | Perplexity: 71.35 | Accuracy: 24.43% | Top-5 Accuracy: 60.18%
[2025-10-23 10:38:53,921] - [INFO] - Eval Loss: 4.2041 | Perplexity: 66.96 | Accuracy: 25.16% | Top-5 Accuracy: 60.61%
[2025-10-23 10:38:56,803] - [INFO] - Eval Loss: 4.1734 | Perplexity: 64.94 | Accuracy: 25.53% | Top-5 Accuracy: 60.69%
[2025-10-23 10:38:56,803] - [INFO] - 
=== Running combination ===
[2025-10-23 10:38:56,804] - [INFO] - Embed: 128, Hidden: 256, Top fraction: 0.01, Replace: True, Context: 5
[2025-10-23 10:38:58,337] - [INFO] - Train dataset contains 2194 samples
[2025-10-23 10:38:58,337] - [INFO] - Validation dataset contains 228 samples
[2025-10-23 10:38:58,337] - [INFO] - Test dataset contains 356 samples
[2025-10-23 10:38:58,340] - [INFO] - Top 1.00% frequent words (41) out of 4103 total words
[2025-10-23 10:38:58,340] - [INFO] - The fragment to replace is 0.02197621070518267 of the 41 frequent words (5885 out of 12933)
[2025-10-23 10:38:58,367] - [INFO] - Replaced 121 / 12933 tokens (0.94%)
[2025-10-23 10:38:58,384] - [INFO] - Replaced 15 / 1371 tokens (1.09%)
[2025-10-23 10:38:58,390] - [INFO] - Replaced 22 / 2088 tokens (1.05%)
[2025-10-23 10:38:58,392] - [INFO] - ==== Example Sentence ====
[2025-10-23 10:38:58,392] - [INFO] - Original:  30년 전쟁의 승자는 누구인가?
[2025-10-23 10:38:58,392] - [INFO] - Tokenized: ['30년', '전쟁의', '승자는', '누구인가', '?']
[2025-10-23 10:38:58,392] - [INFO] - Replaced:  ['30년', '전쟁의', '승자는', '누구인가', '?']
[2025-10-23 10:38:58,392] - [INFO] - Window:    (tensor([1613,  994, 1112, 2172, 3970]), tensor(1119))
[2025-10-23 10:39:01,279] - [INFO] - Eval Loss: 6.5446 | Perplexity: 695.47 | Accuracy: 18.02% | Top-5 Accuracy: 31.36%
[2025-10-23 10:39:04,348] - [INFO] - Eval Loss: 5.4674 | Perplexity: 236.84 | Accuracy: 21.74% | Top-5 Accuracy: 32.97%
[2025-10-23 10:39:07,280] - [INFO] - Eval Loss: 5.0778 | Perplexity: 160.42 | Accuracy: 22.61% | Top-5 Accuracy: 35.23%
[2025-10-23 10:39:10,149] - [INFO] - Eval Loss: 4.8651 | Perplexity: 129.69 | Accuracy: 24.58% | Top-5 Accuracy: 40.12%
[2025-10-23 10:39:13,026] - [INFO] - Eval Loss: 4.7158 | Perplexity: 111.70 | Accuracy: 25.24% | Top-5 Accuracy: 42.09%
[2025-10-23 10:39:15,908] - [INFO] - Eval Loss: 4.6195 | Perplexity: 101.45 | Accuracy: 25.89% | Top-5 Accuracy: 41.36%
[2025-10-23 10:39:18,790] - [INFO] - Eval Loss: 4.5166 | Perplexity: 91.52 | Accuracy: 26.33% | Top-5 Accuracy: 43.47%
[2025-10-23 10:39:21,663] - [INFO] - Eval Loss: 4.4526 | Perplexity: 85.85 | Accuracy: 26.33% | Top-5 Accuracy: 44.06%
[2025-10-23 10:39:24,537] - [INFO] - Eval Loss: 4.3895 | Perplexity: 80.60 | Accuracy: 26.48% | Top-5 Accuracy: 44.57%
[2025-10-23 10:39:27,412] - [INFO] - Eval Loss: 4.3341 | Perplexity: 76.26 | Accuracy: 26.62% | Top-5 Accuracy: 45.44%
[2025-10-23 10:39:27,413] - [INFO] - 
=== Running combination ===
[2025-10-23 10:39:27,413] - [INFO] - Embed: 128, Hidden: 256, Top fraction: 0.01, Replace: True, Context: 2
[2025-10-23 10:39:28,955] - [INFO] - Train dataset contains 2194 samples
[2025-10-23 10:39:28,955] - [INFO] - Validation dataset contains 228 samples
[2025-10-23 10:39:28,955] - [INFO] - Test dataset contains 356 samples
[2025-10-23 10:39:28,958] - [INFO] - Top 1.00% frequent words (41) out of 4103 total words
[2025-10-23 10:39:28,958] - [INFO] - The fragment to replace is 0.21976210705182672 of the 41 frequent words (5885 out of 12933)
[2025-10-23 10:39:28,985] - [INFO] - Replaced 1308 / 12933 tokens (10.11%)
[2025-10-23 10:39:28,999] - [INFO] - Replaced 152 / 1371 tokens (11.09%)
[2025-10-23 10:39:29,004] - [INFO] - Replaced 213 / 2088 tokens (10.20%)
[2025-10-23 10:39:29,006] - [INFO] - ==== Example Sentence ====
[2025-10-23 10:39:29,006] - [INFO] - Original:  30년 전쟁의 승자는 누구인가?
[2025-10-23 10:39:29,006] - [INFO] - Tokenized: ['30년', '전쟁의', '승자는', '누구인가', '?']
[2025-10-23 10:39:29,006] - [INFO] - Replaced:  ['30년', '전쟁의', '승자는', '누구인가', '?']
[2025-10-23 10:39:29,007] - [INFO] - Window:    (tensor([1613,  994]), tensor(1112))
[2025-10-23 10:39:31,844] - [INFO] - Eval Loss: 7.3300 | Perplexity: 1525.34 | Accuracy: 16.34% | Top-5 Accuracy: 50.84%
[2025-10-23 10:39:34,683] - [INFO] - Eval Loss: 5.8319 | Perplexity: 341.01 | Accuracy: 29.61% | Top-5 Accuracy: 54.92%
[2025-10-23 10:39:37,508] - [INFO] - Eval Loss: 4.8724 | Perplexity: 130.64 | Accuracy: 27.35% | Top-5 Accuracy: 56.31%
[2025-10-23 10:39:40,335] - [INFO] - Eval Loss: 4.5954 | Perplexity: 99.03 | Accuracy: 27.50% | Top-5 Accuracy: 56.97%
[2025-10-23 10:39:43,159] - [INFO] - Eval Loss: 4.4098 | Perplexity: 82.25 | Accuracy: 31.29% | Top-5 Accuracy: 57.04%
[2025-10-23 10:39:45,986] - [INFO] - Eval Loss: 4.3203 | Perplexity: 75.21 | Accuracy: 31.66% | Top-5 Accuracy: 57.18%
[2025-10-23 10:39:48,809] - [INFO] - Eval Loss: 4.2532 | Perplexity: 70.33 | Accuracy: 31.66% | Top-5 Accuracy: 57.99%
[2025-10-23 10:39:51,636] - [INFO] - Eval Loss: 4.2077 | Perplexity: 67.20 | Accuracy: 32.24% | Top-5 Accuracy: 58.13%
[2025-10-23 10:39:54,463] - [INFO] - Eval Loss: 4.1743 | Perplexity: 64.99 | Accuracy: 33.04% | Top-5 Accuracy: 58.64%
[2025-10-23 10:39:57,292] - [INFO] - Eval Loss: 4.1578 | Perplexity: 63.93 | Accuracy: 26.48% | Top-5 Accuracy: 59.01%
[2025-10-23 10:39:57,293] - [INFO] - 
=== Running combination ===
[2025-10-23 10:39:57,293] - [INFO] - Embed: 128, Hidden: 256, Top fraction: 0.01, Replace: True, Context: 2
[2025-10-23 10:39:59,048] - [INFO] - Train dataset contains 2194 samples
[2025-10-23 10:39:59,048] - [INFO] - Validation dataset contains 228 samples
[2025-10-23 10:39:59,048] - [INFO] - Test dataset contains 356 samples
[2025-10-23 10:39:59,051] - [INFO] - Top 1.00% frequent words (41) out of 4103 total words
[2025-10-23 10:39:59,051] - [INFO] - The fragment to replace is 0.10988105352591336 of the 41 frequent words (5885 out of 12933)
[2025-10-23 10:39:59,079] - [INFO] - Replaced 642 / 12933 tokens (4.96%)
[2025-10-23 10:39:59,266] - [INFO] - Replaced 75 / 1371 tokens (5.47%)
[2025-10-23 10:39:59,271] - [INFO] - Replaced 111 / 2088 tokens (5.32%)
[2025-10-23 10:39:59,273] - [INFO] - ==== Example Sentence ====
[2025-10-23 10:39:59,273] - [INFO] - Original:  30년 전쟁의 승자는 누구인가?
[2025-10-23 10:39:59,273] - [INFO] - Tokenized: ['30년', '전쟁의', '승자는', '누구인가', '?']
[2025-10-23 10:39:59,273] - [INFO] - Replaced:  ['30년', '전쟁의', '승자는', '누구인가', '?']
[2025-10-23 10:39:59,273] - [INFO] - Window:    (tensor([1613,  994]), tensor(1112))
[2025-10-23 10:40:02,115] - [INFO] - Eval Loss: 7.4296 | Perplexity: 1685.06 | Accuracy: 15.75% | Top-5 Accuracy: 29.10%
[2025-10-23 10:40:04,947] - [INFO] - Eval Loss: 6.2028 | Perplexity: 494.14 | Accuracy: 19.33% | Top-5 Accuracy: 53.39%
[2025-10-23 10:40:07,786] - [INFO] - Eval Loss: 5.1995 | Perplexity: 181.19 | Accuracy: 18.67% | Top-5 Accuracy: 55.14%
[2025-10-23 10:40:10,619] - [INFO] - Eval Loss: 4.7261 | Perplexity: 112.86 | Accuracy: 18.67% | Top-5 Accuracy: 55.43%
[2025-10-23 10:40:13,450] - [INFO] - Eval Loss: 4.5013 | Perplexity: 90.14 | Accuracy: 20.42% | Top-5 Accuracy: 55.94%
[2025-10-23 10:40:16,279] - [INFO] - Eval Loss: 4.3935 | Perplexity: 80.93 | Accuracy: 20.71% | Top-5 Accuracy: 56.60%
[2025-10-23 10:40:19,110] - [INFO] - Eval Loss: 4.3166 | Perplexity: 74.94 | Accuracy: 21.37% | Top-5 Accuracy: 57.48%
[2025-10-23 10:40:21,941] - [INFO] - Eval Loss: 4.2672 | Perplexity: 71.32 | Accuracy: 22.03% | Top-5 Accuracy: 58.06%
[2025-10-23 10:40:24,771] - [INFO] - Eval Loss: 4.2296 | Perplexity: 68.69 | Accuracy: 22.61% | Top-5 Accuracy: 59.30%
[2025-10-23 10:40:27,601] - [INFO] - Eval Loss: 4.2079 | Perplexity: 67.22 | Accuracy: 22.90% | Top-5 Accuracy: 59.59%
[2025-10-23 10:40:27,602] - [INFO] - 
=== Running combination ===
[2025-10-23 10:40:27,602] - [INFO] - Embed: 128, Hidden: 256, Top fraction: 0.01, Replace: True, Context: 2
[2025-10-23 10:40:29,120] - [INFO] - Train dataset contains 2194 samples
[2025-10-23 10:40:29,120] - [INFO] - Validation dataset contains 228 samples
[2025-10-23 10:40:29,120] - [INFO] - Test dataset contains 356 samples
[2025-10-23 10:40:29,122] - [INFO] - Top 1.00% frequent words (41) out of 4103 total words
[2025-10-23 10:40:29,123] - [INFO] - The fragment to replace is 0.02197621070518267 of the 41 frequent words (5885 out of 12933)
[2025-10-23 10:40:29,149] - [INFO] - Replaced 121 / 12933 tokens (0.94%)
[2025-10-23 10:40:29,162] - [INFO] - Replaced 15 / 1371 tokens (1.09%)
[2025-10-23 10:40:29,167] - [INFO] - Replaced 22 / 2088 tokens (1.05%)
[2025-10-23 10:40:29,169] - [INFO] - ==== Example Sentence ====
[2025-10-23 10:40:29,169] - [INFO] - Original:  30년 전쟁의 승자는 누구인가?
[2025-10-23 10:40:29,169] - [INFO] - Tokenized: ['30년', '전쟁의', '승자는', '누구인가', '?']
[2025-10-23 10:40:29,169] - [INFO] - Replaced:  ['30년', '전쟁의', '승자는', '누구인가', '?']
[2025-10-23 10:40:29,169] - [INFO] - Window:    (tensor([1613,  994]), tensor(1112))
[2025-10-23 10:40:32,036] - [INFO] - Eval Loss: 7.4982 | Perplexity: 1804.76 | Accuracy: 17.87% | Top-5 Accuracy: 25.31%
[2025-10-23 10:40:34,890] - [INFO] - Eval Loss: 6.4279 | Perplexity: 618.89 | Accuracy: 20.42% | Top-5 Accuracy: 31.44%
[2025-10-23 10:40:37,747] - [INFO] - Eval Loss: 5.6104 | Perplexity: 273.24 | Accuracy: 20.35% | Top-5 Accuracy: 32.02%
[2025-10-23 10:40:40,602] - [INFO] - Eval Loss: 5.1583 | Perplexity: 173.87 | Accuracy: 20.42% | Top-5 Accuracy: 32.90%
[2025-10-23 10:40:43,453] - [INFO] - Eval Loss: 4.8722 | Perplexity: 130.61 | Accuracy: 22.03% | Top-5 Accuracy: 33.41%
[2025-10-23 10:40:46,310] - [INFO] - Eval Loss: 4.6833 | Perplexity: 108.12 | Accuracy: 22.32% | Top-5 Accuracy: 34.79%
[2025-10-23 10:40:49,158] - [INFO] - Eval Loss: 4.5424 | Perplexity: 93.92 | Accuracy: 22.39% | Top-5 Accuracy: 35.30%
[2025-10-23 10:40:52,017] - [INFO] - Eval Loss: 4.4466 | Perplexity: 85.33 | Accuracy: 23.12% | Top-5 Accuracy: 36.11%
[2025-10-23 10:40:54,869] - [INFO] - Eval Loss: 4.3789 | Perplexity: 79.75 | Accuracy: 23.78% | Top-5 Accuracy: 36.98%
[2025-10-23 10:40:57,757] - [INFO] - Eval Loss: 4.3388 | Perplexity: 76.61 | Accuracy: 24.36% | Top-5 Accuracy: 37.56%
[2025-10-23 10:40:57,758] - [INFO] - 
=== Running combination ===
[2025-10-23 10:40:57,758] - [INFO] - Embed: 128, Hidden: 256, Top fraction: 0.01, Replace: False, Context: 5
[2025-10-23 10:40:59,298] - [INFO] - Train dataset contains 2194 samples
[2025-10-23 10:40:59,298] - [INFO] - Validation dataset contains 228 samples
[2025-10-23 10:40:59,298] - [INFO] - Test dataset contains 356 samples
[2025-10-23 10:40:59,301] - [INFO] - Top 1.00% frequent words (41) out of 4103 total words
[2025-10-23 10:40:59,301] - [INFO] - The fragment to replace is 31.543902439024393 of the 41 frequent words (41 out of 12933)
[2025-10-23 10:40:59,327] - [INFO] - Replaced 41 / 12933 tokens (0.32%)
[2025-10-23 10:40:59,345] - [INFO] - Replaced 1 / 1371 tokens (0.07%)
[2025-10-23 10:40:59,351] - [INFO] - Replaced 3 / 2088 tokens (0.14%)
[2025-10-23 10:40:59,353] - [INFO] - ==== Example Sentence ====
[2025-10-23 10:40:59,353] - [INFO] - Original:  30년 전쟁의 승자는 누구인가?
[2025-10-23 10:40:59,353] - [INFO] - Tokenized: ['30년', '전쟁의', '승자는', '누구인가', '?']
[2025-10-23 10:40:59,353] - [INFO] - Replaced:  ['30년', '전쟁의', '<UNK', '누구인가', '?']
[2025-10-23 10:40:59,354] - [INFO] - Window:    (tensor([1613,  994, 1112, 1957, 3970]), tensor(1119))
[2025-10-23 10:41:02,251] - [INFO] - Eval Loss: 6.6038 | Perplexity: 737.93 | Accuracy: 18.60% | Top-5 Accuracy: 31.95%
[2025-10-23 10:41:05,133] - [INFO] - Eval Loss: 5.6064 | Perplexity: 272.16 | Accuracy: 22.25% | Top-5 Accuracy: 33.11%
[2025-10-23 10:41:08,012] - [INFO] - Eval Loss: 5.1968 | Perplexity: 180.69 | Accuracy: 22.98% | Top-5 Accuracy: 35.23%
[2025-10-23 10:41:10,902] - [INFO] - Eval Loss: 4.9679 | Perplexity: 143.72 | Accuracy: 24.80% | Top-5 Accuracy: 36.54%
[2025-10-23 10:41:13,785] - [INFO] - Eval Loss: 4.8003 | Perplexity: 121.54 | Accuracy: 25.60% | Top-5 Accuracy: 37.20%
[2025-10-23 10:41:16,671] - [INFO] - Eval Loss: 4.6996 | Perplexity: 109.91 | Accuracy: 26.40% | Top-5 Accuracy: 39.90%
[2025-10-23 10:41:19,550] - [INFO] - Eval Loss: 4.5951 | Perplexity: 99.00 | Accuracy: 26.84% | Top-5 Accuracy: 40.48%
[2025-10-23 10:41:22,429] - [INFO] - Eval Loss: 4.5177 | Perplexity: 91.62 | Accuracy: 26.99% | Top-5 Accuracy: 40.63%
[2025-10-23 10:41:25,311] - [INFO] - Eval Loss: 4.4551 | Perplexity: 86.07 | Accuracy: 27.28% | Top-5 Accuracy: 41.21%
[2025-10-23 10:41:28,194] - [INFO] - Eval Loss: 4.3928 | Perplexity: 80.87 | Accuracy: 27.21% | Top-5 Accuracy: 42.52%
[2025-10-23 10:41:28,195] - [INFO] - 
=== Running combination ===
[2025-10-23 10:41:28,195] - [INFO] - Embed: 128, Hidden: 256, Top fraction: 0.01, Replace: False, Context: 5
[2025-10-23 10:41:29,751] - [INFO] - Train dataset contains 2194 samples
[2025-10-23 10:41:29,751] - [INFO] - Validation dataset contains 228 samples
[2025-10-23 10:41:29,752] - [INFO] - Test dataset contains 356 samples
[2025-10-23 10:41:29,754] - [INFO] - Top 1.00% frequent words (41) out of 4103 total words
[2025-10-23 10:41:29,754] - [INFO] - The fragment to replace is 15.771951219512196 of the 41 frequent words (41 out of 12933)
[2025-10-23 10:41:29,781] - [INFO] - Replaced 41 / 12933 tokens (0.32%)
[2025-10-23 10:41:29,797] - [INFO] - Replaced 1 / 1371 tokens (0.07%)
[2025-10-23 10:41:29,968] - [INFO] - Replaced 3 / 2088 tokens (0.14%)
[2025-10-23 10:41:29,970] - [INFO] - ==== Example Sentence ====
[2025-10-23 10:41:29,970] - [INFO] - Original:  30년 전쟁의 승자는 누구인가?
[2025-10-23 10:41:29,970] - [INFO] - Tokenized: ['30년', '전쟁의', '승자는', '누구인가', '?']
[2025-10-23 10:41:29,970] - [INFO] - Replaced:  ['30년', '전쟁의', '<UNK', '누구인가', '?']
[2025-10-23 10:41:29,970] - [INFO] - Window:    (tensor([1613,  994, 1112, 1957, 3970]), tensor(1119))
[2025-10-23 10:41:32,859] - [INFO] - Eval Loss: 6.6038 | Perplexity: 737.93 | Accuracy: 18.60% | Top-5 Accuracy: 31.95%
[2025-10-23 10:41:35,739] - [INFO] - Eval Loss: 5.6064 | Perplexity: 272.16 | Accuracy: 22.25% | Top-5 Accuracy: 33.11%
[2025-10-23 10:41:38,615] - [INFO] - Eval Loss: 5.1968 | Perplexity: 180.69 | Accuracy: 22.98% | Top-5 Accuracy: 35.23%
[2025-10-23 10:41:41,503] - [INFO] - Eval Loss: 4.9679 | Perplexity: 143.72 | Accuracy: 24.80% | Top-5 Accuracy: 36.54%
[2025-10-23 10:41:44,382] - [INFO] - Eval Loss: 4.8003 | Perplexity: 121.54 | Accuracy: 25.60% | Top-5 Accuracy: 37.20%
[2025-10-23 10:41:47,260] - [INFO] - Eval Loss: 4.6996 | Perplexity: 109.91 | Accuracy: 26.40% | Top-5 Accuracy: 39.90%
[2025-10-23 10:41:50,137] - [INFO] - Eval Loss: 4.5951 | Perplexity: 99.00 | Accuracy: 26.84% | Top-5 Accuracy: 40.48%
[2025-10-23 10:41:53,014] - [INFO] - Eval Loss: 4.5177 | Perplexity: 91.62 | Accuracy: 26.99% | Top-5 Accuracy: 40.63%
[2025-10-23 10:41:55,891] - [INFO] - Eval Loss: 4.4551 | Perplexity: 86.07 | Accuracy: 27.28% | Top-5 Accuracy: 41.21%
[2025-10-23 10:41:58,766] - [INFO] - Eval Loss: 4.3928 | Perplexity: 80.87 | Accuracy: 27.21% | Top-5 Accuracy: 42.52%
[2025-10-23 10:41:58,767] - [INFO] - 
=== Running combination ===
[2025-10-23 10:41:58,767] - [INFO] - Embed: 128, Hidden: 256, Top fraction: 0.01, Replace: False, Context: 5
[2025-10-23 10:42:00,266] - [INFO] - Train dataset contains 2194 samples
[2025-10-23 10:42:00,266] - [INFO] - Validation dataset contains 228 samples
[2025-10-23 10:42:00,266] - [INFO] - Test dataset contains 356 samples
[2025-10-23 10:42:00,269] - [INFO] - Top 1.00% frequent words (41) out of 4103 total words
[2025-10-23 10:42:00,269] - [INFO] - The fragment to replace is 3.1543902439024394 of the 41 frequent words (41 out of 12933)
[2025-10-23 10:42:00,295] - [INFO] - Replaced 41 / 12933 tokens (0.32%)
[2025-10-23 10:42:00,311] - [INFO] - Replaced 1 / 1371 tokens (0.07%)
[2025-10-23 10:42:00,317] - [INFO] - Replaced 3 / 2088 tokens (0.14%)
[2025-10-23 10:42:00,319] - [INFO] - ==== Example Sentence ====
[2025-10-23 10:42:00,319] - [INFO] - Original:  30년 전쟁의 승자는 누구인가?
[2025-10-23 10:42:00,319] - [INFO] - Tokenized: ['30년', '전쟁의', '승자는', '누구인가', '?']
[2025-10-23 10:42:00,319] - [INFO] - Replaced:  ['30년', '전쟁의', '<UNK', '누구인가', '?']
[2025-10-23 10:42:00,319] - [INFO] - Window:    (tensor([1613,  994, 1112, 1957, 3970]), tensor(1119))
[2025-10-23 10:42:03,207] - [INFO] - Eval Loss: 6.6038 | Perplexity: 737.93 | Accuracy: 18.60% | Top-5 Accuracy: 31.95%
[2025-10-23 10:42:06,081] - [INFO] - Eval Loss: 5.6064 | Perplexity: 272.16 | Accuracy: 22.25% | Top-5 Accuracy: 33.11%
[2025-10-23 10:42:08,954] - [INFO] - Eval Loss: 5.1968 | Perplexity: 180.69 | Accuracy: 22.98% | Top-5 Accuracy: 35.23%
[2025-10-23 10:42:11,828] - [INFO] - Eval Loss: 4.9679 | Perplexity: 143.72 | Accuracy: 24.80% | Top-5 Accuracy: 36.54%
[2025-10-23 10:42:14,700] - [INFO] - Eval Loss: 4.8003 | Perplexity: 121.54 | Accuracy: 25.60% | Top-5 Accuracy: 37.20%
[2025-10-23 10:42:17,575] - [INFO] - Eval Loss: 4.6996 | Perplexity: 109.91 | Accuracy: 26.40% | Top-5 Accuracy: 39.90%
[2025-10-23 10:42:20,443] - [INFO] - Eval Loss: 4.5951 | Perplexity: 99.00 | Accuracy: 26.84% | Top-5 Accuracy: 40.48%
[2025-10-23 10:42:23,315] - [INFO] - Eval Loss: 4.5177 | Perplexity: 91.62 | Accuracy: 26.99% | Top-5 Accuracy: 40.63%
[2025-10-23 10:42:26,187] - [INFO] - Eval Loss: 4.4551 | Perplexity: 86.07 | Accuracy: 27.28% | Top-5 Accuracy: 41.21%
[2025-10-23 10:42:29,060] - [INFO] - Eval Loss: 4.3928 | Perplexity: 80.87 | Accuracy: 27.21% | Top-5 Accuracy: 42.52%
[2025-10-23 10:42:29,060] - [INFO] - 
=== Running combination ===
[2025-10-23 10:42:29,060] - [INFO] - Embed: 128, Hidden: 256, Top fraction: 0.01, Replace: False, Context: 2
[2025-10-23 10:42:30,588] - [INFO] - Train dataset contains 2194 samples
[2025-10-23 10:42:30,588] - [INFO] - Validation dataset contains 228 samples
[2025-10-23 10:42:30,588] - [INFO] - Test dataset contains 356 samples
[2025-10-23 10:42:30,591] - [INFO] - Top 1.00% frequent words (41) out of 4103 total words
[2025-10-23 10:42:30,591] - [INFO] - The fragment to replace is 31.543902439024393 of the 41 frequent words (41 out of 12933)
[2025-10-23 10:42:30,617] - [INFO] - Replaced 41 / 12933 tokens (0.32%)
[2025-10-23 10:42:30,630] - [INFO] - Replaced 1 / 1371 tokens (0.07%)
[2025-10-23 10:42:30,635] - [INFO] - Replaced 3 / 2088 tokens (0.14%)
[2025-10-23 10:42:30,636] - [INFO] - ==== Example Sentence ====
[2025-10-23 10:42:30,636] - [INFO] - Original:  30년 전쟁의 승자는 누구인가?
[2025-10-23 10:42:30,636] - [INFO] - Tokenized: ['30년', '전쟁의', '승자는', '누구인가', '?']
[2025-10-23 10:42:30,636] - [INFO] - Replaced:  ['30년', '전쟁의', '<UNK', '누구인가', '?']
[2025-10-23 10:42:30,637] - [INFO] - Window:    (tensor([1613,  994]), tensor(1112))
[2025-10-23 10:42:33,479] - [INFO] - Eval Loss: 7.5037 | Perplexity: 1814.73 | Accuracy: 18.23% | Top-5 Accuracy: 26.04%
[2025-10-23 10:42:36,313] - [INFO] - Eval Loss: 6.4459 | Perplexity: 630.14 | Accuracy: 20.71% | Top-5 Accuracy: 31.15%
[2025-10-23 10:42:39,146] - [INFO] - Eval Loss: 5.6598 | Perplexity: 287.09 | Accuracy: 20.86% | Top-5 Accuracy: 32.24%
[2025-10-23 10:42:41,978] - [INFO] - Eval Loss: 5.2374 | Perplexity: 188.18 | Accuracy: 21.08% | Top-5 Accuracy: 33.19%
[2025-10-23 10:42:44,824] - [INFO] - Eval Loss: 4.9718 | Perplexity: 144.28 | Accuracy: 22.32% | Top-5 Accuracy: 33.99%
[2025-10-23 10:42:47,660] - [INFO] - Eval Loss: 4.7921 | Perplexity: 120.56 | Accuracy: 22.47% | Top-5 Accuracy: 35.23%
[2025-10-23 10:42:50,496] - [INFO] - Eval Loss: 4.6497 | Perplexity: 104.56 | Accuracy: 22.83% | Top-5 Accuracy: 35.89%
[2025-10-23 10:42:53,327] - [INFO] - Eval Loss: 4.5426 | Perplexity: 93.93 | Accuracy: 23.71% | Top-5 Accuracy: 36.76%
[2025-10-23 10:42:56,159] - [INFO] - Eval Loss: 4.4598 | Perplexity: 86.47 | Accuracy: 24.65% | Top-5 Accuracy: 37.35%
[2025-10-23 10:42:58,992] - [INFO] - Eval Loss: 4.4007 | Perplexity: 81.50 | Accuracy: 25.09% | Top-5 Accuracy: 37.86%
[2025-10-23 10:42:58,992] - [INFO] - 
=== Running combination ===
[2025-10-23 10:42:58,993] - [INFO] - Embed: 128, Hidden: 256, Top fraction: 0.01, Replace: False, Context: 2
[2025-10-23 10:43:00,506] - [INFO] - Train dataset contains 2194 samples
[2025-10-23 10:43:00,506] - [INFO] - Validation dataset contains 228 samples
[2025-10-23 10:43:00,506] - [INFO] - Test dataset contains 356 samples
[2025-10-23 10:43:00,509] - [INFO] - Top 1.00% frequent words (41) out of 4103 total words
[2025-10-23 10:43:00,509] - [INFO] - The fragment to replace is 15.771951219512196 of the 41 frequent words (41 out of 12933)
[2025-10-23 10:43:00,535] - [INFO] - Replaced 41 / 12933 tokens (0.32%)
[2025-10-23 10:43:00,548] - [INFO] - Replaced 1 / 1371 tokens (0.07%)
[2025-10-23 10:43:00,554] - [INFO] - Replaced 3 / 2088 tokens (0.14%)
[2025-10-23 10:43:00,555] - [INFO] - ==== Example Sentence ====
[2025-10-23 10:43:00,555] - [INFO] - Original:  30년 전쟁의 승자는 누구인가?
[2025-10-23 10:43:00,555] - [INFO] - Tokenized: ['30년', '전쟁의', '승자는', '누구인가', '?']
[2025-10-23 10:43:00,555] - [INFO] - Replaced:  ['30년', '전쟁의', '<UNK', '누구인가', '?']
[2025-10-23 10:43:00,556] - [INFO] - Window:    (tensor([1613,  994]), tensor(1112))
[2025-10-23 10:43:01,782] - [INFO] - Eval Loss: 7.5037 | Perplexity: 1814.73 | Accuracy: 18.23% | Top-5 Accuracy: 26.04%
[2025-10-23 10:43:02,929] - [INFO] - Eval Loss: 6.4459 | Perplexity: 630.14 | Accuracy: 20.71% | Top-5 Accuracy: 31.15%
[2025-10-23 10:43:03,916] - [INFO] - Eval Loss: 5.6598 | Perplexity: 287.09 | Accuracy: 20.86% | Top-5 Accuracy: 32.24%
[2025-10-23 10:43:04,865] - [INFO] - Eval Loss: 5.2374 | Perplexity: 188.18 | Accuracy: 21.08% | Top-5 Accuracy: 33.19%
[2025-10-23 10:43:05,835] - [INFO] - Eval Loss: 4.9718 | Perplexity: 144.28 | Accuracy: 22.32% | Top-5 Accuracy: 33.99%
[2025-10-23 10:43:06,820] - [INFO] - Eval Loss: 4.7921 | Perplexity: 120.56 | Accuracy: 22.47% | Top-5 Accuracy: 35.23%
[2025-10-23 10:43:07,795] - [INFO] - Eval Loss: 4.6497 | Perplexity: 104.56 | Accuracy: 22.83% | Top-5 Accuracy: 35.89%
[2025-10-23 10:43:08,767] - [INFO] - Eval Loss: 4.5426 | Perplexity: 93.93 | Accuracy: 23.71% | Top-5 Accuracy: 36.76%
[2025-10-23 10:43:09,745] - [INFO] - Eval Loss: 4.4598 | Perplexity: 86.47 | Accuracy: 24.65% | Top-5 Accuracy: 37.35%
[2025-10-23 10:43:10,724] - [INFO] - Eval Loss: 4.4007 | Perplexity: 81.50 | Accuracy: 25.09% | Top-5 Accuracy: 37.86%
[2025-10-23 10:43:10,725] - [INFO] - 
=== Running combination ===
[2025-10-23 10:43:10,725] - [INFO] - Embed: 128, Hidden: 256, Top fraction: 0.01, Replace: False, Context: 2
[2025-10-23 10:43:12,288] - [INFO] - Train dataset contains 2194 samples
[2025-10-23 10:43:12,288] - [INFO] - Validation dataset contains 228 samples
[2025-10-23 10:43:12,288] - [INFO] - Test dataset contains 356 samples
[2025-10-23 10:43:12,291] - [INFO] - Top 1.00% frequent words (41) out of 4103 total words
[2025-10-23 10:43:12,291] - [INFO] - The fragment to replace is 3.1543902439024394 of the 41 frequent words (41 out of 12933)
[2025-10-23 10:43:12,490] - [INFO] - Replaced 41 / 12933 tokens (0.32%)
[2025-10-23 10:43:12,503] - [INFO] - Replaced 1 / 1371 tokens (0.07%)
[2025-10-23 10:43:12,508] - [INFO] - Replaced 3 / 2088 tokens (0.14%)
[2025-10-23 10:43:12,510] - [INFO] - ==== Example Sentence ====
[2025-10-23 10:43:12,510] - [INFO] - Original:  30년 전쟁의 승자는 누구인가?
[2025-10-23 10:43:12,510] - [INFO] - Tokenized: ['30년', '전쟁의', '승자는', '누구인가', '?']
[2025-10-23 10:43:12,510] - [INFO] - Replaced:  ['30년', '전쟁의', '<UNK', '누구인가', '?']
[2025-10-23 10:43:12,510] - [INFO] - Window:    (tensor([1613,  994]), tensor(1112))
[2025-10-23 10:43:15,360] - [INFO] - Eval Loss: 7.5037 | Perplexity: 1814.73 | Accuracy: 18.23% | Top-5 Accuracy: 26.04%
[2025-10-23 10:43:18,199] - [INFO] - Eval Loss: 6.4459 | Perplexity: 630.14 | Accuracy: 20.71% | Top-5 Accuracy: 31.15%
[2025-10-23 10:43:21,037] - [INFO] - Eval Loss: 5.6598 | Perplexity: 287.09 | Accuracy: 20.86% | Top-5 Accuracy: 32.24%
[2025-10-23 10:43:23,877] - [INFO] - Eval Loss: 5.2374 | Perplexity: 188.18 | Accuracy: 21.08% | Top-5 Accuracy: 33.19%
[2025-10-23 10:43:26,716] - [INFO] - Eval Loss: 4.9718 | Perplexity: 144.28 | Accuracy: 22.32% | Top-5 Accuracy: 33.99%
[2025-10-23 10:43:29,558] - [INFO] - Eval Loss: 4.7921 | Perplexity: 120.56 | Accuracy: 22.47% | Top-5 Accuracy: 35.23%
[2025-10-23 10:43:32,399] - [INFO] - Eval Loss: 4.6497 | Perplexity: 104.56 | Accuracy: 22.83% | Top-5 Accuracy: 35.89%
[2025-10-23 10:43:35,417] - [INFO] - Eval Loss: 4.5426 | Perplexity: 93.93 | Accuracy: 23.71% | Top-5 Accuracy: 36.76%
[2025-10-23 10:43:38,357] - [INFO] - Eval Loss: 4.4598 | Perplexity: 86.47 | Accuracy: 24.65% | Top-5 Accuracy: 37.35%
[2025-10-23 10:43:41,200] - [INFO] - Eval Loss: 4.4007 | Perplexity: 81.50 | Accuracy: 25.09% | Top-5 Accuracy: 37.86%
[2025-10-23 10:43:41,201] - [INFO] - 
=== Running combination ===
[2025-10-23 10:43:41,201] - [INFO] - Embed: 128, Hidden: 256, Top fraction: 0.05, Replace: True, Context: 5
[2025-10-23 10:43:42,734] - [INFO] - Train dataset contains 2194 samples
[2025-10-23 10:43:42,734] - [INFO] - Validation dataset contains 228 samples
[2025-10-23 10:43:42,734] - [INFO] - Test dataset contains 356 samples
[2025-10-23 10:43:42,737] - [INFO] - Top 5.00% frequent words (205) out of 4103 total words
[2025-10-23 10:43:42,737] - [INFO] - The fragment to replace is 0.16787383177570095 of the 205 frequent words (7704 out of 12933)
[2025-10-23 10:43:42,765] - [INFO] - Replaced 1334 / 12933 tokens (10.31%)
[2025-10-23 10:43:42,783] - [INFO] - Replaced 134 / 1371 tokens (9.77%)
[2025-10-23 10:43:42,788] - [INFO] - Replaced 178 / 2088 tokens (8.52%)
[2025-10-23 10:43:42,791] - [INFO] - ==== Example Sentence ====
[2025-10-23 10:43:42,791] - [INFO] - Original:  30년 전쟁의 승자는 누구인가?
[2025-10-23 10:43:42,791] - [INFO] - Tokenized: ['30년', '전쟁의', '승자는', '누구인가', '?']
[2025-10-23 10:43:42,791] - [INFO] - Replaced:  ['30년', '전쟁의', '승자는', '누구인가', '?']
[2025-10-23 10:43:42,791] - [INFO] - Window:    (tensor([1613,  994, 1112, 2172, 3970]), tensor(1119))
[2025-10-23 10:43:45,678] - [INFO] - Eval Loss: 5.4088 | Perplexity: 223.36 | Accuracy: 35.89% | Top-5 Accuracy: 57.18%
[2025-10-23 10:43:48,554] - [INFO] - Eval Loss: 4.7051 | Perplexity: 110.51 | Accuracy: 35.89% | Top-5 Accuracy: 58.06%
[2025-10-23 10:43:51,428] - [INFO] - Eval Loss: 4.4488 | Perplexity: 85.52 | Accuracy: 37.86% | Top-5 Accuracy: 59.01%
[2025-10-23 10:43:54,303] - [INFO] - Eval Loss: 4.3137 | Perplexity: 74.72 | Accuracy: 38.95% | Top-5 Accuracy: 59.88%
[2025-10-23 10:43:57,180] - [INFO] - Eval Loss: 4.2243 | Perplexity: 68.33 | Accuracy: 38.80% | Top-5 Accuracy: 60.61%
[2025-10-23 10:44:00,057] - [INFO] - Eval Loss: 4.1607 | Perplexity: 64.12 | Accuracy: 39.46% | Top-5 Accuracy: 60.83%
[2025-10-23 10:44:02,930] - [INFO] - Eval Loss: 4.0949 | Perplexity: 60.03 | Accuracy: 39.53% | Top-5 Accuracy: 61.34%
[2025-10-23 10:44:05,813] - [INFO] - Eval Loss: 4.0847 | Perplexity: 59.42 | Accuracy: 39.61% | Top-5 Accuracy: 61.27%
[2025-10-23 10:44:08,706] - [INFO] - Eval Loss: 4.0193 | Perplexity: 55.66 | Accuracy: 39.82% | Top-5 Accuracy: 61.78%
[2025-10-23 10:44:11,597] - [INFO] - Eval Loss: 4.0151 | Perplexity: 55.43 | Accuracy: 39.90% | Top-5 Accuracy: 62.29%
[2025-10-23 10:44:11,598] - [INFO] - 
=== Running combination ===
[2025-10-23 10:44:11,598] - [INFO] - Embed: 128, Hidden: 256, Top fraction: 0.05, Replace: True, Context: 5
[2025-10-23 10:44:13,652] - [INFO] - Train dataset contains 2194 samples
[2025-10-23 10:44:13,652] - [INFO] - Validation dataset contains 228 samples
[2025-10-23 10:44:13,652] - [INFO] - Test dataset contains 356 samples
[2025-10-23 10:44:13,655] - [INFO] - Top 5.00% frequent words (205) out of 4103 total words
[2025-10-23 10:44:13,655] - [INFO] - The fragment to replace is 0.08393691588785047 of the 205 frequent words (7704 out of 12933)
[2025-10-23 10:44:13,684] - [INFO] - Replaced 634 / 12933 tokens (4.90%)
[2025-10-23 10:44:13,700] - [INFO] - Replaced 63 / 1371 tokens (4.60%)
[2025-10-23 10:44:13,706] - [INFO] - Replaced 73 / 2088 tokens (3.50%)
[2025-10-23 10:44:13,708] - [INFO] - ==== Example Sentence ====
[2025-10-23 10:44:13,708] - [INFO] - Original:  30년 전쟁의 승자는 누구인가?
[2025-10-23 10:44:13,708] - [INFO] - Tokenized: ['30년', '전쟁의', '승자는', '누구인가', '?']
[2025-10-23 10:44:13,708] - [INFO] - Replaced:  ['30년', '전쟁의', '승자는', '누구인가', '?']
[2025-10-23 10:44:13,708] - [INFO] - Window:    (tensor([1613,  994, 1112, 2172, 3970]), tensor(1119))
[2025-10-23 10:44:16,623] - [INFO] - Eval Loss: 5.9786 | Perplexity: 394.88 | Accuracy: 17.14% | Top-5 Accuracy: 53.68%
[2025-10-23 10:44:19,520] - [INFO] - Eval Loss: 4.9594 | Perplexity: 142.50 | Accuracy: 29.61% | Top-5 Accuracy: 55.00%
[2025-10-23 10:44:22,416] - [INFO] - Eval Loss: 4.6791 | Perplexity: 107.67 | Accuracy: 25.82% | Top-5 Accuracy: 56.75%
[2025-10-23 10:44:25,313] - [INFO] - Eval Loss: 4.4957 | Perplexity: 89.63 | Accuracy: 27.21% | Top-5 Accuracy: 58.42%
[2025-10-23 10:44:28,213] - [INFO] - Eval Loss: 4.3767 | Perplexity: 79.57 | Accuracy: 27.35% | Top-5 Accuracy: 59.08%
[2025-10-23 10:44:31,110] - [INFO] - Eval Loss: 4.2918 | Perplexity: 73.10 | Accuracy: 27.21% | Top-5 Accuracy: 59.01%
[2025-10-23 10:44:34,009] - [INFO] - Eval Loss: 4.1961 | Perplexity: 66.42 | Accuracy: 27.79% | Top-5 Accuracy: 59.96%
[2025-10-23 10:44:36,907] - [INFO] - Eval Loss: 4.1660 | Perplexity: 64.46 | Accuracy: 26.26% | Top-5 Accuracy: 60.03%
[2025-10-23 10:44:39,798] - [INFO] - Eval Loss: 4.1194 | Perplexity: 61.52 | Accuracy: 26.40% | Top-5 Accuracy: 60.47%
[2025-10-23 10:44:42,698] - [INFO] - Eval Loss: 4.0882 | Perplexity: 59.63 | Accuracy: 26.99% | Top-5 Accuracy: 60.69%
[2025-10-23 10:44:42,698] - [INFO] - 
=== Running combination ===
[2025-10-23 10:44:42,698] - [INFO] - Embed: 128, Hidden: 256, Top fraction: 0.05, Replace: True, Context: 5
[2025-10-23 10:44:44,699] - [INFO] - Train dataset contains 2194 samples
[2025-10-23 10:44:44,699] - [INFO] - Validation dataset contains 228 samples
[2025-10-23 10:44:44,699] - [INFO] - Test dataset contains 356 samples
[2025-10-23 10:44:44,702] - [INFO] - Top 5.00% frequent words (205) out of 4103 total words
[2025-10-23 10:44:44,702] - [INFO] - The fragment to replace is 0.016787383177570094 of the 205 frequent words (7704 out of 12933)
[2025-10-23 10:44:44,729] - [INFO] - Replaced 123 / 12933 tokens (0.95%)
[2025-10-23 10:44:44,746] - [INFO] - Replaced 13 / 1371 tokens (0.95%)
[2025-10-23 10:44:44,752] - [INFO] - Replaced 14 / 2088 tokens (0.67%)
[2025-10-23 10:44:44,754] - [INFO] - ==== Example Sentence ====
[2025-10-23 10:44:44,755] - [INFO] - Original:  30년 전쟁의 승자는 누구인가?
[2025-10-23 10:44:44,755] - [INFO] - Tokenized: ['30년', '전쟁의', '승자는', '누구인가', '?']
[2025-10-23 10:44:44,755] - [INFO] - Replaced:  ['30년', '전쟁의', '승자는', '누구인가', '?']
[2025-10-23 10:44:44,755] - [INFO] - Window:    (tensor([1613,  994, 1112, 2172, 3970]), tensor(1119))
[2025-10-23 10:44:45,999] - [INFO] - Eval Loss: 6.4899 | Perplexity: 658.44 | Accuracy: 18.09% | Top-5 Accuracy: 31.44%
[2025-10-23 10:44:47,163] - [INFO] - Eval Loss: 5.4053 | Perplexity: 222.58 | Accuracy: 21.52% | Top-5 Accuracy: 33.04%
[2025-10-23 10:44:48,309] - [INFO] - Eval Loss: 5.0256 | Perplexity: 152.26 | Accuracy: 22.68% | Top-5 Accuracy: 37.78%
[2025-10-23 10:44:49,417] - [INFO] - Eval Loss: 4.8172 | Perplexity: 123.62 | Accuracy: 24.43% | Top-5 Accuracy: 41.06%
[2025-10-23 10:44:50,437] - [INFO] - Eval Loss: 4.6771 | Perplexity: 107.46 | Accuracy: 25.09% | Top-5 Accuracy: 49.74%
[2025-10-23 10:44:51,543] - [INFO] - Eval Loss: 4.5740 | Perplexity: 96.93 | Accuracy: 25.75% | Top-5 Accuracy: 49.45%
[2025-10-23 10:44:52,614] - [INFO] - Eval Loss: 4.4756 | Perplexity: 87.85 | Accuracy: 26.33% | Top-5 Accuracy: 52.22%
[2025-10-23 10:44:53,720] - [INFO] - Eval Loss: 4.4158 | Perplexity: 82.74 | Accuracy: 26.48% | Top-5 Accuracy: 43.25%
[2025-10-23 10:44:54,856] - [INFO] - Eval Loss: 4.3536 | Perplexity: 77.75 | Accuracy: 26.48% | Top-5 Accuracy: 43.91%
[2025-10-23 10:44:56,013] - [INFO] - Eval Loss: 4.2939 | Perplexity: 73.25 | Accuracy: 26.99% | Top-5 Accuracy: 44.27%
[2025-10-23 10:44:56,013] - [INFO] - 
=== Running combination ===
[2025-10-23 10:44:56,013] - [INFO] - Embed: 128, Hidden: 256, Top fraction: 0.05, Replace: True, Context: 2
[2025-10-23 10:44:57,554] - [INFO] - Train dataset contains 2194 samples
[2025-10-23 10:44:57,554] - [INFO] - Validation dataset contains 228 samples
[2025-10-23 10:44:57,554] - [INFO] - Test dataset contains 356 samples
[2025-10-23 10:44:57,557] - [INFO] - Top 5.00% frequent words (205) out of 4103 total words
[2025-10-23 10:44:57,557] - [INFO] - The fragment to replace is 0.16787383177570095 of the 205 frequent words (7704 out of 12933)
[2025-10-23 10:44:57,585] - [INFO] - Replaced 1334 / 12933 tokens (10.31%)
[2025-10-23 10:44:57,599] - [INFO] - Replaced 134 / 1371 tokens (9.77%)
[2025-10-23 10:44:57,604] - [INFO] - Replaced 178 / 2088 tokens (8.52%)
[2025-10-23 10:44:57,606] - [INFO] - ==== Example Sentence ====
[2025-10-23 10:44:57,606] - [INFO] - Original:  30년 전쟁의 승자는 누구인가?
[2025-10-23 10:44:57,606] - [INFO] - Tokenized: ['30년', '전쟁의', '승자는', '누구인가', '?']
[2025-10-23 10:44:57,606] - [INFO] - Replaced:  ['30년', '전쟁의', '승자는', '누구인가', '?']
[2025-10-23 10:44:57,606] - [INFO] - Window:    (tensor([1613,  994]), tensor(1112))
[2025-10-23 10:45:00,475] - [INFO] - Eval Loss: 7.2345 | Perplexity: 1386.47 | Accuracy: 28.52% | Top-5 Accuracy: 53.46%
[2025-10-23 10:45:03,328] - [INFO] - Eval Loss: 5.5547 | Perplexity: 258.46 | Accuracy: 32.60% | Top-5 Accuracy: 56.67%
[2025-10-23 10:45:06,187] - [INFO] - Eval Loss: 4.6787 | Perplexity: 107.63 | Accuracy: 31.66% | Top-5 Accuracy: 57.70%
[2025-10-23 10:45:09,074] - [INFO] - Eval Loss: 4.4217 | Perplexity: 83.24 | Accuracy: 31.58% | Top-5 Accuracy: 58.06%
[2025-10-23 10:45:12,042] - [INFO] - Eval Loss: 4.2518 | Perplexity: 70.23 | Accuracy: 33.55% | Top-5 Accuracy: 58.57%
[2025-10-23 10:45:14,899] - [INFO] - Eval Loss: 4.1701 | Perplexity: 64.72 | Accuracy: 33.63% | Top-5 Accuracy: 58.42%
[2025-10-23 10:45:17,755] - [INFO] - Eval Loss: 4.1027 | Perplexity: 60.51 | Accuracy: 34.57% | Top-5 Accuracy: 58.57%
[2025-10-23 10:45:20,609] - [INFO] - Eval Loss: 4.0594 | Perplexity: 57.94 | Accuracy: 35.23% | Top-5 Accuracy: 59.01%
[2025-10-23 10:45:23,463] - [INFO] - Eval Loss: 4.0268 | Perplexity: 56.08 | Accuracy: 35.45% | Top-5 Accuracy: 59.52%
[2025-10-23 10:45:26,312] - [INFO] - Eval Loss: 4.0139 | Perplexity: 55.36 | Accuracy: 33.26% | Top-5 Accuracy: 60.61%
[2025-10-23 10:45:26,312] - [INFO] - 
=== Running combination ===
[2025-10-23 10:45:26,312] - [INFO] - Embed: 128, Hidden: 256, Top fraction: 0.05, Replace: True, Context: 2
[2025-10-23 10:45:27,828] - [INFO] - Train dataset contains 2194 samples
[2025-10-23 10:45:27,828] - [INFO] - Validation dataset contains 228 samples
[2025-10-23 10:45:27,828] - [INFO] - Test dataset contains 356 samples
[2025-10-23 10:45:27,831] - [INFO] - Top 5.00% frequent words (205) out of 4103 total words
[2025-10-23 10:45:27,831] - [INFO] - The fragment to replace is 0.08393691588785047 of the 205 frequent words (7704 out of 12933)
[2025-10-23 10:45:27,859] - [INFO] - Replaced 634 / 12933 tokens (4.90%)
[2025-10-23 10:45:27,871] - [INFO] - Replaced 63 / 1371 tokens (4.60%)
[2025-10-23 10:45:27,877] - [INFO] - Replaced 73 / 2088 tokens (3.50%)
[2025-10-23 10:45:27,878] - [INFO] - ==== Example Sentence ====
[2025-10-23 10:45:27,878] - [INFO] - Original:  30년 전쟁의 승자는 누구인가?
[2025-10-23 10:45:27,878] - [INFO] - Tokenized: ['30년', '전쟁의', '승자는', '누구인가', '?']
[2025-10-23 10:45:27,878] - [INFO] - Replaced:  ['30년', '전쟁의', '승자는', '누구인가', '?']
[2025-10-23 10:45:27,879] - [INFO] - Window:    (tensor([1613,  994]), tensor(1112))
[2025-10-23 10:45:30,743] - [INFO] - Eval Loss: 7.3930 | Perplexity: 1624.62 | Accuracy: 15.32% | Top-5 Accuracy: 33.70%
[2025-10-23 10:45:33,601] - [INFO] - Eval Loss: 6.0867 | Perplexity: 439.98 | Accuracy: 19.84% | Top-5 Accuracy: 53.46%
[2025-10-23 10:45:36,453] - [INFO] - Eval Loss: 5.0494 | Perplexity: 155.93 | Accuracy: 19.69% | Top-5 Accuracy: 55.29%
[2025-10-23 10:45:39,307] - [INFO] - Eval Loss: 4.6102 | Perplexity: 100.50 | Accuracy: 19.84% | Top-5 Accuracy: 55.80%
[2025-10-23 10:45:42,158] - [INFO] - Eval Loss: 4.4202 | Perplexity: 83.12 | Accuracy: 27.64% | Top-5 Accuracy: 56.16%
[2025-10-23 10:45:45,009] - [INFO] - Eval Loss: 4.3175 | Perplexity: 75.00 | Accuracy: 21.74% | Top-5 Accuracy: 56.46%
[2025-10-23 10:45:47,857] - [INFO] - Eval Loss: 4.2344 | Perplexity: 69.02 | Accuracy: 22.17% | Top-5 Accuracy: 57.04%
[2025-10-23 10:45:50,689] - [INFO] - Eval Loss: 4.1832 | Perplexity: 65.58 | Accuracy: 23.27% | Top-5 Accuracy: 57.70%
[2025-10-23 10:45:53,517] - [INFO] - Eval Loss: 4.1366 | Perplexity: 62.59 | Accuracy: 23.71% | Top-5 Accuracy: 58.72%
[2025-10-23 10:45:56,350] - [INFO] - Eval Loss: 4.1177 | Perplexity: 61.42 | Accuracy: 24.00% | Top-5 Accuracy: 59.45%
[2025-10-23 10:45:56,350] - [INFO] - 
=== Running combination ===
[2025-10-23 10:45:56,350] - [INFO] - Embed: 128, Hidden: 256, Top fraction: 0.05, Replace: True, Context: 2
[2025-10-23 10:45:58,090] - [INFO] - Train dataset contains 2194 samples
[2025-10-23 10:45:58,091] - [INFO] - Validation dataset contains 228 samples
[2025-10-23 10:45:58,091] - [INFO] - Test dataset contains 356 samples
[2025-10-23 10:45:58,094] - [INFO] - Top 5.00% frequent words (205) out of 4103 total words
[2025-10-23 10:45:58,094] - [INFO] - The fragment to replace is 0.016787383177570094 of the 205 frequent words (7704 out of 12933)
[2025-10-23 10:45:58,121] - [INFO] - Replaced 123 / 12933 tokens (0.95%)
[2025-10-23 10:45:58,134] - [INFO] - Replaced 13 / 1371 tokens (0.95%)
[2025-10-23 10:45:58,139] - [INFO] - Replaced 14 / 2088 tokens (0.67%)
[2025-10-23 10:45:58,141] - [INFO] - ==== Example Sentence ====
[2025-10-23 10:45:58,141] - [INFO] - Original:  30년 전쟁의 승자는 누구인가?
[2025-10-23 10:45:58,141] - [INFO] - Tokenized: ['30년', '전쟁의', '승자는', '누구인가', '?']
[2025-10-23 10:45:58,141] - [INFO] - Replaced:  ['30년', '전쟁의', '승자는', '누구인가', '?']
[2025-10-23 10:45:58,141] - [INFO] - Window:    (tensor([1613,  994]), tensor(1112))
[2025-10-23 10:46:00,980] - [INFO] - Eval Loss: 7.4870 | Perplexity: 1784.78 | Accuracy: 17.58% | Top-5 Accuracy: 25.60%
[2025-10-23 10:46:03,812] - [INFO] - Eval Loss: 6.3955 | Perplexity: 599.16 | Accuracy: 20.20% | Top-5 Accuracy: 31.22%
[2025-10-23 10:46:06,638] - [INFO] - Eval Loss: 5.5615 | Perplexity: 260.23 | Accuracy: 20.20% | Top-5 Accuracy: 32.02%
[2025-10-23 10:46:09,467] - [INFO] - Eval Loss: 5.1036 | Perplexity: 164.61 | Accuracy: 20.42% | Top-5 Accuracy: 32.75%
[2025-10-23 10:46:12,294] - [INFO] - Eval Loss: 4.8190 | Perplexity: 123.84 | Accuracy: 21.88% | Top-5 Accuracy: 33.41%
[2025-10-23 10:46:15,121] - [INFO] - Eval Loss: 4.6347 | Perplexity: 103.00 | Accuracy: 22.17% | Top-5 Accuracy: 34.79%
[2025-10-23 10:46:17,954] - [INFO] - Eval Loss: 4.4994 | Perplexity: 89.97 | Accuracy: 22.54% | Top-5 Accuracy: 35.16%
[2025-10-23 10:46:20,782] - [INFO] - Eval Loss: 4.4092 | Perplexity: 82.20 | Accuracy: 23.19% | Top-5 Accuracy: 36.03%
[2025-10-23 10:46:23,607] - [INFO] - Eval Loss: 4.3427 | Perplexity: 76.91 | Accuracy: 23.85% | Top-5 Accuracy: 36.76%
[2025-10-23 10:46:26,438] - [INFO] - Eval Loss: 4.3016 | Perplexity: 73.82 | Accuracy: 24.07% | Top-5 Accuracy: 37.64%
[2025-10-23 10:46:26,439] - [INFO] - 
=== Running combination ===
[2025-10-23 10:46:26,439] - [INFO] - Embed: 128, Hidden: 256, Top fraction: 0.05, Replace: False, Context: 5
[2025-10-23 10:46:27,955] - [INFO] - Train dataset contains 2194 samples
[2025-10-23 10:46:27,955] - [INFO] - Validation dataset contains 228 samples
[2025-10-23 10:46:27,955] - [INFO] - Test dataset contains 356 samples
[2025-10-23 10:46:27,958] - [INFO] - Top 5.00% frequent words (205) out of 4103 total words
[2025-10-23 10:46:27,958] - [INFO] - The fragment to replace is 6.308780487804879 of the 205 frequent words (205 out of 12933)
[2025-10-23 10:46:27,985] - [INFO] - Replaced 205 / 12933 tokens (1.59%)
[2025-10-23 10:46:28,002] - [INFO] - Replaced 8 / 1371 tokens (0.58%)
[2025-10-23 10:46:28,008] - [INFO] - Replaced 12 / 2088 tokens (0.57%)
[2025-10-23 10:46:28,010] - [INFO] - ==== Example Sentence ====
[2025-10-23 10:46:28,010] - [INFO] - Original:  30년 전쟁의 승자는 누구인가?
[2025-10-23 10:46:28,011] - [INFO] - Tokenized: ['30년', '전쟁의', '승자는', '누구인가', '?']
[2025-10-23 10:46:28,011] - [INFO] - Replaced:  ['30년', '전쟁의', '<UNK', '누구인가', '?']
[2025-10-23 10:46:28,011] - [INFO] - Window:    (tensor([1613,  994, 1112, 1957, 3970]), tensor(1119))
[2025-10-23 10:46:30,899] - [INFO] - Eval Loss: 6.1829 | Perplexity: 484.37 | Accuracy: 19.33% | Top-5 Accuracy: 32.97%
[2025-10-23 10:46:33,769] - [INFO] - Eval Loss: 5.0292 | Perplexity: 152.81 | Accuracy: 23.34% | Top-5 Accuracy: 51.42%
[2025-10-23 10:46:36,649] - [INFO] - Eval Loss: 4.6666 | Perplexity: 106.34 | Accuracy: 25.02% | Top-5 Accuracy: 54.70%
[2025-10-23 10:46:39,520] - [INFO] - Eval Loss: 4.4480 | Perplexity: 85.46 | Accuracy: 27.35% | Top-5 Accuracy: 56.02%
[2025-10-23 10:46:42,389] - [INFO] - Eval Loss: 4.2806 | Perplexity: 72.28 | Accuracy: 30.93% | Top-5 Accuracy: 56.46%
[2025-10-23 10:46:45,261] - [INFO] - Eval Loss: 4.1833 | Perplexity: 65.58 | Accuracy: 31.80% | Top-5 Accuracy: 56.75%
[2025-10-23 10:46:48,149] - [INFO] - Eval Loss: 4.0880 | Perplexity: 59.62 | Accuracy: 32.82% | Top-5 Accuracy: 57.70%
[2025-10-23 10:46:51,021] - [INFO] - Eval Loss: 4.0379 | Perplexity: 56.71 | Accuracy: 32.90% | Top-5 Accuracy: 57.55%
[2025-10-23 10:46:53,891] - [INFO] - Eval Loss: 3.9797 | Perplexity: 53.50 | Accuracy: 33.04% | Top-5 Accuracy: 57.84%
[2025-10-23 10:46:56,762] - [INFO] - Eval Loss: 3.9363 | Perplexity: 51.23 | Accuracy: 33.70% | Top-5 Accuracy: 58.21%
[2025-10-23 10:46:56,763] - [INFO] - 
=== Running combination ===
[2025-10-23 10:46:56,763] - [INFO] - Embed: 128, Hidden: 256, Top fraction: 0.05, Replace: False, Context: 5
[2025-10-23 10:46:58,277] - [INFO] - Train dataset contains 2194 samples
[2025-10-23 10:46:58,277] - [INFO] - Validation dataset contains 228 samples
[2025-10-23 10:46:58,277] - [INFO] - Test dataset contains 356 samples
[2025-10-23 10:46:58,280] - [INFO] - Top 5.00% frequent words (205) out of 4103 total words
[2025-10-23 10:46:58,280] - [INFO] - The fragment to replace is 3.1543902439024394 of the 205 frequent words (205 out of 12933)
[2025-10-23 10:46:58,307] - [INFO] - Replaced 205 / 12933 tokens (1.59%)
[2025-10-23 10:46:58,323] - [INFO] - Replaced 8 / 1371 tokens (0.58%)
[2025-10-23 10:46:58,329] - [INFO] - Replaced 12 / 2088 tokens (0.57%)
[2025-10-23 10:46:58,495] - [INFO] - ==== Example Sentence ====
[2025-10-23 10:46:58,495] - [INFO] - Original:  30년 전쟁의 승자는 누구인가?
[2025-10-23 10:46:58,495] - [INFO] - Tokenized: ['30년', '전쟁의', '승자는', '누구인가', '?']
[2025-10-23 10:46:58,495] - [INFO] - Replaced:  ['30년', '전쟁의', '<UNK', '누구인가', '?']
[2025-10-23 10:46:58,495] - [INFO] - Window:    (tensor([1613,  994, 1112, 1957, 3970]), tensor(1119))
[2025-10-23 10:47:01,380] - [INFO] - Eval Loss: 6.1829 | Perplexity: 484.37 | Accuracy: 19.33% | Top-5 Accuracy: 32.97%
[2025-10-23 10:47:04,255] - [INFO] - Eval Loss: 5.0292 | Perplexity: 152.81 | Accuracy: 23.34% | Top-5 Accuracy: 51.42%
[2025-10-23 10:47:07,150] - [INFO] - Eval Loss: 4.6666 | Perplexity: 106.34 | Accuracy: 25.02% | Top-5 Accuracy: 54.70%
[2025-10-23 10:47:10,029] - [INFO] - Eval Loss: 4.4480 | Perplexity: 85.46 | Accuracy: 27.35% | Top-5 Accuracy: 56.02%
[2025-10-23 10:47:12,911] - [INFO] - Eval Loss: 4.2806 | Perplexity: 72.28 | Accuracy: 30.93% | Top-5 Accuracy: 56.46%
[2025-10-23 10:47:15,793] - [INFO] - Eval Loss: 4.1833 | Perplexity: 65.58 | Accuracy: 31.80% | Top-5 Accuracy: 56.75%
[2025-10-23 10:47:18,670] - [INFO] - Eval Loss: 4.0880 | Perplexity: 59.62 | Accuracy: 32.82% | Top-5 Accuracy: 57.70%
[2025-10-23 10:47:21,541] - [INFO] - Eval Loss: 4.0379 | Perplexity: 56.71 | Accuracy: 32.90% | Top-5 Accuracy: 57.55%
[2025-10-23 10:47:24,417] - [INFO] - Eval Loss: 3.9797 | Perplexity: 53.50 | Accuracy: 33.04% | Top-5 Accuracy: 57.84%
[2025-10-23 10:47:27,291] - [INFO] - Eval Loss: 3.9363 | Perplexity: 51.23 | Accuracy: 33.70% | Top-5 Accuracy: 58.21%
[2025-10-23 10:47:27,291] - [INFO] - 
=== Running combination ===
[2025-10-23 10:47:27,291] - [INFO] - Embed: 128, Hidden: 256, Top fraction: 0.05, Replace: False, Context: 5
[2025-10-23 10:47:28,816] - [INFO] - Train dataset contains 2194 samples
[2025-10-23 10:47:28,816] - [INFO] - Validation dataset contains 228 samples
[2025-10-23 10:47:28,816] - [INFO] - Test dataset contains 356 samples
[2025-10-23 10:47:28,819] - [INFO] - Top 5.00% frequent words (205) out of 4103 total words
[2025-10-23 10:47:28,819] - [INFO] - The fragment to replace is 0.6308780487804879 of the 205 frequent words (205 out of 12933)
[2025-10-23 10:47:28,845] - [INFO] - Replaced 126 / 12933 tokens (0.97%)
[2025-10-23 10:47:28,862] - [INFO] - Replaced 3 / 1371 tokens (0.22%)
[2025-10-23 10:47:28,868] - [INFO] - Replaced 9 / 2088 tokens (0.43%)
[2025-10-23 10:47:28,870] - [INFO] - ==== Example Sentence ====
[2025-10-23 10:47:28,870] - [INFO] - Original:  30년 전쟁의 승자는 누구인가?
[2025-10-23 10:47:28,870] - [INFO] - Tokenized: ['30년', '전쟁의', '승자는', '누구인가', '?']
[2025-10-23 10:47:28,870] - [INFO] - Replaced:  ['30년', '전쟁의', '<UNK', '누구인가', '?']
[2025-10-23 10:47:28,871] - [INFO] - Window:    (tensor([1613,  994, 1112, 1957, 3970]), tensor(1119))
[2025-10-23 10:47:30,074] - [INFO] - Eval Loss: 6.3798 | Perplexity: 589.81 | Accuracy: 19.11% | Top-5 Accuracy: 31.95%
[2025-10-23 10:47:31,211] - [INFO] - Eval Loss: 5.2753 | Perplexity: 195.45 | Accuracy: 22.39% | Top-5 Accuracy: 34.21%
[2025-10-23 10:47:32,191] - [INFO] - Eval Loss: 4.8996 | Perplexity: 134.23 | Accuracy: 23.12% | Top-5 Accuracy: 49.09%
[2025-10-23 10:47:33,167] - [INFO] - Eval Loss: 4.6908 | Perplexity: 108.94 | Accuracy: 24.95% | Top-5 Accuracy: 52.22%
[2025-10-23 10:47:34,171] - [INFO] - Eval Loss: 4.5286 | Perplexity: 92.63 | Accuracy: 25.82% | Top-5 Accuracy: 53.83%
[2025-10-23 10:47:35,147] - [INFO] - Eval Loss: 4.4214 | Perplexity: 83.21 | Accuracy: 26.55% | Top-5 Accuracy: 54.12%
[2025-10-23 10:47:36,122] - [INFO] - Eval Loss: 4.3210 | Perplexity: 75.26 | Accuracy: 27.13% | Top-5 Accuracy: 54.85%
[2025-10-23 10:47:37,110] - [INFO] - Eval Loss: 4.2551 | Perplexity: 70.46 | Accuracy: 27.57% | Top-5 Accuracy: 55.14%
[2025-10-23 10:47:38,115] - [INFO] - Eval Loss: 4.1818 | Perplexity: 65.49 | Accuracy: 28.01% | Top-5 Accuracy: 55.65%
[2025-10-23 10:47:39,112] - [INFO] - Eval Loss: 4.1259 | Perplexity: 61.92 | Accuracy: 28.45% | Top-5 Accuracy: 55.94%
[2025-10-23 10:47:39,113] - [INFO] - 
=== Running combination ===
[2025-10-23 10:47:39,113] - [INFO] - Embed: 128, Hidden: 256, Top fraction: 0.05, Replace: False, Context: 2
[2025-10-23 10:47:40,631] - [INFO] - Train dataset contains 2194 samples
[2025-10-23 10:47:40,631] - [INFO] - Validation dataset contains 228 samples
[2025-10-23 10:47:40,631] - [INFO] - Test dataset contains 356 samples
[2025-10-23 10:47:40,634] - [INFO] - Top 5.00% frequent words (205) out of 4103 total words
[2025-10-23 10:47:40,634] - [INFO] - The fragment to replace is 6.308780487804879 of the 205 frequent words (205 out of 12933)
[2025-10-23 10:47:40,661] - [INFO] - Replaced 205 / 12933 tokens (1.59%)
[2025-10-23 10:47:40,673] - [INFO] - Replaced 8 / 1371 tokens (0.58%)
[2025-10-23 10:47:40,679] - [INFO] - Replaced 12 / 2088 tokens (0.57%)
[2025-10-23 10:47:40,680] - [INFO] - ==== Example Sentence ====
[2025-10-23 10:47:40,680] - [INFO] - Original:  30년 전쟁의 승자는 누구인가?
[2025-10-23 10:47:40,680] - [INFO] - Tokenized: ['30년', '전쟁의', '승자는', '누구인가', '?']
[2025-10-23 10:47:40,680] - [INFO] - Replaced:  ['30년', '전쟁의', '<UNK', '누구인가', '?']
[2025-10-23 10:47:40,681] - [INFO] - Window:    (tensor([1613,  994]), tensor(1112))
[2025-10-23 10:47:43,521] - [INFO] - Eval Loss: 7.3913 | Perplexity: 1621.82 | Accuracy: 18.45% | Top-5 Accuracy: 29.83%
[2025-10-23 10:47:46,349] - [INFO] - Eval Loss: 6.1311 | Perplexity: 459.95 | Accuracy: 21.01% | Top-5 Accuracy: 37.56%
[2025-10-23 10:47:49,180] - [INFO] - Eval Loss: 5.1894 | Perplexity: 179.37 | Accuracy: 22.83% | Top-5 Accuracy: 49.38%
[2025-10-23 10:47:52,010] - [INFO] - Eval Loss: 4.6856 | Perplexity: 108.38 | Accuracy: 22.90% | Top-5 Accuracy: 50.33%
[2025-10-23 10:47:54,840] - [INFO] - Eval Loss: 4.3998 | Perplexity: 81.43 | Accuracy: 24.43% | Top-5 Accuracy: 52.08%
[2025-10-23 10:47:57,669] - [INFO] - Eval Loss: 4.2512 | Perplexity: 70.19 | Accuracy: 27.43% | Top-5 Accuracy: 52.66%
[2025-10-23 10:48:00,500] - [INFO] - Eval Loss: 4.1475 | Perplexity: 63.27 | Accuracy: 28.08% | Top-5 Accuracy: 53.25%
[2025-10-23 10:48:03,328] - [INFO] - Eval Loss: 4.0781 | Perplexity: 59.03 | Accuracy: 29.25% | Top-5 Accuracy: 54.34%
[2025-10-23 10:48:06,162] - [INFO] - Eval Loss: 4.0316 | Perplexity: 56.35 | Accuracy: 29.91% | Top-5 Accuracy: 55.36%
[2025-10-23 10:48:08,989] - [INFO] - Eval Loss: 3.9997 | Perplexity: 54.58 | Accuracy: 31.15% | Top-5 Accuracy: 56.02%
[2025-10-23 10:48:08,990] - [INFO] - 
=== Running combination ===
[2025-10-23 10:48:08,990] - [INFO] - Embed: 128, Hidden: 256, Top fraction: 0.05, Replace: False, Context: 2
[2025-10-23 10:48:10,510] - [INFO] - Train dataset contains 2194 samples
[2025-10-23 10:48:10,510] - [INFO] - Validation dataset contains 228 samples
[2025-10-23 10:48:10,510] - [INFO] - Test dataset contains 356 samples
[2025-10-23 10:48:10,513] - [INFO] - Top 5.00% frequent words (205) out of 4103 total words
[2025-10-23 10:48:10,513] - [INFO] - The fragment to replace is 3.1543902439024394 of the 205 frequent words (205 out of 12933)
[2025-10-23 10:48:10,539] - [INFO] - Replaced 205 / 12933 tokens (1.59%)
[2025-10-23 10:48:10,552] - [INFO] - Replaced 8 / 1371 tokens (0.58%)
[2025-10-23 10:48:10,557] - [INFO] - Replaced 12 / 2088 tokens (0.57%)
[2025-10-23 10:48:10,558] - [INFO] - ==== Example Sentence ====
[2025-10-23 10:48:10,558] - [INFO] - Original:  30년 전쟁의 승자는 누구인가?
[2025-10-23 10:48:10,558] - [INFO] - Tokenized: ['30년', '전쟁의', '승자는', '누구인가', '?']
[2025-10-23 10:48:10,559] - [INFO] - Replaced:  ['30년', '전쟁의', '<UNK', '누구인가', '?']
[2025-10-23 10:48:10,559] - [INFO] - Window:    (tensor([1613,  994]), tensor(1112))
[2025-10-23 10:48:11,746] - [INFO] - Eval Loss: 7.3913 | Perplexity: 1621.82 | Accuracy: 18.45% | Top-5 Accuracy: 29.83%
[2025-10-23 10:48:12,809] - [INFO] - Eval Loss: 6.1311 | Perplexity: 459.95 | Accuracy: 21.01% | Top-5 Accuracy: 37.56%
[2025-10-23 10:48:13,745] - [INFO] - Eval Loss: 5.1894 | Perplexity: 179.37 | Accuracy: 22.83% | Top-5 Accuracy: 49.38%
[2025-10-23 10:48:14,664] - [INFO] - Eval Loss: 4.6856 | Perplexity: 108.38 | Accuracy: 22.90% | Top-5 Accuracy: 50.33%
[2025-10-23 10:48:15,600] - [INFO] - Eval Loss: 4.3998 | Perplexity: 81.43 | Accuracy: 24.43% | Top-5 Accuracy: 52.08%
[2025-10-23 10:48:16,552] - [INFO] - Eval Loss: 4.2512 | Perplexity: 70.19 | Accuracy: 27.43% | Top-5 Accuracy: 52.66%
[2025-10-23 10:48:17,480] - [INFO] - Eval Loss: 4.1475 | Perplexity: 63.27 | Accuracy: 28.08% | Top-5 Accuracy: 53.25%
[2025-10-23 10:48:18,409] - [INFO] - Eval Loss: 4.0781 | Perplexity: 59.03 | Accuracy: 29.25% | Top-5 Accuracy: 54.34%
[2025-10-23 10:48:19,328] - [INFO] - Eval Loss: 4.0316 | Perplexity: 56.35 | Accuracy: 29.91% | Top-5 Accuracy: 55.36%
[2025-10-23 10:48:20,251] - [INFO] - Eval Loss: 3.9997 | Perplexity: 54.58 | Accuracy: 31.15% | Top-5 Accuracy: 56.02%
[2025-10-23 10:48:20,251] - [INFO] - 
=== Running combination ===
[2025-10-23 10:48:20,251] - [INFO] - Embed: 128, Hidden: 256, Top fraction: 0.05, Replace: False, Context: 2
[2025-10-23 10:48:21,752] - [INFO] - Train dataset contains 2194 samples
[2025-10-23 10:48:21,752] - [INFO] - Validation dataset contains 228 samples
[2025-10-23 10:48:21,752] - [INFO] - Test dataset contains 356 samples
[2025-10-23 10:48:21,754] - [INFO] - Top 5.00% frequent words (205) out of 4103 total words
[2025-10-23 10:48:21,754] - [INFO] - The fragment to replace is 0.6308780487804879 of the 205 frequent words (205 out of 12933)
[2025-10-23 10:48:21,776] - [INFO] - Replaced 126 / 12933 tokens (0.97%)
[2025-10-23 10:48:21,937] - [INFO] - Replaced 3 / 1371 tokens (0.22%)
[2025-10-23 10:48:21,941] - [INFO] - Replaced 9 / 2088 tokens (0.43%)
[2025-10-23 10:48:21,943] - [INFO] - ==== Example Sentence ====
[2025-10-23 10:48:21,943] - [INFO] - Original:  30년 전쟁의 승자는 누구인가?
[2025-10-23 10:48:21,943] - [INFO] - Tokenized: ['30년', '전쟁의', '승자는', '누구인가', '?']
[2025-10-23 10:48:21,943] - [INFO] - Replaced:  ['30년', '전쟁의', '<UNK', '누구인가', '?']
[2025-10-23 10:48:21,943] - [INFO] - Window:    (tensor([1613,  994]), tensor(1112))
[2025-10-23 10:48:22,870] - [INFO] - Eval Loss: 7.4458 | Perplexity: 1712.71 | Accuracy: 18.45% | Top-5 Accuracy: 26.48%
[2025-10-23 10:48:23,785] - [INFO] - Eval Loss: 6.2943 | Perplexity: 541.50 | Accuracy: 20.86% | Top-5 Accuracy: 31.66%
[2025-10-23 10:48:24,699] - [INFO] - Eval Loss: 5.4358 | Perplexity: 229.47 | Accuracy: 20.86% | Top-5 Accuracy: 33.04%
[2025-10-23 10:48:25,612] - [INFO] - Eval Loss: 4.9688 | Perplexity: 143.85 | Accuracy: 21.01% | Top-5 Accuracy: 33.55%
[2025-10-23 10:48:26,538] - [INFO] - Eval Loss: 4.6777 | Perplexity: 107.53 | Accuracy: 22.10% | Top-5 Accuracy: 39.53%
[2025-10-23 10:48:27,447] - [INFO] - Eval Loss: 4.5015 | Perplexity: 90.15 | Accuracy: 22.54% | Top-5 Accuracy: 40.70%
[2025-10-23 10:48:28,357] - [INFO] - Eval Loss: 4.3683 | Perplexity: 78.91 | Accuracy: 22.76% | Top-5 Accuracy: 48.58%
[2025-10-23 10:48:29,265] - [INFO] - Eval Loss: 4.2747 | Perplexity: 71.86 | Accuracy: 23.56% | Top-5 Accuracy: 49.82%
[2025-10-23 10:48:30,171] - [INFO] - Eval Loss: 4.2087 | Perplexity: 67.27 | Accuracy: 24.22% | Top-5 Accuracy: 50.91%
[2025-10-23 10:48:31,099] - [INFO] - Eval Loss: 4.1628 | Perplexity: 64.25 | Accuracy: 25.02% | Top-5 Accuracy: 52.52%
[2025-10-23 10:48:31,099] - [INFO] - 
=== Running combination ===
[2025-10-23 10:48:31,099] - [INFO] - Embed: 128, Hidden: 256, Top fraction: 0.1, Replace: True, Context: 5
[2025-10-23 10:48:32,678] - [INFO] - Train dataset contains 2194 samples
[2025-10-23 10:48:32,678] - [INFO] - Validation dataset contains 228 samples
[2025-10-23 10:48:32,678] - [INFO] - Test dataset contains 356 samples
[2025-10-23 10:48:32,682] - [INFO] - Top 10.00% frequent words (410) out of 4103 total words
[2025-10-23 10:48:32,682] - [INFO] - The fragment to replace is 0.1521708436286622 of the 410 frequent words (8499 out of 12933)
[2025-10-23 10:48:32,710] - [INFO] - Replaced 1334 / 12933 tokens (10.31%)
[2025-10-23 10:48:32,727] - [INFO] - Replaced 114 / 1371 tokens (8.32%)
[2025-10-23 10:48:32,734] - [INFO] - Replaced 200 / 2088 tokens (9.58%)
[2025-10-23 10:48:32,736] - [INFO] - ==== Example Sentence ====
[2025-10-23 10:48:32,736] - [INFO] - Original:  30년 전쟁의 승자는 누구인가?
[2025-10-23 10:48:32,736] - [INFO] - Tokenized: ['30년', '전쟁의', '승자는', '누구인가', '?']
[2025-10-23 10:48:32,736] - [INFO] - Replaced:  ['30년', '전쟁의', '승자는', '누구인가', '<UNK']
[2025-10-23 10:48:32,736] - [INFO] - Window:    (tensor([1613,  994, 1112, 2172, 3970]), tensor(1957))
[2025-10-23 10:48:35,633] - [INFO] - Eval Loss: 5.4160 | Perplexity: 224.97 | Accuracy: 34.65% | Top-5 Accuracy: 56.46%
[2025-10-23 10:48:38,515] - [INFO] - Eval Loss: 4.6998 | Perplexity: 109.93 | Accuracy: 36.25% | Top-5 Accuracy: 58.06%
[2025-10-23 10:48:41,388] - [INFO] - Eval Loss: 4.4556 | Perplexity: 86.11 | Accuracy: 37.27% | Top-5 Accuracy: 59.15%
[2025-10-23 10:48:44,262] - [INFO] - Eval Loss: 4.2807 | Perplexity: 72.29 | Accuracy: 38.29% | Top-5 Accuracy: 60.47%
[2025-10-23 10:48:47,136] - [INFO] - Eval Loss: 4.2190 | Perplexity: 67.97 | Accuracy: 38.07% | Top-5 Accuracy: 60.76%
[2025-10-23 10:48:50,008] - [INFO] - Eval Loss: 4.1329 | Perplexity: 62.36 | Accuracy: 39.02% | Top-5 Accuracy: 61.34%
[2025-10-23 10:48:52,894] - [INFO] - Eval Loss: 4.0769 | Perplexity: 58.96 | Accuracy: 38.66% | Top-5 Accuracy: 61.42%
[2025-10-23 10:48:55,765] - [INFO] - Eval Loss: 4.0357 | Perplexity: 56.58 | Accuracy: 39.31% | Top-5 Accuracy: 62.00%
[2025-10-23 10:48:58,638] - [INFO] - Eval Loss: 3.9780 | Perplexity: 53.41 | Accuracy: 37.42% | Top-5 Accuracy: 62.36%
[2025-10-23 10:49:01,508] - [INFO] - Eval Loss: 3.9811 | Perplexity: 53.58 | Accuracy: 37.13% | Top-5 Accuracy: 62.58%
[2025-10-23 10:49:01,508] - [INFO] - 
=== Running combination ===
[2025-10-23 10:49:01,508] - [INFO] - Embed: 128, Hidden: 256, Top fraction: 0.1, Replace: True, Context: 5
[2025-10-23 10:49:03,040] - [INFO] - Train dataset contains 2194 samples
[2025-10-23 10:49:03,040] - [INFO] - Validation dataset contains 228 samples
[2025-10-23 10:49:03,040] - [INFO] - Test dataset contains 356 samples
[2025-10-23 10:49:03,043] - [INFO] - Top 10.00% frequent words (410) out of 4103 total words
[2025-10-23 10:49:03,043] - [INFO] - The fragment to replace is 0.0760854218143311 of the 410 frequent words (8499 out of 12933)
[2025-10-23 10:49:03,070] - [INFO] - Replaced 621 / 12933 tokens (4.80%)
[2025-10-23 10:49:03,087] - [INFO] - Replaced 49 / 1371 tokens (3.57%)
[2025-10-23 10:49:03,093] - [INFO] - Replaced 92 / 2088 tokens (4.41%)
[2025-10-23 10:49:03,095] - [INFO] - ==== Example Sentence ====
[2025-10-23 10:49:03,095] - [INFO] - Original:  30년 전쟁의 승자는 누구인가?
[2025-10-23 10:49:03,095] - [INFO] - Tokenized: ['30년', '전쟁의', '승자는', '누구인가', '?']
[2025-10-23 10:49:03,095] - [INFO] - Replaced:  ['30년', '전쟁의', '승자는', '누구인가', '<UNK']
[2025-10-23 10:49:03,095] - [INFO] - Window:    (tensor([1613,  994, 1112, 2172, 3970]), tensor(1957))
[2025-10-23 10:49:05,982] - [INFO] - Eval Loss: 5.9519 | Perplexity: 384.48 | Accuracy: 17.87% | Top-5 Accuracy: 54.19%
[2025-10-23 10:49:08,858] - [INFO] - Eval Loss: 4.9236 | Perplexity: 137.49 | Accuracy: 23.12% | Top-5 Accuracy: 55.65%
[2025-10-23 10:49:11,738] - [INFO] - Eval Loss: 4.6282 | Perplexity: 102.33 | Accuracy: 26.11% | Top-5 Accuracy: 56.46%
[2025-10-23 10:49:14,615] - [INFO] - Eval Loss: 4.4334 | Perplexity: 84.22 | Accuracy: 27.94% | Top-5 Accuracy: 58.72%
[2025-10-23 10:49:17,489] - [INFO] - Eval Loss: 4.3245 | Perplexity: 75.53 | Accuracy: 27.72% | Top-5 Accuracy: 59.15%
[2025-10-23 10:49:20,368] - [INFO] - Eval Loss: 4.2463 | Perplexity: 69.84 | Accuracy: 28.01% | Top-5 Accuracy: 59.08%
[2025-10-23 10:49:23,245] - [INFO] - Eval Loss: 4.1540 | Perplexity: 63.69 | Accuracy: 28.59% | Top-5 Accuracy: 60.25%
[2025-10-23 10:49:26,124] - [INFO] - Eval Loss: 4.1082 | Perplexity: 60.84 | Accuracy: 28.81% | Top-5 Accuracy: 60.39%
[2025-10-23 10:49:29,003] - [INFO] - Eval Loss: 4.0689 | Perplexity: 58.49 | Accuracy: 28.45% | Top-5 Accuracy: 60.90%
[2025-10-23 10:49:31,901] - [INFO] - Eval Loss: 4.0367 | Perplexity: 56.64 | Accuracy: 28.52% | Top-5 Accuracy: 60.98%
[2025-10-23 10:49:31,901] - [INFO] - 
=== Running combination ===
[2025-10-23 10:49:31,901] - [INFO] - Embed: 128, Hidden: 256, Top fraction: 0.1, Replace: True, Context: 5
[2025-10-23 10:49:33,669] - [INFO] - Train dataset contains 2194 samples
[2025-10-23 10:49:33,669] - [INFO] - Validation dataset contains 228 samples
[2025-10-23 10:49:33,669] - [INFO] - Test dataset contains 356 samples
[2025-10-23 10:49:33,672] - [INFO] - Top 10.00% frequent words (410) out of 4103 total words
[2025-10-23 10:49:33,672] - [INFO] - The fragment to replace is 0.01521708436286622 of the 410 frequent words (8499 out of 12933)
[2025-10-23 10:49:33,699] - [INFO] - Replaced 124 / 12933 tokens (0.96%)
[2025-10-23 10:49:33,879] - [INFO] - Replaced 9 / 1371 tokens (0.66%)
[2025-10-23 10:49:33,885] - [INFO] - Replaced 19 / 2088 tokens (0.91%)
[2025-10-23 10:49:33,888] - [INFO] - ==== Example Sentence ====
[2025-10-23 10:49:33,888] - [INFO] - Original:  30년 전쟁의 승자는 누구인가?
[2025-10-23 10:49:33,888] - [INFO] - Tokenized: ['30년', '전쟁의', '승자는', '누구인가', '?']
[2025-10-23 10:49:33,888] - [INFO] - Replaced:  ['30년', '전쟁의', '승자는', '누구인가', '?']
[2025-10-23 10:49:33,888] - [INFO] - Window:    (tensor([1613,  994, 1112, 2172, 3970]), tensor(1119))
[2025-10-23 10:49:36,776] - [INFO] - Eval Loss: 6.4911 | Perplexity: 659.25 | Accuracy: 18.53% | Top-5 Accuracy: 31.73%
[2025-10-23 10:49:39,650] - [INFO] - Eval Loss: 5.3949 | Perplexity: 220.28 | Accuracy: 22.10% | Top-5 Accuracy: 33.11%
[2025-10-23 10:49:42,523] - [INFO] - Eval Loss: 5.0001 | Perplexity: 148.43 | Accuracy: 23.05% | Top-5 Accuracy: 38.44%
[2025-10-23 10:49:45,402] - [INFO] - Eval Loss: 4.8044 | Perplexity: 122.05 | Accuracy: 24.80% | Top-5 Accuracy: 42.67%
[2025-10-23 10:49:48,274] - [INFO] - Eval Loss: 4.6507 | Perplexity: 104.66 | Accuracy: 25.38% | Top-5 Accuracy: 44.49%
[2025-10-23 10:49:51,151] - [INFO] - Eval Loss: 4.5644 | Perplexity: 96.01 | Accuracy: 26.19% | Top-5 Accuracy: 44.13%
[2025-10-23 10:49:54,025] - [INFO] - Eval Loss: 4.4584 | Perplexity: 86.35 | Accuracy: 26.55% | Top-5 Accuracy: 45.73%
[2025-10-23 10:49:56,932] - [INFO] - Eval Loss: 4.4063 | Perplexity: 81.96 | Accuracy: 26.77% | Top-5 Accuracy: 44.86%
[2025-10-23 10:50:00,019] - [INFO] - Eval Loss: 4.3390 | Perplexity: 76.63 | Accuracy: 26.91% | Top-5 Accuracy: 45.44%
[2025-10-23 10:50:02,913] - [INFO] - Eval Loss: 4.2847 | Perplexity: 72.58 | Accuracy: 27.13% | Top-5 Accuracy: 47.05%
[2025-10-23 10:50:02,913] - [INFO] - 
=== Running combination ===
[2025-10-23 10:50:02,913] - [INFO] - Embed: 128, Hidden: 256, Top fraction: 0.1, Replace: True, Context: 2
[2025-10-23 10:50:04,447] - [INFO] - Train dataset contains 2194 samples
[2025-10-23 10:50:04,447] - [INFO] - Validation dataset contains 228 samples
[2025-10-23 10:50:04,447] - [INFO] - Test dataset contains 356 samples
[2025-10-23 10:50:04,451] - [INFO] - Top 10.00% frequent words (410) out of 4103 total words
[2025-10-23 10:50:04,451] - [INFO] - The fragment to replace is 0.1521708436286622 of the 410 frequent words (8499 out of 12933)
[2025-10-23 10:50:04,479] - [INFO] - Replaced 1334 / 12933 tokens (10.31%)
[2025-10-23 10:50:04,492] - [INFO] - Replaced 114 / 1371 tokens (8.32%)
[2025-10-23 10:50:04,498] - [INFO] - Replaced 200 / 2088 tokens (9.58%)
[2025-10-23 10:50:04,500] - [INFO] - ==== Example Sentence ====
[2025-10-23 10:50:04,500] - [INFO] - Original:  30년 전쟁의 승자는 누구인가?
[2025-10-23 10:50:04,500] - [INFO] - Tokenized: ['30년', '전쟁의', '승자는', '누구인가', '?']
[2025-10-23 10:50:04,500] - [INFO] - Replaced:  ['30년', '전쟁의', '승자는', '누구인가', '<UNK']
[2025-10-23 10:50:04,500] - [INFO] - Window:    (tensor([1613,  994]), tensor(1112))
[2025-10-23 10:50:07,356] - [INFO] - Eval Loss: 7.2273 | Perplexity: 1376.49 | Accuracy: 27.28% | Top-5 Accuracy: 52.52%
[2025-10-23 10:50:10,207] - [INFO] - Eval Loss: 5.5324 | Perplexity: 252.74 | Accuracy: 32.31% | Top-5 Accuracy: 55.73%
[2025-10-23 10:50:13,063] - [INFO] - Eval Loss: 4.7108 | Perplexity: 111.14 | Accuracy: 31.15% | Top-5 Accuracy: 57.77%
[2025-10-23 10:50:15,916] - [INFO] - Eval Loss: 4.4324 | Perplexity: 84.14 | Accuracy: 31.80% | Top-5 Accuracy: 58.13%
[2025-10-23 10:50:18,770] - [INFO] - Eval Loss: 4.2596 | Perplexity: 70.78 | Accuracy: 33.41% | Top-5 Accuracy: 58.42%
[2025-10-23 10:50:21,624] - [INFO] - Eval Loss: 4.1648 | Perplexity: 64.38 | Accuracy: 33.77% | Top-5 Accuracy: 58.94%
[2025-10-23 10:50:24,476] - [INFO] - Eval Loss: 4.0942 | Perplexity: 59.99 | Accuracy: 34.79% | Top-5 Accuracy: 59.59%
[2025-10-23 10:50:27,332] - [INFO] - Eval Loss: 4.0468 | Perplexity: 57.21 | Accuracy: 34.87% | Top-5 Accuracy: 60.03%
[2025-10-23 10:50:30,186] - [INFO] - Eval Loss: 4.0136 | Perplexity: 55.35 | Accuracy: 32.75% | Top-5 Accuracy: 60.10%
[2025-10-23 10:50:33,040] - [INFO] - Eval Loss: 4.0018 | Perplexity: 54.69 | Accuracy: 33.70% | Top-5 Accuracy: 60.32%
[2025-10-23 10:50:33,041] - [INFO] - 
=== Running combination ===
[2025-10-23 10:50:33,041] - [INFO] - Embed: 128, Hidden: 256, Top fraction: 0.1, Replace: True, Context: 2
[2025-10-23 10:50:34,656] - [INFO] - Train dataset contains 2194 samples
[2025-10-23 10:50:34,656] - [INFO] - Validation dataset contains 228 samples
[2025-10-23 10:50:34,656] - [INFO] - Test dataset contains 356 samples
[2025-10-23 10:50:34,659] - [INFO] - Top 10.00% frequent words (410) out of 4103 total words
[2025-10-23 10:50:34,659] - [INFO] - The fragment to replace is 0.0760854218143311 of the 410 frequent words (8499 out of 12933)
[2025-10-23 10:50:34,688] - [INFO] - Replaced 621 / 12933 tokens (4.80%)
[2025-10-23 10:50:34,700] - [INFO] - Replaced 49 / 1371 tokens (3.57%)
[2025-10-23 10:50:34,706] - [INFO] - Replaced 92 / 2088 tokens (4.41%)
[2025-10-23 10:50:34,707] - [INFO] - ==== Example Sentence ====
[2025-10-23 10:50:34,707] - [INFO] - Original:  30년 전쟁의 승자는 누구인가?
[2025-10-23 10:50:34,707] - [INFO] - Tokenized: ['30년', '전쟁의', '승자는', '누구인가', '?']
[2025-10-23 10:50:34,707] - [INFO] - Replaced:  ['30년', '전쟁의', '승자는', '누구인가', '<UNK']
[2025-10-23 10:50:34,708] - [INFO] - Window:    (tensor([1613,  994]), tensor(1112))
[2025-10-23 10:50:37,569] - [INFO] - Eval Loss: 7.3813 | Perplexity: 1605.64 | Accuracy: 17.72% | Top-5 Accuracy: 31.22%
[2025-10-23 10:50:40,419] - [INFO] - Eval Loss: 6.0462 | Perplexity: 422.52 | Accuracy: 20.71% | Top-5 Accuracy: 53.68%
[2025-10-23 10:50:43,270] - [INFO] - Eval Loss: 5.0219 | Perplexity: 151.70 | Accuracy: 20.42% | Top-5 Accuracy: 55.22%
[2025-10-23 10:50:46,122] - [INFO] - Eval Loss: 4.5706 | Perplexity: 96.60 | Accuracy: 20.57% | Top-5 Accuracy: 55.94%
[2025-10-23 10:50:48,977] - [INFO] - Eval Loss: 4.3795 | Perplexity: 79.80 | Accuracy: 28.52% | Top-5 Accuracy: 56.24%
[2025-10-23 10:50:51,826] - [INFO] - Eval Loss: 4.2714 | Perplexity: 71.62 | Accuracy: 22.90% | Top-5 Accuracy: 56.82%
[2025-10-23 10:50:54,677] - [INFO] - Eval Loss: 4.1926 | Perplexity: 66.20 | Accuracy: 23.12% | Top-5 Accuracy: 57.11%
[2025-10-23 10:50:57,523] - [INFO] - Eval Loss: 4.1355 | Perplexity: 62.52 | Accuracy: 24.87% | Top-5 Accuracy: 58.21%
[2025-10-23 10:51:00,378] - [INFO] - Eval Loss: 4.0980 | Perplexity: 60.22 | Accuracy: 25.31% | Top-5 Accuracy: 59.01%
[2025-10-23 10:51:03,224] - [INFO] - Eval Loss: 4.0731 | Perplexity: 58.74 | Accuracy: 25.89% | Top-5 Accuracy: 59.74%
[2025-10-23 10:51:03,225] - [INFO] - 
=== Running combination ===
[2025-10-23 10:51:03,225] - [INFO] - Embed: 128, Hidden: 256, Top fraction: 0.1, Replace: True, Context: 2
[2025-10-23 10:51:04,765] - [INFO] - Train dataset contains 2194 samples
[2025-10-23 10:51:04,765] - [INFO] - Validation dataset contains 228 samples
[2025-10-23 10:51:04,765] - [INFO] - Test dataset contains 356 samples
[2025-10-23 10:51:04,768] - [INFO] - Top 10.00% frequent words (410) out of 4103 total words
[2025-10-23 10:51:04,768] - [INFO] - The fragment to replace is 0.01521708436286622 of the 410 frequent words (8499 out of 12933)
[2025-10-23 10:51:04,795] - [INFO] - Replaced 124 / 12933 tokens (0.96%)
[2025-10-23 10:51:04,984] - [INFO] - Replaced 9 / 1371 tokens (0.66%)
[2025-10-23 10:51:04,989] - [INFO] - Replaced 19 / 2088 tokens (0.91%)
[2025-10-23 10:51:04,991] - [INFO] - ==== Example Sentence ====
[2025-10-23 10:51:04,991] - [INFO] - Original:  30년 전쟁의 승자는 누구인가?
[2025-10-23 10:51:04,991] - [INFO] - Tokenized: ['30년', '전쟁의', '승자는', '누구인가', '?']
[2025-10-23 10:51:04,991] - [INFO] - Replaced:  ['30년', '전쟁의', '승자는', '누구인가', '?']
[2025-10-23 10:51:04,991] - [INFO] - Window:    (tensor([1613,  994]), tensor(1112))
[2025-10-23 10:51:07,840] - [INFO] - Eval Loss: 7.4927 | Perplexity: 1794.93 | Accuracy: 18.02% | Top-5 Accuracy: 25.53%
[2025-10-23 10:51:10,680] - [INFO] - Eval Loss: 6.4010 | Perplexity: 602.42 | Accuracy: 20.71% | Top-5 Accuracy: 31.58%
[2025-10-23 10:51:13,516] - [INFO] - Eval Loss: 5.5659 | Perplexity: 261.35 | Accuracy: 20.86% | Top-5 Accuracy: 32.53%
[2025-10-23 10:51:16,356] - [INFO] - Eval Loss: 5.1051 | Perplexity: 164.87 | Accuracy: 20.86% | Top-5 Accuracy: 32.97%
[2025-10-23 10:51:19,192] - [INFO] - Eval Loss: 4.8216 | Perplexity: 124.16 | Accuracy: 22.25% | Top-5 Accuracy: 33.92%
[2025-10-23 10:51:22,024] - [INFO] - Eval Loss: 4.6369 | Perplexity: 103.23 | Accuracy: 22.68% | Top-5 Accuracy: 34.79%
[2025-10-23 10:51:24,860] - [INFO] - Eval Loss: 4.5018 | Perplexity: 90.18 | Accuracy: 22.76% | Top-5 Accuracy: 35.89%
[2025-10-23 10:51:27,695] - [INFO] - Eval Loss: 4.4124 | Perplexity: 82.47 | Accuracy: 23.78% | Top-5 Accuracy: 36.40%
[2025-10-23 10:51:30,540] - [INFO] - Eval Loss: 4.3519 | Perplexity: 77.63 | Accuracy: 24.22% | Top-5 Accuracy: 37.20%
[2025-10-23 10:51:33,373] - [INFO] - Eval Loss: 4.3105 | Perplexity: 74.47 | Accuracy: 24.43% | Top-5 Accuracy: 37.93%
[2025-10-23 10:51:33,373] - [INFO] - 
=== Running combination ===
[2025-10-23 10:51:33,373] - [INFO] - Embed: 128, Hidden: 256, Top fraction: 0.1, Replace: False, Context: 5
[2025-10-23 10:51:34,895] - [INFO] - Train dataset contains 2194 samples
[2025-10-23 10:51:34,896] - [INFO] - Validation dataset contains 228 samples
[2025-10-23 10:51:34,896] - [INFO] - Test dataset contains 356 samples
[2025-10-23 10:51:34,899] - [INFO] - Top 10.00% frequent words (410) out of 4103 total words
[2025-10-23 10:51:34,899] - [INFO] - The fragment to replace is 3.1543902439024394 of the 410 frequent words (410 out of 12933)
[2025-10-23 10:51:34,925] - [INFO] - Replaced 410 / 12933 tokens (3.17%)
[2025-10-23 10:51:34,942] - [INFO] - Replaced 14 / 1371 tokens (1.02%)
[2025-10-23 10:51:34,948] - [INFO] - Replaced 29 / 2088 tokens (1.39%)
[2025-10-23 10:51:34,951] - [INFO] - ==== Example Sentence ====
[2025-10-23 10:51:34,951] - [INFO] - Original:  30년 전쟁의 승자는 누구인가?
[2025-10-23 10:51:34,951] - [INFO] - Tokenized: ['30년', '전쟁의', '승자는', '누구인가', '?']
[2025-10-23 10:51:34,951] - [INFO] - Replaced:  ['30년', '전쟁의', '<UNK', '누구인가', '?']
[2025-10-23 10:51:34,951] - [INFO] - Window:    (tensor([1613,  994, 1112, 1957, 3970]), tensor(1119))
[2025-10-23 10:51:37,851] - [INFO] - Eval Loss: 5.7799 | Perplexity: 323.72 | Accuracy: 19.33% | Top-5 Accuracy: 52.81%
[2025-10-23 10:51:40,743] - [INFO] - Eval Loss: 4.7524 | Perplexity: 115.86 | Accuracy: 34.87% | Top-5 Accuracy: 55.43%
[2025-10-23 10:51:43,630] - [INFO] - Eval Loss: 4.4369 | Perplexity: 84.51 | Accuracy: 36.83% | Top-5 Accuracy: 56.67%
[2025-10-23 10:51:46,520] - [INFO] - Eval Loss: 4.2279 | Perplexity: 68.57 | Accuracy: 37.35% | Top-5 Accuracy: 57.84%
[2025-10-23 10:51:49,418] - [INFO] - Eval Loss: 4.1017 | Perplexity: 60.44 | Accuracy: 38.07% | Top-5 Accuracy: 58.64%
[2025-10-23 10:51:52,309] - [INFO] - Eval Loss: 4.0137 | Perplexity: 55.35 | Accuracy: 39.02% | Top-5 Accuracy: 59.23%
[2025-10-23 10:51:55,197] - [INFO] - Eval Loss: 3.9337 | Perplexity: 51.09 | Accuracy: 39.53% | Top-5 Accuracy: 59.81%
[2025-10-23 10:51:58,087] - [INFO] - Eval Loss: 3.9041 | Perplexity: 49.60 | Accuracy: 39.53% | Top-5 Accuracy: 59.45%
[2025-10-23 10:52:00,989] - [INFO] - Eval Loss: 3.8523 | Perplexity: 47.10 | Accuracy: 33.77% | Top-5 Accuracy: 59.59%
[2025-10-23 10:52:03,878] - [INFO] - Eval Loss: 3.7933 | Perplexity: 44.40 | Accuracy: 40.12% | Top-5 Accuracy: 60.32%
[2025-10-23 10:52:03,878] - [INFO] - 
=== Running combination ===
[2025-10-23 10:52:03,878] - [INFO] - Embed: 128, Hidden: 256, Top fraction: 0.1, Replace: False, Context: 5
[2025-10-23 10:52:05,442] - [INFO] - Train dataset contains 2194 samples
[2025-10-23 10:52:05,442] - [INFO] - Validation dataset contains 228 samples
[2025-10-23 10:52:05,442] - [INFO] - Test dataset contains 356 samples
[2025-10-23 10:52:05,445] - [INFO] - Top 10.00% frequent words (410) out of 4103 total words
[2025-10-23 10:52:05,445] - [INFO] - The fragment to replace is 1.5771951219512197 of the 410 frequent words (410 out of 12933)
[2025-10-23 10:52:05,473] - [INFO] - Replaced 410 / 12933 tokens (3.17%)
[2025-10-23 10:52:05,489] - [INFO] - Replaced 14 / 1371 tokens (1.02%)
[2025-10-23 10:52:05,495] - [INFO] - Replaced 29 / 2088 tokens (1.39%)
[2025-10-23 10:52:05,497] - [INFO] - ==== Example Sentence ====
[2025-10-23 10:52:05,497] - [INFO] - Original:  30년 전쟁의 승자는 누구인가?
[2025-10-23 10:52:05,497] - [INFO] - Tokenized: ['30년', '전쟁의', '승자는', '누구인가', '?']
[2025-10-23 10:52:05,497] - [INFO] - Replaced:  ['30년', '전쟁의', '<UNK', '누구인가', '?']
[2025-10-23 10:52:05,497] - [INFO] - Window:    (tensor([1613,  994, 1112, 1957, 3970]), tensor(1119))
[2025-10-23 10:52:08,398] - [INFO] - Eval Loss: 5.7799 | Perplexity: 323.72 | Accuracy: 19.33% | Top-5 Accuracy: 52.81%
[2025-10-23 10:52:11,283] - [INFO] - Eval Loss: 4.7524 | Perplexity: 115.86 | Accuracy: 34.87% | Top-5 Accuracy: 55.43%
[2025-10-23 10:52:14,171] - [INFO] - Eval Loss: 4.4369 | Perplexity: 84.51 | Accuracy: 36.83% | Top-5 Accuracy: 56.67%
[2025-10-23 10:52:17,057] - [INFO] - Eval Loss: 4.2279 | Perplexity: 68.57 | Accuracy: 37.35% | Top-5 Accuracy: 57.84%
[2025-10-23 10:52:19,945] - [INFO] - Eval Loss: 4.1017 | Perplexity: 60.44 | Accuracy: 38.07% | Top-5 Accuracy: 58.64%
[2025-10-23 10:52:22,829] - [INFO] - Eval Loss: 4.0137 | Perplexity: 55.35 | Accuracy: 39.02% | Top-5 Accuracy: 59.23%
[2025-10-23 10:52:25,716] - [INFO] - Eval Loss: 3.9337 | Perplexity: 51.09 | Accuracy: 39.53% | Top-5 Accuracy: 59.81%
[2025-10-23 10:52:28,599] - [INFO] - Eval Loss: 3.9041 | Perplexity: 49.60 | Accuracy: 39.53% | Top-5 Accuracy: 59.45%
[2025-10-23 10:52:31,481] - [INFO] - Eval Loss: 3.8523 | Perplexity: 47.10 | Accuracy: 33.77% | Top-5 Accuracy: 59.59%
[2025-10-23 10:52:34,377] - [INFO] - Eval Loss: 3.7933 | Perplexity: 44.40 | Accuracy: 40.12% | Top-5 Accuracy: 60.32%
[2025-10-23 10:52:34,377] - [INFO] - 
=== Running combination ===
[2025-10-23 10:52:34,377] - [INFO] - Embed: 128, Hidden: 256, Top fraction: 0.1, Replace: False, Context: 5
[2025-10-23 10:52:35,966] - [INFO] - Train dataset contains 2194 samples
[2025-10-23 10:52:35,966] - [INFO] - Validation dataset contains 228 samples
[2025-10-23 10:52:35,966] - [INFO] - Test dataset contains 356 samples
[2025-10-23 10:52:35,969] - [INFO] - Top 10.00% frequent words (410) out of 4103 total words
[2025-10-23 10:52:35,969] - [INFO] - The fragment to replace is 0.31543902439024396 of the 410 frequent words (410 out of 12933)
[2025-10-23 10:52:35,995] - [INFO] - Replaced 141 / 12933 tokens (1.09%)
[2025-10-23 10:52:36,188] - [INFO] - Replaced 5 / 1371 tokens (0.36%)
[2025-10-23 10:52:36,194] - [INFO] - Replaced 13 / 2088 tokens (0.62%)
[2025-10-23 10:52:36,196] - [INFO] - ==== Example Sentence ====
[2025-10-23 10:52:36,196] - [INFO] - Original:  30년 전쟁의 승자는 누구인가?
[2025-10-23 10:52:36,196] - [INFO] - Tokenized: ['30년', '전쟁의', '승자는', '누구인가', '?']
[2025-10-23 10:52:36,196] - [INFO] - Replaced:  ['30년', '전쟁의', '<UNK', '누구인가', '?']
[2025-10-23 10:52:36,197] - [INFO] - Window:    (tensor([1613,  994, 1112, 1957, 3970]), tensor(1119))
[2025-10-23 10:52:39,085] - [INFO] - Eval Loss: 6.3490 | Perplexity: 571.90 | Accuracy: 19.33% | Top-5 Accuracy: 32.09%
[2025-10-23 10:52:41,956] - [INFO] - Eval Loss: 5.2384 | Perplexity: 188.38 | Accuracy: 22.61% | Top-5 Accuracy: 33.63%
[2025-10-23 10:52:44,831] - [INFO] - Eval Loss: 4.8804 | Perplexity: 131.68 | Accuracy: 23.34% | Top-5 Accuracy: 49.45%
[2025-10-23 10:52:47,708] - [INFO] - Eval Loss: 4.6758 | Perplexity: 107.32 | Accuracy: 24.95% | Top-5 Accuracy: 52.88%
[2025-10-23 10:52:50,583] - [INFO] - Eval Loss: 4.5262 | Perplexity: 92.41 | Accuracy: 25.82% | Top-5 Accuracy: 53.39%
[2025-10-23 10:52:53,463] - [INFO] - Eval Loss: 4.4178 | Perplexity: 82.92 | Accuracy: 26.55% | Top-5 Accuracy: 53.10%
[2025-10-23 10:52:56,338] - [INFO] - Eval Loss: 4.3080 | Perplexity: 74.29 | Accuracy: 26.84% | Top-5 Accuracy: 55.00%
[2025-10-23 10:52:59,216] - [INFO] - Eval Loss: 4.2654 | Perplexity: 71.19 | Accuracy: 27.28% | Top-5 Accuracy: 53.98%
[2025-10-23 10:53:02,092] - [INFO] - Eval Loss: 4.1873 | Perplexity: 65.85 | Accuracy: 27.35% | Top-5 Accuracy: 55.07%
[2025-10-23 10:53:04,967] - [INFO] - Eval Loss: 4.1302 | Perplexity: 62.19 | Accuracy: 27.79% | Top-5 Accuracy: 56.38%
[2025-10-23 10:53:04,967] - [INFO] - 
=== Running combination ===
[2025-10-23 10:53:04,967] - [INFO] - Embed: 128, Hidden: 256, Top fraction: 0.1, Replace: False, Context: 2
[2025-10-23 10:53:06,489] - [INFO] - Train dataset contains 2194 samples
[2025-10-23 10:53:06,489] - [INFO] - Validation dataset contains 228 samples
[2025-10-23 10:53:06,489] - [INFO] - Test dataset contains 356 samples
[2025-10-23 10:53:06,492] - [INFO] - Top 10.00% frequent words (410) out of 4103 total words
[2025-10-23 10:53:06,492] - [INFO] - The fragment to replace is 3.1543902439024394 of the 410 frequent words (410 out of 12933)
[2025-10-23 10:53:06,518] - [INFO] - Replaced 410 / 12933 tokens (3.17%)
[2025-10-23 10:53:06,531] - [INFO] - Replaced 14 / 1371 tokens (1.02%)
[2025-10-23 10:53:06,536] - [INFO] - Replaced 29 / 2088 tokens (1.39%)
[2025-10-23 10:53:06,538] - [INFO] - ==== Example Sentence ====
[2025-10-23 10:53:06,538] - [INFO] - Original:  30년 전쟁의 승자는 누구인가?
[2025-10-23 10:53:06,538] - [INFO] - Tokenized: ['30년', '전쟁의', '승자는', '누구인가', '?']
[2025-10-23 10:53:06,538] - [INFO] - Replaced:  ['30년', '전쟁의', '<UNK', '누구인가', '?']
[2025-10-23 10:53:06,539] - [INFO] - Window:    (tensor([1613,  994]), tensor(1112))
[2025-10-23 10:53:09,385] - [INFO] - Eval Loss: 7.2797 | Perplexity: 1450.61 | Accuracy: 18.60% | Top-5 Accuracy: 43.40%
[2025-10-23 10:53:12,219] - [INFO] - Eval Loss: 5.8126 | Perplexity: 334.50 | Accuracy: 23.49% | Top-5 Accuracy: 52.66%
[2025-10-23 10:53:15,051] - [INFO] - Eval Loss: 4.8173 | Perplexity: 123.63 | Accuracy: 26.04% | Top-5 Accuracy: 54.56%
[2025-10-23 10:53:17,881] - [INFO] - Eval Loss: 4.3961 | Perplexity: 81.13 | Accuracy: 33.11% | Top-5 Accuracy: 55.07%
[2025-10-23 10:53:20,716] - [INFO] - Eval Loss: 4.2003 | Perplexity: 66.70 | Accuracy: 34.06% | Top-5 Accuracy: 56.02%
[2025-10-23 10:53:23,546] - [INFO] - Eval Loss: 4.0994 | Perplexity: 60.30 | Accuracy: 35.30% | Top-5 Accuracy: 56.31%
[2025-10-23 10:53:26,380] - [INFO] - Eval Loss: 4.0147 | Perplexity: 55.41 | Accuracy: 35.67% | Top-5 Accuracy: 56.97%
[2025-10-23 10:53:29,217] - [INFO] - Eval Loss: 3.9497 | Perplexity: 51.92 | Accuracy: 36.76% | Top-5 Accuracy: 58.13%
[2025-10-23 10:53:32,053] - [INFO] - Eval Loss: 3.9023 | Perplexity: 49.52 | Accuracy: 30.63% | Top-5 Accuracy: 58.35%
[2025-10-23 10:53:34,901] - [INFO] - Eval Loss: 3.8632 | Perplexity: 47.62 | Accuracy: 38.00% | Top-5 Accuracy: 58.57%
[2025-10-23 10:53:34,901] - [INFO] - 
=== Running combination ===
[2025-10-23 10:53:34,901] - [INFO] - Embed: 128, Hidden: 256, Top fraction: 0.1, Replace: False, Context: 2
[2025-10-23 10:53:36,434] - [INFO] - Train dataset contains 2194 samples
[2025-10-23 10:53:36,434] - [INFO] - Validation dataset contains 228 samples
[2025-10-23 10:53:36,434] - [INFO] - Test dataset contains 356 samples
[2025-10-23 10:53:36,437] - [INFO] - Top 10.00% frequent words (410) out of 4103 total words
[2025-10-23 10:53:36,437] - [INFO] - The fragment to replace is 1.5771951219512197 of the 410 frequent words (410 out of 12933)
[2025-10-23 10:53:36,465] - [INFO] - Replaced 410 / 12933 tokens (3.17%)
[2025-10-23 10:53:36,477] - [INFO] - Replaced 14 / 1371 tokens (1.02%)
[2025-10-23 10:53:36,483] - [INFO] - Replaced 29 / 2088 tokens (1.39%)
[2025-10-23 10:53:36,484] - [INFO] - ==== Example Sentence ====
[2025-10-23 10:53:36,484] - [INFO] - Original:  30년 전쟁의 승자는 누구인가?
[2025-10-23 10:53:36,484] - [INFO] - Tokenized: ['30년', '전쟁의', '승자는', '누구인가', '?']
[2025-10-23 10:53:36,484] - [INFO] - Replaced:  ['30년', '전쟁의', '<UNK', '누구인가', '?']
[2025-10-23 10:53:36,484] - [INFO] - Window:    (tensor([1613,  994]), tensor(1112))
[2025-10-23 10:53:39,333] - [INFO] - Eval Loss: 7.2797 | Perplexity: 1450.61 | Accuracy: 18.60% | Top-5 Accuracy: 43.40%
[2025-10-23 10:53:42,165] - [INFO] - Eval Loss: 5.8126 | Perplexity: 334.50 | Accuracy: 23.49% | Top-5 Accuracy: 52.66%
[2025-10-23 10:53:44,995] - [INFO] - Eval Loss: 4.8173 | Perplexity: 123.63 | Accuracy: 26.04% | Top-5 Accuracy: 54.56%
[2025-10-23 10:53:47,831] - [INFO] - Eval Loss: 4.3961 | Perplexity: 81.13 | Accuracy: 33.11% | Top-5 Accuracy: 55.07%
[2025-10-23 10:53:50,667] - [INFO] - Eval Loss: 4.2003 | Perplexity: 66.70 | Accuracy: 34.06% | Top-5 Accuracy: 56.02%
[2025-10-23 10:53:53,501] - [INFO] - Eval Loss: 4.0994 | Perplexity: 60.30 | Accuracy: 35.30% | Top-5 Accuracy: 56.31%
[2025-10-23 10:53:56,336] - [INFO] - Eval Loss: 4.0147 | Perplexity: 55.41 | Accuracy: 35.67% | Top-5 Accuracy: 56.97%
[2025-10-23 10:53:59,169] - [INFO] - Eval Loss: 3.9497 | Perplexity: 51.92 | Accuracy: 36.76% | Top-5 Accuracy: 58.13%
[2025-10-23 10:54:01,997] - [INFO] - Eval Loss: 3.9023 | Perplexity: 49.52 | Accuracy: 30.63% | Top-5 Accuracy: 58.35%
[2025-10-23 10:54:04,829] - [INFO] - Eval Loss: 3.8632 | Perplexity: 47.62 | Accuracy: 38.00% | Top-5 Accuracy: 58.57%
[2025-10-23 10:54:04,830] - [INFO] - 
=== Running combination ===
[2025-10-23 10:54:04,830] - [INFO] - Embed: 128, Hidden: 256, Top fraction: 0.1, Replace: False, Context: 2
[2025-10-23 10:54:06,418] - [INFO] - Train dataset contains 2194 samples
[2025-10-23 10:54:06,418] - [INFO] - Validation dataset contains 228 samples
[2025-10-23 10:54:06,418] - [INFO] - Test dataset contains 356 samples
[2025-10-23 10:54:06,421] - [INFO] - Top 10.00% frequent words (410) out of 4103 total words
[2025-10-23 10:54:06,421] - [INFO] - The fragment to replace is 0.31543902439024396 of the 410 frequent words (410 out of 12933)
[2025-10-23 10:54:06,447] - [INFO] - Replaced 141 / 12933 tokens (1.09%)
[2025-10-23 10:54:06,621] - [INFO] - Replaced 5 / 1371 tokens (0.36%)
[2025-10-23 10:54:06,626] - [INFO] - Replaced 13 / 2088 tokens (0.62%)
[2025-10-23 10:54:06,627] - [INFO] - ==== Example Sentence ====
[2025-10-23 10:54:06,627] - [INFO] - Original:  30년 전쟁의 승자는 누구인가?
[2025-10-23 10:54:06,627] - [INFO] - Tokenized: ['30년', '전쟁의', '승자는', '누구인가', '?']
[2025-10-23 10:54:06,627] - [INFO] - Replaced:  ['30년', '전쟁의', '<UNK', '누구인가', '?']
[2025-10-23 10:54:06,628] - [INFO] - Window:    (tensor([1613,  994]), tensor(1112))
[2025-10-23 10:54:09,489] - [INFO] - Eval Loss: 7.4412 | Perplexity: 1704.80 | Accuracy: 19.26% | Top-5 Accuracy: 26.33%
[2025-10-23 10:54:12,331] - [INFO] - Eval Loss: 6.2751 | Perplexity: 531.20 | Accuracy: 20.93% | Top-5 Accuracy: 32.09%
[2025-10-23 10:54:15,178] - [INFO] - Eval Loss: 5.4125 | Perplexity: 224.20 | Accuracy: 20.93% | Top-5 Accuracy: 32.68%
[2025-10-23 10:54:18,023] - [INFO] - Eval Loss: 4.9407 | Perplexity: 139.87 | Accuracy: 21.15% | Top-5 Accuracy: 33.26%
[2025-10-23 10:54:20,866] - [INFO] - Eval Loss: 4.6569 | Perplexity: 105.31 | Accuracy: 22.39% | Top-5 Accuracy: 34.65%
[2025-10-23 10:54:23,710] - [INFO] - Eval Loss: 4.4786 | Perplexity: 88.11 | Accuracy: 22.39% | Top-5 Accuracy: 45.59%
[2025-10-23 10:54:26,553] - [INFO] - Eval Loss: 4.3534 | Perplexity: 77.74 | Accuracy: 22.68% | Top-5 Accuracy: 46.46%
[2025-10-23 10:54:29,400] - [INFO] - Eval Loss: 4.2645 | Perplexity: 71.13 | Accuracy: 23.56% | Top-5 Accuracy: 47.12%
[2025-10-23 10:54:32,244] - [INFO] - Eval Loss: 4.2012 | Perplexity: 66.77 | Accuracy: 24.07% | Top-5 Accuracy: 47.92%
[2025-10-23 10:54:35,088] - [INFO] - Eval Loss: 4.1559 | Perplexity: 63.81 | Accuracy: 24.95% | Top-5 Accuracy: 51.35%
[2025-10-23 10:54:35,088] - [INFO] - 
=== Running combination ===
[2025-10-23 10:54:35,088] - [INFO] - Embed: 128, Hidden: 512, Top fraction: 0.01, Replace: True, Context: 5
[2025-10-23 10:54:36,843] - [INFO] - Train dataset contains 2194 samples
[2025-10-23 10:54:36,843] - [INFO] - Validation dataset contains 228 samples
[2025-10-23 10:54:36,843] - [INFO] - Test dataset contains 356 samples
[2025-10-23 10:54:36,846] - [INFO] - Top 1.00% frequent words (41) out of 4103 total words
[2025-10-23 10:54:36,846] - [INFO] - The fragment to replace is 0.21976210705182672 of the 41 frequent words (5885 out of 12933)
[2025-10-23 10:54:36,874] - [INFO] - Replaced 1308 / 12933 tokens (10.11%)
[2025-10-23 10:54:36,891] - [INFO] - Replaced 152 / 1371 tokens (11.09%)
[2025-10-23 10:54:36,897] - [INFO] - Replaced 213 / 2088 tokens (10.20%)
[2025-10-23 10:54:36,900] - [INFO] - ==== Example Sentence ====
[2025-10-23 10:54:36,900] - [INFO] - Original:  30년 전쟁의 승자는 누구인가?
[2025-10-23 10:54:36,900] - [INFO] - Tokenized: ['30년', '전쟁의', '승자는', '누구인가', '?']
[2025-10-23 10:54:36,900] - [INFO] - Replaced:  ['30년', '전쟁의', '승자는', '누구인가', '?']
[2025-10-23 10:54:36,900] - [INFO] - Window:    (tensor([1613,  994, 1112, 2172, 3970]), tensor(1119))
[2025-10-23 10:54:38,174] - [INFO] - Eval Loss: 5.0921 | Perplexity: 162.73 | Accuracy: 25.24% | Top-5 Accuracy: 56.24%
[2025-10-23 10:54:39,404] - [INFO] - Eval Loss: 4.5932 | Perplexity: 98.81 | Accuracy: 26.11% | Top-5 Accuracy: 58.57%
[2025-10-23 10:54:40,647] - [INFO] - Eval Loss: 4.3501 | Perplexity: 77.49 | Accuracy: 31.22% | Top-5 Accuracy: 58.57%
[2025-10-23 10:54:41,837] - [INFO] - Eval Loss: 4.2918 | Perplexity: 73.10 | Accuracy: 24.07% | Top-5 Accuracy: 59.45%
[2025-10-23 10:54:43,026] - [INFO] - Eval Loss: 4.1803 | Perplexity: 65.38 | Accuracy: 24.87% | Top-5 Accuracy: 59.66%
[2025-10-23 10:54:44,220] - [INFO] - Eval Loss: 4.1751 | Perplexity: 65.05 | Accuracy: 25.09% | Top-5 Accuracy: 59.74%
[2025-10-23 10:54:45,426] - [INFO] - Eval Loss: 4.1047 | Perplexity: 60.63 | Accuracy: 25.67% | Top-5 Accuracy: 60.25%
[2025-10-23 10:54:46,623] - [INFO] - Eval Loss: 4.0636 | Perplexity: 58.18 | Accuracy: 26.33% | Top-5 Accuracy: 60.54%
[2025-10-23 10:54:47,808] - [INFO] - Eval Loss: 4.0500 | Perplexity: 57.40 | Accuracy: 27.06% | Top-5 Accuracy: 60.83%
[2025-10-23 10:54:49,024] - [INFO] - Eval Loss: 4.0580 | Perplexity: 57.86 | Accuracy: 27.06% | Top-5 Accuracy: 60.76%
[2025-10-23 10:54:49,024] - [INFO] - 
=== Running combination ===
[2025-10-23 10:54:49,024] - [INFO] - Embed: 128, Hidden: 512, Top fraction: 0.01, Replace: True, Context: 5
[2025-10-23 10:54:50,537] - [INFO] - Train dataset contains 2194 samples
[2025-10-23 10:54:50,538] - [INFO] - Validation dataset contains 228 samples
[2025-10-23 10:54:50,538] - [INFO] - Test dataset contains 356 samples
[2025-10-23 10:54:50,541] - [INFO] - Top 1.00% frequent words (41) out of 4103 total words
[2025-10-23 10:54:50,541] - [INFO] - The fragment to replace is 0.10988105352591336 of the 41 frequent words (5885 out of 12933)
[2025-10-23 10:54:50,568] - [INFO] - Replaced 642 / 12933 tokens (4.96%)
[2025-10-23 10:54:50,585] - [INFO] - Replaced 75 / 1371 tokens (5.47%)
[2025-10-23 10:54:50,591] - [INFO] - Replaced 111 / 2088 tokens (5.32%)
[2025-10-23 10:54:50,593] - [INFO] - ==== Example Sentence ====
[2025-10-23 10:54:50,593] - [INFO] - Original:  30년 전쟁의 승자는 누구인가?
[2025-10-23 10:54:50,593] - [INFO] - Tokenized: ['30년', '전쟁의', '승자는', '누구인가', '?']
[2025-10-23 10:54:50,593] - [INFO] - Replaced:  ['30년', '전쟁의', '승자는', '누구인가', '?']
[2025-10-23 10:54:50,593] - [INFO] - Window:    (tensor([1613,  994, 1112, 2172, 3970]), tensor(1119))
[2025-10-23 10:54:53,517] - [INFO] - Eval Loss: 5.2979 | Perplexity: 199.92 | Accuracy: 17.80% | Top-5 Accuracy: 54.78%
[2025-10-23 10:54:56,419] - [INFO] - Eval Loss: 4.7628 | Perplexity: 117.07 | Accuracy: 21.81% | Top-5 Accuracy: 57.62%
[2025-10-23 10:54:59,322] - [INFO] - Eval Loss: 4.4782 | Perplexity: 88.08 | Accuracy: 24.43% | Top-5 Accuracy: 58.42%
[2025-10-23 10:55:02,229] - [INFO] - Eval Loss: 4.3899 | Perplexity: 80.63 | Accuracy: 22.98% | Top-5 Accuracy: 58.72%
[2025-10-23 10:55:05,133] - [INFO] - Eval Loss: 4.2773 | Perplexity: 72.05 | Accuracy: 23.27% | Top-5 Accuracy: 59.37%
[2025-10-23 10:55:08,037] - [INFO] - Eval Loss: 4.2428 | Perplexity: 69.60 | Accuracy: 24.29% | Top-5 Accuracy: 59.88%
[2025-10-23 10:55:10,940] - [INFO] - Eval Loss: 4.1709 | Perplexity: 64.78 | Accuracy: 24.87% | Top-5 Accuracy: 59.88%
[2025-10-23 10:55:13,842] - [INFO] - Eval Loss: 4.1152 | Perplexity: 61.27 | Accuracy: 25.24% | Top-5 Accuracy: 60.54%
[2025-10-23 10:55:16,755] - [INFO] - Eval Loss: 4.1124 | Perplexity: 61.09 | Accuracy: 25.31% | Top-5 Accuracy: 60.32%
[2025-10-23 10:55:19,658] - [INFO] - Eval Loss: 4.1070 | Perplexity: 60.76 | Accuracy: 25.46% | Top-5 Accuracy: 60.76%
[2025-10-23 10:55:19,658] - [INFO] - 
=== Running combination ===
[2025-10-23 10:55:19,658] - [INFO] - Embed: 128, Hidden: 512, Top fraction: 0.01, Replace: True, Context: 5
[2025-10-23 10:55:21,174] - [INFO] - Train dataset contains 2194 samples
[2025-10-23 10:55:21,175] - [INFO] - Validation dataset contains 228 samples
[2025-10-23 10:55:21,175] - [INFO] - Test dataset contains 356 samples
[2025-10-23 10:55:21,177] - [INFO] - Top 1.00% frequent words (41) out of 4103 total words
[2025-10-23 10:55:21,178] - [INFO] - The fragment to replace is 0.02197621070518267 of the 41 frequent words (5885 out of 12933)
[2025-10-23 10:55:21,204] - [INFO] - Replaced 121 / 12933 tokens (0.94%)
[2025-10-23 10:55:21,373] - [INFO] - Replaced 15 / 1371 tokens (1.09%)
[2025-10-23 10:55:21,379] - [INFO] - Replaced 22 / 2088 tokens (1.05%)
[2025-10-23 10:55:21,381] - [INFO] - ==== Example Sentence ====
[2025-10-23 10:55:21,381] - [INFO] - Original:  30년 전쟁의 승자는 누구인가?
[2025-10-23 10:55:21,381] - [INFO] - Tokenized: ['30년', '전쟁의', '승자는', '누구인가', '?']
[2025-10-23 10:55:21,381] - [INFO] - Replaced:  ['30년', '전쟁의', '승자는', '누구인가', '?']
[2025-10-23 10:55:21,381] - [INFO] - Window:    (tensor([1613,  994, 1112, 2172, 3970]), tensor(1119))
[2025-10-23 10:55:24,294] - [INFO] - Eval Loss: 5.6977 | Perplexity: 298.19 | Accuracy: 20.28% | Top-5 Accuracy: 31.58%
[2025-10-23 10:55:27,183] - [INFO] - Eval Loss: 5.0603 | Perplexity: 157.64 | Accuracy: 22.39% | Top-5 Accuracy: 34.50%
[2025-10-23 10:55:30,069] - [INFO] - Eval Loss: 4.7540 | Perplexity: 116.05 | Accuracy: 24.43% | Top-5 Accuracy: 37.05%
[2025-10-23 10:55:32,955] - [INFO] - Eval Loss: 4.6144 | Perplexity: 100.92 | Accuracy: 24.95% | Top-5 Accuracy: 38.66%
[2025-10-23 10:55:35,842] - [INFO] - Eval Loss: 4.4763 | Perplexity: 87.91 | Accuracy: 26.04% | Top-5 Accuracy: 39.97%
[2025-10-23 10:55:38,729] - [INFO] - Eval Loss: 4.4166 | Perplexity: 82.82 | Accuracy: 26.40% | Top-5 Accuracy: 40.12%
[2025-10-23 10:55:41,622] - [INFO] - Eval Loss: 4.3473 | Perplexity: 77.27 | Accuracy: 26.70% | Top-5 Accuracy: 41.43%
[2025-10-23 10:55:44,510] - [INFO] - Eval Loss: 4.2860 | Perplexity: 72.68 | Accuracy: 26.62% | Top-5 Accuracy: 41.72%
[2025-10-23 10:55:47,409] - [INFO] - Eval Loss: 4.2666 | Perplexity: 71.28 | Accuracy: 26.84% | Top-5 Accuracy: 42.23%
[2025-10-23 10:55:50,297] - [INFO] - Eval Loss: 4.2374 | Perplexity: 69.23 | Accuracy: 27.21% | Top-5 Accuracy: 42.96%
[2025-10-23 10:55:50,298] - [INFO] - 
=== Running combination ===
[2025-10-23 10:55:50,298] - [INFO] - Embed: 128, Hidden: 512, Top fraction: 0.01, Replace: True, Context: 2
[2025-10-23 10:55:51,894] - [INFO] - Train dataset contains 2194 samples
[2025-10-23 10:55:51,894] - [INFO] - Validation dataset contains 228 samples
[2025-10-23 10:55:51,894] - [INFO] - Test dataset contains 356 samples
[2025-10-23 10:55:51,897] - [INFO] - Top 1.00% frequent words (41) out of 4103 total words
[2025-10-23 10:55:51,897] - [INFO] - The fragment to replace is 0.21976210705182672 of the 41 frequent words (5885 out of 12933)
[2025-10-23 10:55:51,925] - [INFO] - Replaced 1308 / 12933 tokens (10.11%)
[2025-10-23 10:55:51,939] - [INFO] - Replaced 152 / 1371 tokens (11.09%)
[2025-10-23 10:55:51,944] - [INFO] - Replaced 213 / 2088 tokens (10.20%)
[2025-10-23 10:55:51,946] - [INFO] - ==== Example Sentence ====
[2025-10-23 10:55:51,946] - [INFO] - Original:  30년 전쟁의 승자는 누구인가?
[2025-10-23 10:55:51,946] - [INFO] - Tokenized: ['30년', '전쟁의', '승자는', '누구인가', '?']
[2025-10-23 10:55:51,946] - [INFO] - Replaced:  ['30년', '전쟁의', '승자는', '누구인가', '?']
[2025-10-23 10:55:51,946] - [INFO] - Window:    (tensor([1613,  994]), tensor(1112))
[2025-10-23 10:55:54,847] - [INFO] - Eval Loss: 6.2485 | Perplexity: 517.25 | Accuracy: 29.69% | Top-5 Accuracy: 55.07%
[2025-10-23 10:55:57,735] - [INFO] - Eval Loss: 4.6854 | Perplexity: 108.36 | Accuracy: 29.10% | Top-5 Accuracy: 56.60%
[2025-10-23 10:56:00,624] - [INFO] - Eval Loss: 4.3718 | Perplexity: 79.18 | Accuracy: 29.69% | Top-5 Accuracy: 57.40%
[2025-10-23 10:56:03,512] - [INFO] - Eval Loss: 4.2543 | Perplexity: 70.41 | Accuracy: 30.63% | Top-5 Accuracy: 58.57%
[2025-10-23 10:56:06,396] - [INFO] - Eval Loss: 4.1816 | Perplexity: 65.47 | Accuracy: 21.59% | Top-5 Accuracy: 58.50%
[2025-10-23 10:56:09,286] - [INFO] - Eval Loss: 4.1541 | Perplexity: 63.70 | Accuracy: 21.74% | Top-5 Accuracy: 59.01%
[2025-10-23 10:56:12,178] - [INFO] - Eval Loss: 4.1296 | Perplexity: 62.16 | Accuracy: 21.66% | Top-5 Accuracy: 59.52%
[2025-10-23 10:56:15,070] - [INFO] - Eval Loss: 4.1280 | Perplexity: 62.05 | Accuracy: 22.03% | Top-5 Accuracy: 59.96%
[2025-10-23 10:56:17,954] - [INFO] - Eval Loss: 4.1314 | Perplexity: 62.27 | Accuracy: 22.17% | Top-5 Accuracy: 61.12%
[2025-10-23 10:56:20,843] - [INFO] - Eval Loss: 4.1353 | Perplexity: 62.51 | Accuracy: 22.68% | Top-5 Accuracy: 61.27%
[2025-10-23 10:56:20,843] - [INFO] - 
=== Running combination ===
[2025-10-23 10:56:20,843] - [INFO] - Embed: 128, Hidden: 512, Top fraction: 0.01, Replace: True, Context: 2
[2025-10-23 10:56:22,346] - [INFO] - Train dataset contains 2194 samples
[2025-10-23 10:56:22,346] - [INFO] - Validation dataset contains 228 samples
[2025-10-23 10:56:22,346] - [INFO] - Test dataset contains 356 samples
[2025-10-23 10:56:22,349] - [INFO] - Top 1.00% frequent words (41) out of 4103 total words
[2025-10-23 10:56:22,349] - [INFO] - The fragment to replace is 0.10988105352591336 of the 41 frequent words (5885 out of 12933)
[2025-10-23 10:56:22,377] - [INFO] - Replaced 642 / 12933 tokens (4.96%)
[2025-10-23 10:56:22,390] - [INFO] - Replaced 75 / 1371 tokens (5.47%)
[2025-10-23 10:56:22,396] - [INFO] - Replaced 111 / 2088 tokens (5.32%)
[2025-10-23 10:56:22,397] - [INFO] - ==== Example Sentence ====
[2025-10-23 10:56:22,397] - [INFO] - Original:  30년 전쟁의 승자는 누구인가?
[2025-10-23 10:56:22,397] - [INFO] - Tokenized: ['30년', '전쟁의', '승자는', '누구인가', '?']
[2025-10-23 10:56:22,397] - [INFO] - Replaced:  ['30년', '전쟁의', '승자는', '누구인가', '?']
[2025-10-23 10:56:22,397] - [INFO] - Window:    (tensor([1613,  994]), tensor(1112))
[2025-10-23 10:56:25,288] - [INFO] - Eval Loss: 6.4990 | Perplexity: 664.45 | Accuracy: 17.94% | Top-5 Accuracy: 54.05%
[2025-10-23 10:56:28,161] - [INFO] - Eval Loss: 4.9343 | Perplexity: 138.97 | Accuracy: 17.43% | Top-5 Accuracy: 55.80%
[2025-10-23 10:56:31,040] - [INFO] - Eval Loss: 4.5000 | Perplexity: 90.01 | Accuracy: 19.11% | Top-5 Accuracy: 56.97%
[2025-10-23 10:56:33,915] - [INFO] - Eval Loss: 4.3527 | Perplexity: 77.69 | Accuracy: 20.28% | Top-5 Accuracy: 57.55%
[2025-10-23 10:56:36,791] - [INFO] - Eval Loss: 4.2753 | Perplexity: 71.90 | Accuracy: 20.86% | Top-5 Accuracy: 58.06%
[2025-10-23 10:56:39,672] - [INFO] - Eval Loss: 4.2308 | Perplexity: 68.77 | Accuracy: 21.37% | Top-5 Accuracy: 58.64%
[2025-10-23 10:56:42,557] - [INFO] - Eval Loss: 4.1998 | Perplexity: 66.67 | Accuracy: 21.66% | Top-5 Accuracy: 59.23%
[2025-10-23 10:56:45,439] - [INFO] - Eval Loss: 4.1961 | Perplexity: 66.43 | Accuracy: 22.10% | Top-5 Accuracy: 52.88%
[2025-10-23 10:56:48,327] - [INFO] - Eval Loss: 4.1899 | Perplexity: 66.01 | Accuracy: 22.47% | Top-5 Accuracy: 53.25%
[2025-10-23 10:56:51,209] - [INFO] - Eval Loss: 4.1891 | Perplexity: 65.96 | Accuracy: 22.68% | Top-5 Accuracy: 54.34%
[2025-10-23 10:56:51,209] - [INFO] - 
=== Running combination ===
[2025-10-23 10:56:51,209] - [INFO] - Embed: 128, Hidden: 512, Top fraction: 0.01, Replace: True, Context: 2
[2025-10-23 10:56:52,952] - [INFO] - Train dataset contains 2194 samples
[2025-10-23 10:56:52,952] - [INFO] - Validation dataset contains 228 samples
[2025-10-23 10:56:52,952] - [INFO] - Test dataset contains 356 samples
[2025-10-23 10:56:52,955] - [INFO] - Top 1.00% frequent words (41) out of 4103 total words
[2025-10-23 10:56:52,955] - [INFO] - The fragment to replace is 0.02197621070518267 of the 41 frequent words (5885 out of 12933)
[2025-10-23 10:56:52,983] - [INFO] - Replaced 121 / 12933 tokens (0.94%)
[2025-10-23 10:56:53,171] - [INFO] - Replaced 15 / 1371 tokens (1.09%)
[2025-10-23 10:56:53,177] - [INFO] - Replaced 22 / 2088 tokens (1.05%)
[2025-10-23 10:56:53,178] - [INFO] - ==== Example Sentence ====
[2025-10-23 10:56:53,178] - [INFO] - Original:  30년 전쟁의 승자는 누구인가?
[2025-10-23 10:56:53,178] - [INFO] - Tokenized: ['30년', '전쟁의', '승자는', '누구인가', '?']
[2025-10-23 10:56:53,179] - [INFO] - Replaced:  ['30년', '전쟁의', '승자는', '누구인가', '?']
[2025-10-23 10:56:53,179] - [INFO] - Window:    (tensor([1613,  994]), tensor(1112))
[2025-10-23 10:56:56,081] - [INFO] - Eval Loss: 6.6634 | Perplexity: 783.25 | Accuracy: 20.06% | Top-5 Accuracy: 33.19%
[2025-10-23 10:56:58,960] - [INFO] - Eval Loss: 5.3037 | Perplexity: 201.09 | Accuracy: 19.91% | Top-5 Accuracy: 34.50%
[2025-10-23 10:57:01,842] - [INFO] - Eval Loss: 4.8272 | Perplexity: 124.86 | Accuracy: 21.30% | Top-5 Accuracy: 34.79%
[2025-10-23 10:57:04,728] - [INFO] - Eval Loss: 4.6015 | Perplexity: 99.63 | Accuracy: 22.10% | Top-5 Accuracy: 34.94%
[2025-10-23 10:57:07,608] - [INFO] - Eval Loss: 4.4651 | Perplexity: 86.93 | Accuracy: 23.27% | Top-5 Accuracy: 36.32%
[2025-10-23 10:57:10,484] - [INFO] - Eval Loss: 4.3865 | Perplexity: 80.36 | Accuracy: 23.92% | Top-5 Accuracy: 37.35%
[2025-10-23 10:57:13,364] - [INFO] - Eval Loss: 4.3339 | Perplexity: 76.24 | Accuracy: 24.36% | Top-5 Accuracy: 38.00%
[2025-10-23 10:57:16,244] - [INFO] - Eval Loss: 4.3087 | Perplexity: 74.34 | Accuracy: 24.65% | Top-5 Accuracy: 39.31%
[2025-10-23 10:57:19,124] - [INFO] - Eval Loss: 4.2931 | Perplexity: 73.19 | Accuracy: 25.31% | Top-5 Accuracy: 40.70%
[2025-10-23 10:57:22,005] - [INFO] - Eval Loss: 4.2869 | Perplexity: 72.74 | Accuracy: 26.04% | Top-5 Accuracy: 41.36%
[2025-10-23 10:57:22,005] - [INFO] - 
=== Running combination ===
[2025-10-23 10:57:22,006] - [INFO] - Embed: 128, Hidden: 512, Top fraction: 0.01, Replace: False, Context: 5
[2025-10-23 10:57:23,759] - [INFO] - Train dataset contains 2194 samples
[2025-10-23 10:57:23,759] - [INFO] - Validation dataset contains 228 samples
[2025-10-23 10:57:23,759] - [INFO] - Test dataset contains 356 samples
[2025-10-23 10:57:23,762] - [INFO] - Top 1.00% frequent words (41) out of 4103 total words
[2025-10-23 10:57:23,762] - [INFO] - The fragment to replace is 31.543902439024393 of the 41 frequent words (41 out of 12933)
[2025-10-23 10:57:23,789] - [INFO] - Replaced 41 / 12933 tokens (0.32%)
[2025-10-23 10:57:23,806] - [INFO] - Replaced 1 / 1371 tokens (0.07%)
[2025-10-23 10:57:23,812] - [INFO] - Replaced 3 / 2088 tokens (0.14%)
[2025-10-23 10:57:23,814] - [INFO] - ==== Example Sentence ====
[2025-10-23 10:57:23,814] - [INFO] - Original:  30년 전쟁의 승자는 누구인가?
[2025-10-23 10:57:23,814] - [INFO] - Tokenized: ['30년', '전쟁의', '승자는', '누구인가', '?']
[2025-10-23 10:57:23,814] - [INFO] - Replaced:  ['30년', '전쟁의', '<UNK', '누구인가', '?']
[2025-10-23 10:57:23,815] - [INFO] - Window:    (tensor([1613,  994, 1112, 1957, 3970]), tensor(1119))
[2025-10-23 10:57:26,728] - [INFO] - Eval Loss: 5.7778 | Perplexity: 323.06 | Accuracy: 20.64% | Top-5 Accuracy: 32.24%
[2025-10-23 10:57:29,635] - [INFO] - Eval Loss: 5.1536 | Perplexity: 173.05 | Accuracy: 22.83% | Top-5 Accuracy: 33.92%
[2025-10-23 10:57:32,540] - [INFO] - Eval Loss: 4.8302 | Perplexity: 125.23 | Accuracy: 24.95% | Top-5 Accuracy: 36.62%
[2025-10-23 10:57:35,445] - [INFO] - Eval Loss: 4.6617 | Perplexity: 105.82 | Accuracy: 25.75% | Top-5 Accuracy: 37.49%
[2025-10-23 10:57:38,351] - [INFO] - Eval Loss: 4.5214 | Perplexity: 91.96 | Accuracy: 26.62% | Top-5 Accuracy: 38.58%
[2025-10-23 10:57:41,252] - [INFO] - Eval Loss: 4.4439 | Perplexity: 85.11 | Accuracy: 26.99% | Top-5 Accuracy: 38.80%
[2025-10-23 10:57:44,157] - [INFO] - Eval Loss: 4.3672 | Perplexity: 78.82 | Accuracy: 27.35% | Top-5 Accuracy: 39.97%
[2025-10-23 10:57:47,060] - [INFO] - Eval Loss: 4.2846 | Perplexity: 72.57 | Accuracy: 27.50% | Top-5 Accuracy: 42.16%
[2025-10-23 10:57:49,963] - [INFO] - Eval Loss: 4.2487 | Perplexity: 70.02 | Accuracy: 27.94% | Top-5 Accuracy: 42.30%
[2025-10-23 10:57:52,866] - [INFO] - Eval Loss: 4.1927 | Perplexity: 66.20 | Accuracy: 28.45% | Top-5 Accuracy: 43.03%
[2025-10-23 10:57:52,867] - [INFO] - 
=== Running combination ===
[2025-10-23 10:57:52,867] - [INFO] - Embed: 128, Hidden: 512, Top fraction: 0.01, Replace: False, Context: 5
[2025-10-23 10:57:54,382] - [INFO] - Train dataset contains 2194 samples
[2025-10-23 10:57:54,382] - [INFO] - Validation dataset contains 228 samples
[2025-10-23 10:57:54,382] - [INFO] - Test dataset contains 356 samples
[2025-10-23 10:57:54,385] - [INFO] - Top 1.00% frequent words (41) out of 4103 total words
[2025-10-23 10:57:54,385] - [INFO] - The fragment to replace is 15.771951219512196 of the 41 frequent words (41 out of 12933)
[2025-10-23 10:57:54,411] - [INFO] - Replaced 41 / 12933 tokens (0.32%)
[2025-10-23 10:57:54,428] - [INFO] - Replaced 1 / 1371 tokens (0.07%)
[2025-10-23 10:57:54,433] - [INFO] - Replaced 3 / 2088 tokens (0.14%)
[2025-10-23 10:57:54,435] - [INFO] - ==== Example Sentence ====
[2025-10-23 10:57:54,435] - [INFO] - Original:  30년 전쟁의 승자는 누구인가?
[2025-10-23 10:57:54,435] - [INFO] - Tokenized: ['30년', '전쟁의', '승자는', '누구인가', '?']
[2025-10-23 10:57:54,436] - [INFO] - Replaced:  ['30년', '전쟁의', '<UNK', '누구인가', '?']
[2025-10-23 10:57:54,436] - [INFO] - Window:    (tensor([1613,  994, 1112, 1957, 3970]), tensor(1119))
[2025-10-23 10:57:57,373] - [INFO] - Eval Loss: 5.7778 | Perplexity: 323.06 | Accuracy: 20.64% | Top-5 Accuracy: 32.24%
[2025-10-23 10:58:00,274] - [INFO] - Eval Loss: 5.1536 | Perplexity: 173.05 | Accuracy: 22.83% | Top-5 Accuracy: 33.92%
[2025-10-23 10:58:03,179] - [INFO] - Eval Loss: 4.8302 | Perplexity: 125.23 | Accuracy: 24.95% | Top-5 Accuracy: 36.62%
[2025-10-23 10:58:06,087] - [INFO] - Eval Loss: 4.6617 | Perplexity: 105.82 | Accuracy: 25.75% | Top-5 Accuracy: 37.49%
[2025-10-23 10:58:08,994] - [INFO] - Eval Loss: 4.5214 | Perplexity: 91.96 | Accuracy: 26.62% | Top-5 Accuracy: 38.58%
[2025-10-23 10:58:11,897] - [INFO] - Eval Loss: 4.4439 | Perplexity: 85.11 | Accuracy: 26.99% | Top-5 Accuracy: 38.80%
[2025-10-23 10:58:14,902] - [INFO] - Eval Loss: 4.3672 | Perplexity: 78.82 | Accuracy: 27.35% | Top-5 Accuracy: 39.97%
[2025-10-23 10:58:17,824] - [INFO] - Eval Loss: 4.2846 | Perplexity: 72.57 | Accuracy: 27.50% | Top-5 Accuracy: 42.16%
[2025-10-23 10:58:20,728] - [INFO] - Eval Loss: 4.2487 | Perplexity: 70.02 | Accuracy: 27.94% | Top-5 Accuracy: 42.30%
[2025-10-23 10:58:23,627] - [INFO] - Eval Loss: 4.1927 | Perplexity: 66.20 | Accuracy: 28.45% | Top-5 Accuracy: 43.03%
[2025-10-23 10:58:23,627] - [INFO] - 
=== Running combination ===
[2025-10-23 10:58:23,627] - [INFO] - Embed: 128, Hidden: 512, Top fraction: 0.01, Replace: False, Context: 5
[2025-10-23 10:58:25,178] - [INFO] - Train dataset contains 2194 samples
[2025-10-23 10:58:25,179] - [INFO] - Validation dataset contains 228 samples
[2025-10-23 10:58:25,179] - [INFO] - Test dataset contains 356 samples
[2025-10-23 10:58:25,182] - [INFO] - Top 1.00% frequent words (41) out of 4103 total words
[2025-10-23 10:58:25,182] - [INFO] - The fragment to replace is 3.1543902439024394 of the 41 frequent words (41 out of 12933)
[2025-10-23 10:58:25,209] - [INFO] - Replaced 41 / 12933 tokens (0.32%)
[2025-10-23 10:58:25,400] - [INFO] - Replaced 1 / 1371 tokens (0.07%)
[2025-10-23 10:58:25,407] - [INFO] - Replaced 3 / 2088 tokens (0.14%)
[2025-10-23 10:58:25,408] - [INFO] - ==== Example Sentence ====
[2025-10-23 10:58:25,409] - [INFO] - Original:  30년 전쟁의 승자는 누구인가?
[2025-10-23 10:58:25,409] - [INFO] - Tokenized: ['30년', '전쟁의', '승자는', '누구인가', '?']
[2025-10-23 10:58:25,409] - [INFO] - Replaced:  ['30년', '전쟁의', '<UNK', '누구인가', '?']
[2025-10-23 10:58:25,409] - [INFO] - Window:    (tensor([1613,  994, 1112, 1957, 3970]), tensor(1119))
[2025-10-23 10:58:28,337] - [INFO] - Eval Loss: 5.7778 | Perplexity: 323.06 | Accuracy: 20.64% | Top-5 Accuracy: 32.24%
[2025-10-23 10:58:31,255] - [INFO] - Eval Loss: 5.1536 | Perplexity: 173.05 | Accuracy: 22.83% | Top-5 Accuracy: 33.92%
[2025-10-23 10:58:34,158] - [INFO] - Eval Loss: 4.8302 | Perplexity: 125.23 | Accuracy: 24.95% | Top-5 Accuracy: 36.62%
[2025-10-23 10:58:37,059] - [INFO] - Eval Loss: 4.6617 | Perplexity: 105.82 | Accuracy: 25.75% | Top-5 Accuracy: 37.49%
[2025-10-23 10:58:39,960] - [INFO] - Eval Loss: 4.5214 | Perplexity: 91.96 | Accuracy: 26.62% | Top-5 Accuracy: 38.58%
[2025-10-23 10:58:42,860] - [INFO] - Eval Loss: 4.4439 | Perplexity: 85.11 | Accuracy: 26.99% | Top-5 Accuracy: 38.80%
[2025-10-23 10:58:45,762] - [INFO] - Eval Loss: 4.3672 | Perplexity: 78.82 | Accuracy: 27.35% | Top-5 Accuracy: 39.97%
[2025-10-23 10:58:48,657] - [INFO] - Eval Loss: 4.2846 | Perplexity: 72.57 | Accuracy: 27.50% | Top-5 Accuracy: 42.16%
[2025-10-23 10:58:51,559] - [INFO] - Eval Loss: 4.2487 | Perplexity: 70.02 | Accuracy: 27.94% | Top-5 Accuracy: 42.30%
[2025-10-23 10:58:54,459] - [INFO] - Eval Loss: 4.1927 | Perplexity: 66.20 | Accuracy: 28.45% | Top-5 Accuracy: 43.03%
[2025-10-23 10:58:54,459] - [INFO] - 
=== Running combination ===
[2025-10-23 10:58:54,459] - [INFO] - Embed: 128, Hidden: 512, Top fraction: 0.01, Replace: False, Context: 2
[2025-10-23 10:58:55,966] - [INFO] - Train dataset contains 2194 samples
[2025-10-23 10:58:55,966] - [INFO] - Validation dataset contains 228 samples
[2025-10-23 10:58:55,966] - [INFO] - Test dataset contains 356 samples
[2025-10-23 10:58:55,969] - [INFO] - Top 1.00% frequent words (41) out of 4103 total words
[2025-10-23 10:58:55,969] - [INFO] - The fragment to replace is 31.543902439024393 of the 41 frequent words (41 out of 12933)
[2025-10-23 10:58:55,995] - [INFO] - Replaced 41 / 12933 tokens (0.32%)
[2025-10-23 10:58:56,007] - [INFO] - Replaced 1 / 1371 tokens (0.07%)
[2025-10-23 10:58:56,013] - [INFO] - Replaced 3 / 2088 tokens (0.14%)
[2025-10-23 10:58:56,014] - [INFO] - ==== Example Sentence ====
[2025-10-23 10:58:56,014] - [INFO] - Original:  30년 전쟁의 승자는 누구인가?
[2025-10-23 10:58:56,014] - [INFO] - Tokenized: ['30년', '전쟁의', '승자는', '누구인가', '?']
[2025-10-23 10:58:56,014] - [INFO] - Replaced:  ['30년', '전쟁의', '<UNK', '누구인가', '?']
[2025-10-23 10:58:56,015] - [INFO] - Window:    (tensor([1613,  994]), tensor(1112))
[2025-10-23 10:58:58,937] - [INFO] - Eval Loss: 6.6972 | Perplexity: 810.16 | Accuracy: 20.35% | Top-5 Accuracy: 31.66%
[2025-10-23 10:59:01,829] - [INFO] - Eval Loss: 5.3826 | Perplexity: 217.58 | Accuracy: 20.28% | Top-5 Accuracy: 33.70%
[2025-10-23 10:59:04,723] - [INFO] - Eval Loss: 4.9329 | Perplexity: 138.77 | Accuracy: 21.66% | Top-5 Accuracy: 34.35%
[2025-10-23 10:59:07,621] - [INFO] - Eval Loss: 4.6968 | Perplexity: 109.59 | Accuracy: 22.90% | Top-5 Accuracy: 34.50%
[2025-10-23 10:59:10,513] - [INFO] - Eval Loss: 4.5429 | Perplexity: 93.97 | Accuracy: 23.78% | Top-5 Accuracy: 36.18%
[2025-10-23 10:59:13,404] - [INFO] - Eval Loss: 4.4402 | Perplexity: 84.79 | Accuracy: 24.51% | Top-5 Accuracy: 37.05%
[2025-10-23 10:59:16,300] - [INFO] - Eval Loss: 4.3585 | Perplexity: 78.14 | Accuracy: 25.16% | Top-5 Accuracy: 37.86%
[2025-10-23 10:59:19,189] - [INFO] - Eval Loss: 4.3057 | Perplexity: 74.12 | Accuracy: 25.38% | Top-5 Accuracy: 38.73%
[2025-10-23 10:59:22,078] - [INFO] - Eval Loss: 4.2619 | Perplexity: 70.94 | Accuracy: 26.26% | Top-5 Accuracy: 42.38%
[2025-10-23 10:59:24,954] - [INFO] - Eval Loss: 4.2274 | Perplexity: 68.54 | Accuracy: 27.13% | Top-5 Accuracy: 42.96%
[2025-10-23 10:59:24,954] - [INFO] - 
=== Running combination ===
[2025-10-23 10:59:24,954] - [INFO] - Embed: 128, Hidden: 512, Top fraction: 0.01, Replace: False, Context: 2
[2025-10-23 10:59:26,479] - [INFO] - Train dataset contains 2194 samples
[2025-10-23 10:59:26,480] - [INFO] - Validation dataset contains 228 samples
[2025-10-23 10:59:26,480] - [INFO] - Test dataset contains 356 samples
[2025-10-23 10:59:26,483] - [INFO] - Top 1.00% frequent words (41) out of 4103 total words
[2025-10-23 10:59:26,483] - [INFO] - The fragment to replace is 15.771951219512196 of the 41 frequent words (41 out of 12933)
[2025-10-23 10:59:26,509] - [INFO] - Replaced 41 / 12933 tokens (0.32%)
[2025-10-23 10:59:26,522] - [INFO] - Replaced 1 / 1371 tokens (0.07%)
[2025-10-23 10:59:26,528] - [INFO] - Replaced 3 / 2088 tokens (0.14%)
[2025-10-23 10:59:26,529] - [INFO] - ==== Example Sentence ====
[2025-10-23 10:59:26,529] - [INFO] - Original:  30년 전쟁의 승자는 누구인가?
[2025-10-23 10:59:26,529] - [INFO] - Tokenized: ['30년', '전쟁의', '승자는', '누구인가', '?']
[2025-10-23 10:59:26,529] - [INFO] - Replaced:  ['30년', '전쟁의', '<UNK', '누구인가', '?']
[2025-10-23 10:59:26,530] - [INFO] - Window:    (tensor([1613,  994]), tensor(1112))
[2025-10-23 10:59:27,774] - [INFO] - Eval Loss: 6.6972 | Perplexity: 810.16 | Accuracy: 20.35% | Top-5 Accuracy: 31.66%
[2025-10-23 10:59:28,971] - [INFO] - Eval Loss: 5.3826 | Perplexity: 217.58 | Accuracy: 20.28% | Top-5 Accuracy: 33.70%
[2025-10-23 10:59:30,153] - [INFO] - Eval Loss: 4.9329 | Perplexity: 138.77 | Accuracy: 21.66% | Top-5 Accuracy: 34.35%
[2025-10-23 10:59:31,320] - [INFO] - Eval Loss: 4.6968 | Perplexity: 109.59 | Accuracy: 22.90% | Top-5 Accuracy: 34.50%
[2025-10-23 10:59:32,504] - [INFO] - Eval Loss: 4.5429 | Perplexity: 93.97 | Accuracy: 23.78% | Top-5 Accuracy: 36.18%
[2025-10-23 10:59:33,685] - [INFO] - Eval Loss: 4.4402 | Perplexity: 84.79 | Accuracy: 24.51% | Top-5 Accuracy: 37.05%
[2025-10-23 10:59:34,884] - [INFO] - Eval Loss: 4.3585 | Perplexity: 78.14 | Accuracy: 25.16% | Top-5 Accuracy: 37.86%
[2025-10-23 10:59:36,047] - [INFO] - Eval Loss: 4.3057 | Perplexity: 74.12 | Accuracy: 25.38% | Top-5 Accuracy: 38.73%
[2025-10-23 10:59:37,226] - [INFO] - Eval Loss: 4.2619 | Perplexity: 70.94 | Accuracy: 26.26% | Top-5 Accuracy: 42.38%
[2025-10-23 10:59:38,418] - [INFO] - Eval Loss: 4.2274 | Perplexity: 68.54 | Accuracy: 27.13% | Top-5 Accuracy: 42.96%
[2025-10-23 10:59:38,418] - [INFO] - 
=== Running combination ===
[2025-10-23 10:59:38,418] - [INFO] - Embed: 128, Hidden: 512, Top fraction: 0.01, Replace: False, Context: 2
[2025-10-23 10:59:39,954] - [INFO] - Train dataset contains 2194 samples
[2025-10-23 10:59:39,954] - [INFO] - Validation dataset contains 228 samples
[2025-10-23 10:59:39,954] - [INFO] - Test dataset contains 356 samples
[2025-10-23 10:59:39,957] - [INFO] - Top 1.00% frequent words (41) out of 4103 total words
[2025-10-23 10:59:39,957] - [INFO] - The fragment to replace is 3.1543902439024394 of the 41 frequent words (41 out of 12933)
[2025-10-23 10:59:39,984] - [INFO] - Replaced 41 / 12933 tokens (0.32%)
[2025-10-23 10:59:39,996] - [INFO] - Replaced 1 / 1371 tokens (0.07%)
[2025-10-23 10:59:40,168] - [INFO] - Replaced 3 / 2088 tokens (0.14%)
[2025-10-23 10:59:40,170] - [INFO] - ==== Example Sentence ====
[2025-10-23 10:59:40,170] - [INFO] - Original:  30년 전쟁의 승자는 누구인가?
[2025-10-23 10:59:40,170] - [INFO] - Tokenized: ['30년', '전쟁의', '승자는', '누구인가', '?']
[2025-10-23 10:59:40,170] - [INFO] - Replaced:  ['30년', '전쟁의', '<UNK', '누구인가', '?']
[2025-10-23 10:59:40,170] - [INFO] - Window:    (tensor([1613,  994]), tensor(1112))
[2025-10-23 10:59:43,056] - [INFO] - Eval Loss: 6.6972 | Perplexity: 810.16 | Accuracy: 20.35% | Top-5 Accuracy: 31.66%
[2025-10-23 10:59:45,929] - [INFO] - Eval Loss: 5.3826 | Perplexity: 217.58 | Accuracy: 20.28% | Top-5 Accuracy: 33.70%
[2025-10-23 10:59:48,799] - [INFO] - Eval Loss: 4.9329 | Perplexity: 138.77 | Accuracy: 21.66% | Top-5 Accuracy: 34.35%
[2025-10-23 10:59:51,675] - [INFO] - Eval Loss: 4.6968 | Perplexity: 109.59 | Accuracy: 22.90% | Top-5 Accuracy: 34.50%
[2025-10-23 10:59:54,547] - [INFO] - Eval Loss: 4.5429 | Perplexity: 93.97 | Accuracy: 23.78% | Top-5 Accuracy: 36.18%
[2025-10-23 10:59:57,423] - [INFO] - Eval Loss: 4.4402 | Perplexity: 84.79 | Accuracy: 24.51% | Top-5 Accuracy: 37.05%
[2025-10-23 11:00:00,298] - [INFO] - Eval Loss: 4.3585 | Perplexity: 78.14 | Accuracy: 25.16% | Top-5 Accuracy: 37.86%
[2025-10-23 11:00:03,188] - [INFO] - Eval Loss: 4.3057 | Perplexity: 74.12 | Accuracy: 25.38% | Top-5 Accuracy: 38.73%
[2025-10-23 11:00:06,208] - [INFO] - Eval Loss: 4.2619 | Perplexity: 70.94 | Accuracy: 26.26% | Top-5 Accuracy: 42.38%
[2025-10-23 11:00:09,197] - [INFO] - Eval Loss: 4.2274 | Perplexity: 68.54 | Accuracy: 27.13% | Top-5 Accuracy: 42.96%
[2025-10-23 11:00:09,198] - [INFO] - 
=== Running combination ===
[2025-10-23 11:00:09,198] - [INFO] - Embed: 128, Hidden: 512, Top fraction: 0.05, Replace: True, Context: 5
[2025-10-23 11:00:10,732] - [INFO] - Train dataset contains 2194 samples
[2025-10-23 11:00:10,732] - [INFO] - Validation dataset contains 228 samples
[2025-10-23 11:00:10,732] - [INFO] - Test dataset contains 356 samples
[2025-10-23 11:00:10,735] - [INFO] - Top 5.00% frequent words (205) out of 4103 total words
[2025-10-23 11:00:10,735] - [INFO] - The fragment to replace is 0.16787383177570095 of the 205 frequent words (7704 out of 12933)
[2025-10-23 11:00:10,763] - [INFO] - Replaced 1334 / 12933 tokens (10.31%)
[2025-10-23 11:00:10,780] - [INFO] - Replaced 134 / 1371 tokens (9.77%)
[2025-10-23 11:00:10,786] - [INFO] - Replaced 178 / 2088 tokens (8.52%)
[2025-10-23 11:00:10,788] - [INFO] - ==== Example Sentence ====
[2025-10-23 11:00:10,788] - [INFO] - Original:  30년 전쟁의 승자는 누구인가?
[2025-10-23 11:00:10,788] - [INFO] - Tokenized: ['30년', '전쟁의', '승자는', '누구인가', '?']
[2025-10-23 11:00:10,788] - [INFO] - Replaced:  ['30년', '전쟁의', '승자는', '누구인가', '?']
[2025-10-23 11:00:10,788] - [INFO] - Window:    (tensor([1613,  994, 1112, 2172, 3970]), tensor(1119))
[2025-10-23 11:00:13,680] - [INFO] - Eval Loss: 4.8968 | Perplexity: 133.87 | Accuracy: 35.74% | Top-5 Accuracy: 56.46%
[2025-10-23 11:00:16,555] - [INFO] - Eval Loss: 4.4616 | Perplexity: 86.63 | Accuracy: 36.62% | Top-5 Accuracy: 59.96%
[2025-10-23 11:00:19,430] - [INFO] - Eval Loss: 4.2094 | Perplexity: 67.32 | Accuracy: 38.22% | Top-5 Accuracy: 60.03%
[2025-10-23 11:00:22,307] - [INFO] - Eval Loss: 4.1272 | Perplexity: 62.00 | Accuracy: 35.81% | Top-5 Accuracy: 60.69%
[2025-10-23 11:00:25,177] - [INFO] - Eval Loss: 4.0517 | Perplexity: 57.50 | Accuracy: 35.16% | Top-5 Accuracy: 61.12%
[2025-10-23 11:00:28,050] - [INFO] - Eval Loss: 4.0027 | Perplexity: 54.75 | Accuracy: 35.96% | Top-5 Accuracy: 61.63%
[2025-10-23 11:00:31,010] - [INFO] - Eval Loss: 3.9852 | Perplexity: 53.80 | Accuracy: 35.59% | Top-5 Accuracy: 61.93%
[2025-10-23 11:00:34,101] - [INFO] - Eval Loss: 3.9099 | Perplexity: 49.89 | Accuracy: 36.47% | Top-5 Accuracy: 61.78%
[2025-10-23 11:00:37,137] - [INFO] - Eval Loss: 3.9029 | Perplexity: 49.55 | Accuracy: 37.27% | Top-5 Accuracy: 62.51%
[2025-10-23 11:00:40,015] - [INFO] - Eval Loss: 3.9103 | Perplexity: 49.91 | Accuracy: 36.69% | Top-5 Accuracy: 62.58%
[2025-10-23 11:00:40,015] - [INFO] - 
=== Running combination ===
[2025-10-23 11:00:40,015] - [INFO] - Embed: 128, Hidden: 512, Top fraction: 0.05, Replace: True, Context: 5
[2025-10-23 11:00:41,535] - [INFO] - Train dataset contains 2194 samples
[2025-10-23 11:00:41,535] - [INFO] - Validation dataset contains 228 samples
[2025-10-23 11:00:41,535] - [INFO] - Test dataset contains 356 samples
[2025-10-23 11:00:41,538] - [INFO] - Top 5.00% frequent words (205) out of 4103 total words
[2025-10-23 11:00:41,538] - [INFO] - The fragment to replace is 0.08393691588785047 of the 205 frequent words (7704 out of 12933)
[2025-10-23 11:00:41,565] - [INFO] - Replaced 634 / 12933 tokens (4.90%)
[2025-10-23 11:00:41,582] - [INFO] - Replaced 63 / 1371 tokens (4.60%)
[2025-10-23 11:00:41,588] - [INFO] - Replaced 73 / 2088 tokens (3.50%)
[2025-10-23 11:00:41,591] - [INFO] - ==== Example Sentence ====
[2025-10-23 11:00:41,591] - [INFO] - Original:  30년 전쟁의 승자는 누구인가?
[2025-10-23 11:00:41,591] - [INFO] - Tokenized: ['30년', '전쟁의', '승자는', '누구인가', '?']
[2025-10-23 11:00:41,591] - [INFO] - Replaced:  ['30년', '전쟁의', '승자는', '누구인가', '?']
[2025-10-23 11:00:41,591] - [INFO] - Window:    (tensor([1613,  994, 1112, 2172, 3970]), tensor(1119))
[2025-10-23 11:00:44,520] - [INFO] - Eval Loss: 5.1996 | Perplexity: 181.20 | Accuracy: 18.89% | Top-5 Accuracy: 55.14%
[2025-10-23 11:00:47,432] - [INFO] - Eval Loss: 4.6868 | Perplexity: 108.50 | Accuracy: 22.98% | Top-5 Accuracy: 57.62%
[2025-10-23 11:00:50,346] - [INFO] - Eval Loss: 4.3932 | Perplexity: 80.90 | Accuracy: 25.82% | Top-5 Accuracy: 57.99%
[2025-10-23 11:00:53,257] - [INFO] - Eval Loss: 4.2825 | Perplexity: 72.42 | Accuracy: 24.36% | Top-5 Accuracy: 59.01%
[2025-10-23 11:00:56,168] - [INFO] - Eval Loss: 4.1735 | Perplexity: 64.94 | Accuracy: 24.87% | Top-5 Accuracy: 59.59%
[2025-10-23 11:00:59,082] - [INFO] - Eval Loss: 4.1265 | Perplexity: 61.96 | Accuracy: 26.19% | Top-5 Accuracy: 60.10%
[2025-10-23 11:01:01,993] - [INFO] - Eval Loss: 4.0843 | Perplexity: 59.40 | Accuracy: 26.48% | Top-5 Accuracy: 60.32%
[2025-10-23 11:01:04,902] - [INFO] - Eval Loss: 4.0219 | Perplexity: 55.81 | Accuracy: 26.91% | Top-5 Accuracy: 60.54%
[2025-10-23 11:01:07,815] - [INFO] - Eval Loss: 4.0021 | Perplexity: 54.71 | Accuracy: 28.67% | Top-5 Accuracy: 61.34%
[2025-10-23 11:01:10,726] - [INFO] - Eval Loss: 4.0017 | Perplexity: 54.69 | Accuracy: 27.13% | Top-5 Accuracy: 61.12%
[2025-10-23 11:01:10,726] - [INFO] - 
=== Running combination ===
[2025-10-23 11:01:10,726] - [INFO] - Embed: 128, Hidden: 512, Top fraction: 0.05, Replace: True, Context: 5
[2025-10-23 11:01:12,456] - [INFO] - Train dataset contains 2194 samples
[2025-10-23 11:01:12,456] - [INFO] - Validation dataset contains 228 samples
[2025-10-23 11:01:12,456] - [INFO] - Test dataset contains 356 samples
[2025-10-23 11:01:12,459] - [INFO] - Top 5.00% frequent words (205) out of 4103 total words
[2025-10-23 11:01:12,459] - [INFO] - The fragment to replace is 0.016787383177570094 of the 205 frequent words (7704 out of 12933)
[2025-10-23 11:01:12,486] - [INFO] - Replaced 123 / 12933 tokens (0.95%)
[2025-10-23 11:01:12,504] - [INFO] - Replaced 13 / 1371 tokens (0.95%)
[2025-10-23 11:01:12,510] - [INFO] - Replaced 14 / 2088 tokens (0.67%)
[2025-10-23 11:01:12,512] - [INFO] - ==== Example Sentence ====
[2025-10-23 11:01:12,512] - [INFO] - Original:  30년 전쟁의 승자는 누구인가?
[2025-10-23 11:01:12,512] - [INFO] - Tokenized: ['30년', '전쟁의', '승자는', '누구인가', '?']
[2025-10-23 11:01:12,512] - [INFO] - Replaced:  ['30년', '전쟁의', '승자는', '누구인가', '?']
[2025-10-23 11:01:12,513] - [INFO] - Window:    (tensor([1613,  994, 1112, 2172, 3970]), tensor(1119))
[2025-10-23 11:01:15,430] - [INFO] - Eval Loss: 5.6543 | Perplexity: 285.52 | Accuracy: 20.28% | Top-5 Accuracy: 31.95%
[2025-10-23 11:01:18,326] - [INFO] - Eval Loss: 5.0220 | Perplexity: 151.72 | Accuracy: 22.39% | Top-5 Accuracy: 34.50%
[2025-10-23 11:01:21,223] - [INFO] - Eval Loss: 4.7251 | Perplexity: 112.74 | Accuracy: 24.43% | Top-5 Accuracy: 36.62%
[2025-10-23 11:01:24,122] - [INFO] - Eval Loss: 4.5751 | Perplexity: 97.04 | Accuracy: 24.95% | Top-5 Accuracy: 38.95%
[2025-10-23 11:01:27,022] - [INFO] - Eval Loss: 4.4381 | Perplexity: 84.61 | Accuracy: 26.26% | Top-5 Accuracy: 42.60%
[2025-10-23 11:01:29,923] - [INFO] - Eval Loss: 4.3697 | Perplexity: 79.02 | Accuracy: 26.40% | Top-5 Accuracy: 42.96%
[2025-10-23 11:01:32,820] - [INFO] - Eval Loss: 4.3168 | Perplexity: 74.95 | Accuracy: 26.48% | Top-5 Accuracy: 39.82%
[2025-10-23 11:01:35,723] - [INFO] - Eval Loss: 4.2348 | Perplexity: 69.04 | Accuracy: 26.91% | Top-5 Accuracy: 41.72%
[2025-10-23 11:01:38,624] - [INFO] - Eval Loss: 4.2041 | Perplexity: 66.96 | Accuracy: 26.99% | Top-5 Accuracy: 42.52%
[2025-10-23 11:01:41,526] - [INFO] - Eval Loss: 4.1736 | Perplexity: 64.95 | Accuracy: 27.28% | Top-5 Accuracy: 42.67%
[2025-10-23 11:01:41,527] - [INFO] - 
=== Running combination ===
[2025-10-23 11:01:41,527] - [INFO] - Embed: 128, Hidden: 512, Top fraction: 0.05, Replace: True, Context: 2
[2025-10-23 11:01:43,485] - [INFO] - Train dataset contains 2194 samples
[2025-10-23 11:01:43,485] - [INFO] - Validation dataset contains 228 samples
[2025-10-23 11:01:43,485] - [INFO] - Test dataset contains 356 samples
[2025-10-23 11:01:43,488] - [INFO] - Top 5.00% frequent words (205) out of 4103 total words
[2025-10-23 11:01:43,488] - [INFO] - The fragment to replace is 0.16787383177570095 of the 205 frequent words (7704 out of 12933)
[2025-10-23 11:01:43,688] - [INFO] - Replaced 1334 / 12933 tokens (10.31%)
[2025-10-23 11:01:43,701] - [INFO] - Replaced 134 / 1371 tokens (9.77%)
[2025-10-23 11:01:43,707] - [INFO] - Replaced 178 / 2088 tokens (8.52%)
[2025-10-23 11:01:43,708] - [INFO] - ==== Example Sentence ====
[2025-10-23 11:01:43,709] - [INFO] - Original:  30년 전쟁의 승자는 누구인가?
[2025-10-23 11:01:43,709] - [INFO] - Tokenized: ['30년', '전쟁의', '승자는', '누구인가', '?']
[2025-10-23 11:01:43,709] - [INFO] - Replaced:  ['30년', '전쟁의', '승자는', '누구인가', '?']
[2025-10-23 11:01:43,709] - [INFO] - Window:    (tensor([1613,  994]), tensor(1112))
[2025-10-23 11:01:46,611] - [INFO] - Eval Loss: 6.0774 | Perplexity: 435.91 | Accuracy: 30.49% | Top-5 Accuracy: 56.38%
[2025-10-23 11:01:49,499] - [INFO] - Eval Loss: 4.5237 | Perplexity: 92.18 | Accuracy: 31.15% | Top-5 Accuracy: 58.13%
[2025-10-23 11:01:52,385] - [INFO] - Eval Loss: 4.2293 | Perplexity: 68.67 | Accuracy: 31.44% | Top-5 Accuracy: 58.28%
[2025-10-23 11:01:55,278] - [INFO] - Eval Loss: 4.1060 | Perplexity: 60.70 | Accuracy: 33.11% | Top-5 Accuracy: 59.01%
[2025-10-23 11:01:58,171] - [INFO] - Eval Loss: 4.0250 | Perplexity: 55.98 | Accuracy: 31.36% | Top-5 Accuracy: 60.18%
[2025-10-23 11:02:01,059] - [INFO] - Eval Loss: 4.0006 | Perplexity: 54.63 | Accuracy: 31.73% | Top-5 Accuracy: 60.76%
[2025-10-23 11:02:03,945] - [INFO] - Eval Loss: 3.9716 | Perplexity: 53.07 | Accuracy: 32.60% | Top-5 Accuracy: 61.12%
[2025-10-23 11:02:06,887] - [INFO] - Eval Loss: 3.9875 | Perplexity: 53.92 | Accuracy: 32.31% | Top-5 Accuracy: 61.85%
[2025-10-23 11:02:09,775] - [INFO] - Eval Loss: 3.9751 | Perplexity: 53.26 | Accuracy: 32.90% | Top-5 Accuracy: 62.07%
[2025-10-23 11:02:12,659] - [INFO] - Eval Loss: 3.9866 | Perplexity: 53.87 | Accuracy: 33.26% | Top-5 Accuracy: 62.44%
[2025-10-23 11:02:12,660] - [INFO] - 
=== Running combination ===
[2025-10-23 11:02:12,660] - [INFO] - Embed: 128, Hidden: 512, Top fraction: 0.05, Replace: True, Context: 2
[2025-10-23 11:02:14,764] - [INFO] - Train dataset contains 2194 samples
[2025-10-23 11:02:14,764] - [INFO] - Validation dataset contains 228 samples
[2025-10-23 11:02:14,764] - [INFO] - Test dataset contains 356 samples
[2025-10-23 11:02:14,767] - [INFO] - Top 5.00% frequent words (205) out of 4103 total words
[2025-10-23 11:02:14,767] - [INFO] - The fragment to replace is 0.08393691588785047 of the 205 frequent words (7704 out of 12933)
[2025-10-23 11:02:14,794] - [INFO] - Replaced 634 / 12933 tokens (4.90%)
[2025-10-23 11:02:14,808] - [INFO] - Replaced 63 / 1371 tokens (4.60%)
[2025-10-23 11:02:14,813] - [INFO] - Replaced 73 / 2088 tokens (3.50%)
[2025-10-23 11:02:14,815] - [INFO] - ==== Example Sentence ====
[2025-10-23 11:02:14,815] - [INFO] - Original:  30년 전쟁의 승자는 누구인가?
[2025-10-23 11:02:14,815] - [INFO] - Tokenized: ['30년', '전쟁의', '승자는', '누구인가', '?']
[2025-10-23 11:02:14,815] - [INFO] - Replaced:  ['30년', '전쟁의', '승자는', '누구인가', '?']
[2025-10-23 11:02:14,816] - [INFO] - Window:    (tensor([1613,  994]), tensor(1112))
[2025-10-23 11:02:17,712] - [INFO] - Eval Loss: 6.4304 | Perplexity: 620.42 | Accuracy: 18.96% | Top-5 Accuracy: 53.83%
[2025-10-23 11:02:20,588] - [INFO] - Eval Loss: 4.8118 | Perplexity: 122.95 | Accuracy: 18.16% | Top-5 Accuracy: 55.07%
[2025-10-23 11:02:23,464] - [INFO] - Eval Loss: 4.4201 | Perplexity: 83.10 | Accuracy: 26.33% | Top-5 Accuracy: 55.87%
[2025-10-23 11:02:26,343] - [INFO] - Eval Loss: 4.2703 | Perplexity: 71.54 | Accuracy: 21.23% | Top-5 Accuracy: 57.70%
[2025-10-23 11:02:29,225] - [INFO] - Eval Loss: 4.1708 | Perplexity: 64.77 | Accuracy: 21.44% | Top-5 Accuracy: 58.64%
[2025-10-23 11:02:32,107] - [INFO] - Eval Loss: 4.1292 | Perplexity: 62.13 | Accuracy: 22.47% | Top-5 Accuracy: 59.30%
[2025-10-23 11:02:34,992] - [INFO] - Eval Loss: 4.0872 | Perplexity: 59.58 | Accuracy: 22.98% | Top-5 Accuracy: 59.81%
[2025-10-23 11:02:37,873] - [INFO] - Eval Loss: 4.0892 | Perplexity: 59.69 | Accuracy: 23.56% | Top-5 Accuracy: 59.88%
[2025-10-23 11:02:40,759] - [INFO] - Eval Loss: 4.0741 | Perplexity: 58.80 | Accuracy: 24.58% | Top-5 Accuracy: 60.32%
[2025-10-23 11:02:43,641] - [INFO] - Eval Loss: 4.0686 | Perplexity: 58.47 | Accuracy: 24.95% | Top-5 Accuracy: 61.20%
[2025-10-23 11:02:43,642] - [INFO] - 
=== Running combination ===
[2025-10-23 11:02:43,642] - [INFO] - Embed: 128, Hidden: 512, Top fraction: 0.05, Replace: True, Context: 2
[2025-10-23 11:02:45,347] - [INFO] - Train dataset contains 2194 samples
[2025-10-23 11:02:45,347] - [INFO] - Validation dataset contains 228 samples
[2025-10-23 11:02:45,347] - [INFO] - Test dataset contains 356 samples
[2025-10-23 11:02:45,350] - [INFO] - Top 5.00% frequent words (205) out of 4103 total words
[2025-10-23 11:02:45,350] - [INFO] - The fragment to replace is 0.016787383177570094 of the 205 frequent words (7704 out of 12933)
[2025-10-23 11:02:45,379] - [INFO] - Replaced 123 / 12933 tokens (0.95%)
[2025-10-23 11:02:45,391] - [INFO] - Replaced 13 / 1371 tokens (0.95%)
[2025-10-23 11:02:45,397] - [INFO] - Replaced 14 / 2088 tokens (0.67%)
[2025-10-23 11:02:45,398] - [INFO] - ==== Example Sentence ====
[2025-10-23 11:02:45,398] - [INFO] - Original:  30년 전쟁의 승자는 누구인가?
[2025-10-23 11:02:45,398] - [INFO] - Tokenized: ['30년', '전쟁의', '승자는', '누구인가', '?']
[2025-10-23 11:02:45,399] - [INFO] - Replaced:  ['30년', '전쟁의', '승자는', '누구인가', '?']
[2025-10-23 11:02:45,399] - [INFO] - Window:    (tensor([1613,  994]), tensor(1112))
[2025-10-23 11:02:48,301] - [INFO] - Eval Loss: 6.6473 | Perplexity: 770.73 | Accuracy: 19.84% | Top-5 Accuracy: 32.39%
[2025-10-23 11:02:51,183] - [INFO] - Eval Loss: 5.2620 | Perplexity: 192.86 | Accuracy: 19.11% | Top-5 Accuracy: 34.35%
[2025-10-23 11:02:54,068] - [INFO] - Eval Loss: 4.7863 | Perplexity: 119.86 | Accuracy: 21.23% | Top-5 Accuracy: 34.65%
[2025-10-23 11:02:56,957] - [INFO] - Eval Loss: 4.5600 | Perplexity: 95.58 | Accuracy: 22.17% | Top-5 Accuracy: 34.87%
[2025-10-23 11:02:59,843] - [INFO] - Eval Loss: 4.4194 | Perplexity: 83.05 | Accuracy: 22.90% | Top-5 Accuracy: 36.62%
[2025-10-23 11:03:02,730] - [INFO] - Eval Loss: 4.3390 | Perplexity: 76.63 | Accuracy: 23.85% | Top-5 Accuracy: 37.71%
[2025-10-23 11:03:05,613] - [INFO] - Eval Loss: 4.2791 | Perplexity: 72.18 | Accuracy: 24.51% | Top-5 Accuracy: 38.80%
[2025-10-23 11:03:08,553] - [INFO] - Eval Loss: 4.2571 | Perplexity: 70.61 | Accuracy: 24.73% | Top-5 Accuracy: 38.95%
[2025-10-23 11:03:11,440] - [INFO] - Eval Loss: 4.2324 | Perplexity: 68.88 | Accuracy: 25.31% | Top-5 Accuracy: 40.12%
[2025-10-23 11:03:14,330] - [INFO] - Eval Loss: 4.2169 | Perplexity: 67.82 | Accuracy: 25.60% | Top-5 Accuracy: 41.06%
[2025-10-23 11:03:14,330] - [INFO] - 
=== Running combination ===
[2025-10-23 11:03:14,330] - [INFO] - Embed: 128, Hidden: 512, Top fraction: 0.05, Replace: False, Context: 5
[2025-10-23 11:03:16,081] - [INFO] - Train dataset contains 2194 samples
[2025-10-23 11:03:16,081] - [INFO] - Validation dataset contains 228 samples
[2025-10-23 11:03:16,082] - [INFO] - Test dataset contains 356 samples
[2025-10-23 11:03:16,085] - [INFO] - Top 5.00% frequent words (205) out of 4103 total words
[2025-10-23 11:03:16,085] - [INFO] - The fragment to replace is 6.308780487804879 of the 205 frequent words (205 out of 12933)
[2025-10-23 11:03:16,111] - [INFO] - Replaced 205 / 12933 tokens (1.59%)
[2025-10-23 11:03:16,127] - [INFO] - Replaced 8 / 1371 tokens (0.58%)
[2025-10-23 11:03:16,133] - [INFO] - Replaced 12 / 2088 tokens (0.57%)
[2025-10-23 11:03:16,135] - [INFO] - ==== Example Sentence ====
[2025-10-23 11:03:16,136] - [INFO] - Original:  30년 전쟁의 승자는 누구인가?
[2025-10-23 11:03:16,136] - [INFO] - Tokenized: ['30년', '전쟁의', '승자는', '누구인가', '?']
[2025-10-23 11:03:16,136] - [INFO] - Replaced:  ['30년', '전쟁의', '<UNK', '누구인가', '?']
[2025-10-23 11:03:16,136] - [INFO] - Window:    (tensor([1613,  994, 1112, 1957, 3970]), tensor(1119))
[2025-10-23 11:03:19,060] - [INFO] - Eval Loss: 5.3216 | Perplexity: 204.71 | Accuracy: 20.57% | Top-5 Accuracy: 49.16%
[2025-10-23 11:03:21,956] - [INFO] - Eval Loss: 4.6590 | Perplexity: 105.53 | Accuracy: 24.73% | Top-5 Accuracy: 54.05%
[2025-10-23 11:03:24,841] - [INFO] - Eval Loss: 4.3328 | Perplexity: 76.15 | Accuracy: 27.72% | Top-5 Accuracy: 55.80%
[2025-10-23 11:03:27,720] - [INFO] - Eval Loss: 4.1674 | Perplexity: 64.55 | Accuracy: 31.15% | Top-5 Accuracy: 56.82%
[2025-10-23 11:03:30,596] - [INFO] - Eval Loss: 4.0616 | Perplexity: 58.07 | Accuracy: 31.95% | Top-5 Accuracy: 57.18%
[2025-10-23 11:03:33,471] - [INFO] - Eval Loss: 3.9915 | Perplexity: 54.13 | Accuracy: 32.90% | Top-5 Accuracy: 57.70%
[2025-10-23 11:03:36,347] - [INFO] - Eval Loss: 3.9318 | Perplexity: 51.00 | Accuracy: 33.19% | Top-5 Accuracy: 58.06%
[2025-10-23 11:03:39,224] - [INFO] - Eval Loss: 3.8648 | Perplexity: 47.70 | Accuracy: 33.63% | Top-5 Accuracy: 58.28%
[2025-10-23 11:03:42,097] - [INFO] - Eval Loss: 3.8496 | Perplexity: 46.98 | Accuracy: 34.21% | Top-5 Accuracy: 58.72%
[2025-10-23 11:03:44,975] - [INFO] - Eval Loss: 3.8066 | Perplexity: 45.00 | Accuracy: 34.21% | Top-5 Accuracy: 59.52%
[2025-10-23 11:03:44,975] - [INFO] - 
=== Running combination ===
[2025-10-23 11:03:44,976] - [INFO] - Embed: 128, Hidden: 512, Top fraction: 0.05, Replace: False, Context: 5
[2025-10-23 11:03:46,556] - [INFO] - Train dataset contains 2194 samples
[2025-10-23 11:03:46,556] - [INFO] - Validation dataset contains 228 samples
[2025-10-23 11:03:46,556] - [INFO] - Test dataset contains 356 samples
[2025-10-23 11:03:46,559] - [INFO] - Top 5.00% frequent words (205) out of 4103 total words
[2025-10-23 11:03:46,559] - [INFO] - The fragment to replace is 3.1543902439024394 of the 205 frequent words (205 out of 12933)
[2025-10-23 11:03:46,585] - [INFO] - Replaced 205 / 12933 tokens (1.59%)
[2025-10-23 11:03:46,602] - [INFO] - Replaced 8 / 1371 tokens (0.58%)
[2025-10-23 11:03:46,608] - [INFO] - Replaced 12 / 2088 tokens (0.57%)
[2025-10-23 11:03:46,610] - [INFO] - ==== Example Sentence ====
[2025-10-23 11:03:46,610] - [INFO] - Original:  30년 전쟁의 승자는 누구인가?
[2025-10-23 11:03:46,610] - [INFO] - Tokenized: ['30년', '전쟁의', '승자는', '누구인가', '?']
[2025-10-23 11:03:46,610] - [INFO] - Replaced:  ['30년', '전쟁의', '<UNK', '누구인가', '?']
[2025-10-23 11:03:46,610] - [INFO] - Window:    (tensor([1613,  994, 1112, 1957, 3970]), tensor(1119))
[2025-10-23 11:03:49,519] - [INFO] - Eval Loss: 5.3216 | Perplexity: 204.71 | Accuracy: 20.57% | Top-5 Accuracy: 49.16%
[2025-10-23 11:03:52,405] - [INFO] - Eval Loss: 4.6590 | Perplexity: 105.53 | Accuracy: 24.73% | Top-5 Accuracy: 54.05%
[2025-10-23 11:03:55,304] - [INFO] - Eval Loss: 4.3328 | Perplexity: 76.15 | Accuracy: 27.72% | Top-5 Accuracy: 55.80%
[2025-10-23 11:03:58,188] - [INFO] - Eval Loss: 4.1674 | Perplexity: 64.55 | Accuracy: 31.15% | Top-5 Accuracy: 56.82%
[2025-10-23 11:04:01,064] - [INFO] - Eval Loss: 4.0616 | Perplexity: 58.07 | Accuracy: 31.95% | Top-5 Accuracy: 57.18%
[2025-10-23 11:04:03,937] - [INFO] - Eval Loss: 3.9915 | Perplexity: 54.13 | Accuracy: 32.90% | Top-5 Accuracy: 57.70%
[2025-10-23 11:04:06,807] - [INFO] - Eval Loss: 3.9318 | Perplexity: 51.00 | Accuracy: 33.19% | Top-5 Accuracy: 58.06%
[2025-10-23 11:04:09,680] - [INFO] - Eval Loss: 3.8648 | Perplexity: 47.70 | Accuracy: 33.63% | Top-5 Accuracy: 58.28%
[2025-10-23 11:04:12,550] - [INFO] - Eval Loss: 3.8496 | Perplexity: 46.98 | Accuracy: 34.21% | Top-5 Accuracy: 58.72%
[2025-10-23 11:04:15,426] - [INFO] - Eval Loss: 3.8066 | Perplexity: 45.00 | Accuracy: 34.21% | Top-5 Accuracy: 59.52%
[2025-10-23 11:04:15,426] - [INFO] - 
=== Running combination ===
[2025-10-23 11:04:15,426] - [INFO] - Embed: 128, Hidden: 512, Top fraction: 0.05, Replace: False, Context: 5
[2025-10-23 11:04:17,064] - [INFO] - Train dataset contains 2194 samples
[2025-10-23 11:04:17,064] - [INFO] - Validation dataset contains 228 samples
[2025-10-23 11:04:17,064] - [INFO] - Test dataset contains 356 samples
[2025-10-23 11:04:17,067] - [INFO] - Top 5.00% frequent words (205) out of 4103 total words
[2025-10-23 11:04:17,067] - [INFO] - The fragment to replace is 0.6308780487804879 of the 205 frequent words (205 out of 12933)
[2025-10-23 11:04:17,093] - [INFO] - Replaced 126 / 12933 tokens (0.97%)
[2025-10-23 11:04:17,109] - [INFO] - Replaced 3 / 1371 tokens (0.22%)
[2025-10-23 11:04:17,115] - [INFO] - Replaced 9 / 2088 tokens (0.43%)
[2025-10-23 11:04:17,117] - [INFO] - ==== Example Sentence ====
[2025-10-23 11:04:17,117] - [INFO] - Original:  30년 전쟁의 승자는 누구인가?
[2025-10-23 11:04:17,117] - [INFO] - Tokenized: ['30년', '전쟁의', '승자는', '누구인가', '?']
[2025-10-23 11:04:17,117] - [INFO] - Replaced:  ['30년', '전쟁의', '<UNK', '누구인가', '?']
[2025-10-23 11:04:17,117] - [INFO] - Window:    (tensor([1613,  994, 1112, 1957, 3970]), tensor(1119))
[2025-10-23 11:04:18,355] - [INFO] - Eval Loss: 5.5287 | Perplexity: 251.83 | Accuracy: 20.64% | Top-5 Accuracy: 33.04%
[2025-10-23 11:04:19,563] - [INFO] - Eval Loss: 4.8755 | Perplexity: 131.03 | Accuracy: 22.98% | Top-5 Accuracy: 48.50%
[2025-10-23 11:04:20,706] - [INFO] - Eval Loss: 4.5675 | Perplexity: 96.30 | Accuracy: 25.02% | Top-5 Accuracy: 50.91%
[2025-10-23 11:04:21,895] - [INFO] - Eval Loss: 4.4049 | Perplexity: 81.85 | Accuracy: 25.67% | Top-5 Accuracy: 53.10%
[2025-10-23 11:04:23,109] - [INFO] - Eval Loss: 4.2780 | Perplexity: 72.10 | Accuracy: 26.55% | Top-5 Accuracy: 53.98%
[2025-10-23 11:04:24,325] - [INFO] - Eval Loss: 4.1985 | Perplexity: 66.58 | Accuracy: 26.99% | Top-5 Accuracy: 54.63%
[2025-10-23 11:04:25,522] - [INFO] - Eval Loss: 4.1176 | Perplexity: 61.41 | Accuracy: 27.72% | Top-5 Accuracy: 56.02%
[2025-10-23 11:04:26,709] - [INFO] - Eval Loss: 4.0324 | Perplexity: 56.40 | Accuracy: 28.45% | Top-5 Accuracy: 57.33%
[2025-10-23 11:04:27,875] - [INFO] - Eval Loss: 4.0067 | Perplexity: 54.97 | Accuracy: 29.76% | Top-5 Accuracy: 57.70%
[2025-10-23 11:04:29,049] - [INFO] - Eval Loss: 3.9504 | Perplexity: 51.96 | Accuracy: 31.22% | Top-5 Accuracy: 58.06%
[2025-10-23 11:04:29,049] - [INFO] - 
=== Running combination ===
[2025-10-23 11:04:29,049] - [INFO] - Embed: 128, Hidden: 512, Top fraction: 0.05, Replace: False, Context: 2
[2025-10-23 11:04:30,779] - [INFO] - Train dataset contains 2194 samples
[2025-10-23 11:04:30,779] - [INFO] - Validation dataset contains 228 samples
[2025-10-23 11:04:30,779] - [INFO] - Test dataset contains 356 samples
[2025-10-23 11:04:30,782] - [INFO] - Top 5.00% frequent words (205) out of 4103 total words
[2025-10-23 11:04:30,782] - [INFO] - The fragment to replace is 6.308780487804879 of the 205 frequent words (205 out of 12933)
[2025-10-23 11:04:30,808] - [INFO] - Replaced 205 / 12933 tokens (1.59%)
[2025-10-23 11:04:30,821] - [INFO] - Replaced 8 / 1371 tokens (0.58%)
[2025-10-23 11:04:30,826] - [INFO] - Replaced 12 / 2088 tokens (0.57%)
[2025-10-23 11:04:30,828] - [INFO] - ==== Example Sentence ====
[2025-10-23 11:04:30,828] - [INFO] - Original:  30년 전쟁의 승자는 누구인가?
[2025-10-23 11:04:30,828] - [INFO] - Tokenized: ['30년', '전쟁의', '승자는', '누구인가', '?']
[2025-10-23 11:04:30,828] - [INFO] - Replaced:  ['30년', '전쟁의', '<UNK', '누구인가', '?']
[2025-10-23 11:04:30,828] - [INFO] - Window:    (tensor([1613,  994]), tensor(1112))
[2025-10-23 11:04:33,716] - [INFO] - Eval Loss: 6.4595 | Perplexity: 638.74 | Accuracy: 20.42% | Top-5 Accuracy: 50.04%
[2025-10-23 11:04:36,586] - [INFO] - Eval Loss: 4.9278 | Perplexity: 138.08 | Accuracy: 20.28% | Top-5 Accuracy: 51.79%
[2025-10-23 11:04:39,456] - [INFO] - Eval Loss: 4.4225 | Perplexity: 83.30 | Accuracy: 21.66% | Top-5 Accuracy: 53.32%
[2025-10-23 11:04:42,330] - [INFO] - Eval Loss: 4.2104 | Perplexity: 67.38 | Accuracy: 27.06% | Top-5 Accuracy: 52.88%
[2025-10-23 11:04:45,205] - [INFO] - Eval Loss: 4.0839 | Perplexity: 59.38 | Accuracy: 27.64% | Top-5 Accuracy: 54.05%
[2025-10-23 11:04:48,072] - [INFO] - Eval Loss: 4.0180 | Perplexity: 55.59 | Accuracy: 29.69% | Top-5 Accuracy: 55.07%
[2025-10-23 11:04:50,944] - [INFO] - Eval Loss: 3.9671 | Perplexity: 52.83 | Accuracy: 30.85% | Top-5 Accuracy: 55.29%
[2025-10-23 11:04:53,820] - [INFO] - Eval Loss: 3.9356 | Perplexity: 51.19 | Accuracy: 31.58% | Top-5 Accuracy: 56.09%
[2025-10-23 11:04:56,691] - [INFO] - Eval Loss: 3.9103 | Perplexity: 49.91 | Accuracy: 32.53% | Top-5 Accuracy: 57.62%
[2025-10-23 11:04:59,562] - [INFO] - Eval Loss: 3.8858 | Perplexity: 48.70 | Accuracy: 33.19% | Top-5 Accuracy: 58.06%
[2025-10-23 11:04:59,562] - [INFO] - 
=== Running combination ===
[2025-10-23 11:04:59,562] - [INFO] - Embed: 128, Hidden: 512, Top fraction: 0.05, Replace: False, Context: 2
[2025-10-23 11:05:01,215] - [INFO] - Train dataset contains 2194 samples
[2025-10-23 11:05:01,215] - [INFO] - Validation dataset contains 228 samples
[2025-10-23 11:05:01,215] - [INFO] - Test dataset contains 356 samples
[2025-10-23 11:05:01,218] - [INFO] - Top 5.00% frequent words (205) out of 4103 total words
[2025-10-23 11:05:01,218] - [INFO] - The fragment to replace is 3.1543902439024394 of the 205 frequent words (205 out of 12933)
[2025-10-23 11:05:01,245] - [INFO] - Replaced 205 / 12933 tokens (1.59%)
[2025-10-23 11:05:01,257] - [INFO] - Replaced 8 / 1371 tokens (0.58%)
[2025-10-23 11:05:01,262] - [INFO] - Replaced 12 / 2088 tokens (0.57%)
[2025-10-23 11:05:01,264] - [INFO] - ==== Example Sentence ====
[2025-10-23 11:05:01,264] - [INFO] - Original:  30년 전쟁의 승자는 누구인가?
[2025-10-23 11:05:01,264] - [INFO] - Tokenized: ['30년', '전쟁의', '승자는', '누구인가', '?']
[2025-10-23 11:05:01,264] - [INFO] - Replaced:  ['30년', '전쟁의', '<UNK', '누구인가', '?']
[2025-10-23 11:05:01,264] - [INFO] - Window:    (tensor([1613,  994]), tensor(1112))
[2025-10-23 11:05:04,152] - [INFO] - Eval Loss: 6.4595 | Perplexity: 638.74 | Accuracy: 20.42% | Top-5 Accuracy: 50.04%
[2025-10-23 11:05:07,025] - [INFO] - Eval Loss: 4.9278 | Perplexity: 138.08 | Accuracy: 20.28% | Top-5 Accuracy: 51.79%
[2025-10-23 11:05:09,897] - [INFO] - Eval Loss: 4.4225 | Perplexity: 83.30 | Accuracy: 21.66% | Top-5 Accuracy: 53.32%
[2025-10-23 11:05:12,767] - [INFO] - Eval Loss: 4.2104 | Perplexity: 67.38 | Accuracy: 27.06% | Top-5 Accuracy: 52.88%
[2025-10-23 11:05:15,642] - [INFO] - Eval Loss: 4.0839 | Perplexity: 59.38 | Accuracy: 27.64% | Top-5 Accuracy: 54.05%
[2025-10-23 11:05:18,512] - [INFO] - Eval Loss: 4.0180 | Perplexity: 55.59 | Accuracy: 29.69% | Top-5 Accuracy: 55.07%
[2025-10-23 11:05:21,383] - [INFO] - Eval Loss: 3.9671 | Perplexity: 52.83 | Accuracy: 30.85% | Top-5 Accuracy: 55.29%
[2025-10-23 11:05:24,256] - [INFO] - Eval Loss: 3.9356 | Perplexity: 51.19 | Accuracy: 31.58% | Top-5 Accuracy: 56.09%
[2025-10-23 11:05:27,290] - [INFO] - Eval Loss: 3.9103 | Perplexity: 49.91 | Accuracy: 32.53% | Top-5 Accuracy: 57.62%
[2025-10-23 11:05:30,379] - [INFO] - Eval Loss: 3.8858 | Perplexity: 48.70 | Accuracy: 33.19% | Top-5 Accuracy: 58.06%
[2025-10-23 11:05:30,379] - [INFO] - 
=== Running combination ===
[2025-10-23 11:05:30,379] - [INFO] - Embed: 128, Hidden: 512, Top fraction: 0.05, Replace: False, Context: 2
[2025-10-23 11:05:32,199] - [INFO] - Train dataset contains 2194 samples
[2025-10-23 11:05:32,199] - [INFO] - Validation dataset contains 228 samples
[2025-10-23 11:05:32,199] - [INFO] - Test dataset contains 356 samples
[2025-10-23 11:05:32,202] - [INFO] - Top 5.00% frequent words (205) out of 4103 total words
[2025-10-23 11:05:32,202] - [INFO] - The fragment to replace is 0.6308780487804879 of the 205 frequent words (205 out of 12933)
[2025-10-23 11:05:32,228] - [INFO] - Replaced 126 / 12933 tokens (0.97%)
[2025-10-23 11:05:32,240] - [INFO] - Replaced 3 / 1371 tokens (0.22%)
[2025-10-23 11:05:32,245] - [INFO] - Replaced 9 / 2088 tokens (0.43%)
[2025-10-23 11:05:32,410] - [INFO] - ==== Example Sentence ====
[2025-10-23 11:05:32,410] - [INFO] - Original:  30년 전쟁의 승자는 누구인가?
[2025-10-23 11:05:32,410] - [INFO] - Tokenized: ['30년', '전쟁의', '승자는', '누구인가', '?']
[2025-10-23 11:05:32,410] - [INFO] - Replaced:  ['30년', '전쟁의', '<UNK', '누구인가', '?']
[2025-10-23 11:05:32,411] - [INFO] - Window:    (tensor([1613,  994]), tensor(1112))
[2025-10-23 11:05:35,313] - [INFO] - Eval Loss: 6.5747 | Perplexity: 716.73 | Accuracy: 20.35% | Top-5 Accuracy: 35.30%
[2025-10-23 11:05:38,200] - [INFO] - Eval Loss: 5.1508 | Perplexity: 172.57 | Accuracy: 20.28% | Top-5 Accuracy: 37.42%
[2025-10-23 11:05:41,089] - [INFO] - Eval Loss: 4.6694 | Perplexity: 106.63 | Accuracy: 21.66% | Top-5 Accuracy: 37.27%
[2025-10-23 11:05:43,976] - [INFO] - Eval Loss: 4.4330 | Perplexity: 84.19 | Accuracy: 22.83% | Top-5 Accuracy: 37.86%
[2025-10-23 11:05:46,861] - [INFO] - Eval Loss: 4.2863 | Perplexity: 72.70 | Accuracy: 23.85% | Top-5 Accuracy: 49.16%
[2025-10-23 11:05:49,749] - [INFO] - Eval Loss: 4.1954 | Perplexity: 66.38 | Accuracy: 24.51% | Top-5 Accuracy: 50.55%
[2025-10-23 11:05:52,632] - [INFO] - Eval Loss: 4.1265 | Perplexity: 61.96 | Accuracy: 25.09% | Top-5 Accuracy: 51.79%
[2025-10-23 11:05:55,518] - [INFO] - Eval Loss: 4.0825 | Perplexity: 59.29 | Accuracy: 25.24% | Top-5 Accuracy: 53.10%
[2025-10-23 11:05:58,405] - [INFO] - Eval Loss: 4.0427 | Perplexity: 56.98 | Accuracy: 26.84% | Top-5 Accuracy: 54.85%
[2025-10-23 11:06:01,292] - [INFO] - Eval Loss: 4.0129 | Perplexity: 55.31 | Accuracy: 29.61% | Top-5 Accuracy: 55.43%
[2025-10-23 11:06:01,292] - [INFO] - 
=== Running combination ===
[2025-10-23 11:06:01,292] - [INFO] - Embed: 128, Hidden: 512, Top fraction: 0.1, Replace: True, Context: 5
[2025-10-23 11:06:02,975] - [INFO] - Train dataset contains 2194 samples
[2025-10-23 11:06:02,975] - [INFO] - Validation dataset contains 228 samples
[2025-10-23 11:06:02,975] - [INFO] - Test dataset contains 356 samples
[2025-10-23 11:06:02,978] - [INFO] - Top 10.00% frequent words (410) out of 4103 total words
[2025-10-23 11:06:02,978] - [INFO] - The fragment to replace is 0.1521708436286622 of the 410 frequent words (8499 out of 12933)
[2025-10-23 11:06:03,006] - [INFO] - Replaced 1334 / 12933 tokens (10.31%)
[2025-10-23 11:06:03,023] - [INFO] - Replaced 114 / 1371 tokens (8.32%)
[2025-10-23 11:06:03,029] - [INFO] - Replaced 200 / 2088 tokens (9.58%)
[2025-10-23 11:06:03,032] - [INFO] - ==== Example Sentence ====
[2025-10-23 11:06:03,032] - [INFO] - Original:  30년 전쟁의 승자는 누구인가?
[2025-10-23 11:06:03,032] - [INFO] - Tokenized: ['30년', '전쟁의', '승자는', '누구인가', '?']
[2025-10-23 11:06:03,032] - [INFO] - Replaced:  ['30년', '전쟁의', '승자는', '누구인가', '<UNK']
[2025-10-23 11:06:03,032] - [INFO] - Window:    (tensor([1613,  994, 1112, 2172, 3970]), tensor(1957))
[2025-10-23 11:06:05,949] - [INFO] - Eval Loss: 4.9063 | Perplexity: 135.14 | Accuracy: 35.45% | Top-5 Accuracy: 57.33%
[2025-10-23 11:06:08,852] - [INFO] - Eval Loss: 4.4471 | Perplexity: 85.38 | Accuracy: 36.40% | Top-5 Accuracy: 59.74%
[2025-10-23 11:06:11,758] - [INFO] - Eval Loss: 4.2211 | Perplexity: 68.11 | Accuracy: 35.74% | Top-5 Accuracy: 60.25%
[2025-10-23 11:06:14,639] - [INFO] - Eval Loss: 4.1112 | Perplexity: 61.02 | Accuracy: 35.38% | Top-5 Accuracy: 60.98%
[2025-10-23 11:06:17,526] - [INFO] - Eval Loss: 4.0206 | Perplexity: 55.74 | Accuracy: 35.81% | Top-5 Accuracy: 61.20%
[2025-10-23 11:06:20,409] - [INFO] - Eval Loss: 3.9851 | Perplexity: 53.79 | Accuracy: 36.11% | Top-5 Accuracy: 61.42%
[2025-10-23 11:06:23,291] - [INFO] - Eval Loss: 3.9538 | Perplexity: 52.13 | Accuracy: 36.25% | Top-5 Accuracy: 62.00%
[2025-10-23 11:06:26,176] - [INFO] - Eval Loss: 3.8935 | Perplexity: 49.08 | Accuracy: 36.98% | Top-5 Accuracy: 62.00%
[2025-10-23 11:06:29,063] - [INFO] - Eval Loss: 3.8845 | Perplexity: 48.64 | Accuracy: 37.42% | Top-5 Accuracy: 62.36%
[2025-10-23 11:06:31,949] - [INFO] - Eval Loss: 3.8708 | Perplexity: 47.98 | Accuracy: 37.56% | Top-5 Accuracy: 62.65%
[2025-10-23 11:06:31,949] - [INFO] - 
=== Running combination ===
[2025-10-23 11:06:31,949] - [INFO] - Embed: 128, Hidden: 512, Top fraction: 0.1, Replace: True, Context: 5
[2025-10-23 11:06:33,511] - [INFO] - Train dataset contains 2194 samples
[2025-10-23 11:06:33,512] - [INFO] - Validation dataset contains 228 samples
[2025-10-23 11:06:33,512] - [INFO] - Test dataset contains 356 samples
[2025-10-23 11:06:33,515] - [INFO] - Top 10.00% frequent words (410) out of 4103 total words
[2025-10-23 11:06:33,515] - [INFO] - The fragment to replace is 0.0760854218143311 of the 410 frequent words (8499 out of 12933)
[2025-10-23 11:06:33,543] - [INFO] - Replaced 621 / 12933 tokens (4.80%)
[2025-10-23 11:06:33,559] - [INFO] - Replaced 49 / 1371 tokens (3.57%)
[2025-10-23 11:06:33,566] - [INFO] - Replaced 92 / 2088 tokens (4.41%)
[2025-10-23 11:06:33,568] - [INFO] - ==== Example Sentence ====
[2025-10-23 11:06:33,568] - [INFO] - Original:  30년 전쟁의 승자는 누구인가?
[2025-10-23 11:06:33,568] - [INFO] - Tokenized: ['30년', '전쟁의', '승자는', '누구인가', '?']
[2025-10-23 11:06:33,568] - [INFO] - Replaced:  ['30년', '전쟁의', '승자는', '누구인가', '<UNK']
[2025-10-23 11:06:33,568] - [INFO] - Window:    (tensor([1613,  994, 1112, 2172, 3970]), tensor(1957))
[2025-10-23 11:06:34,823] - [INFO] - Eval Loss: 5.1745 | Perplexity: 176.71 | Accuracy: 19.26% | Top-5 Accuracy: 54.85%
[2025-10-23 11:06:36,026] - [INFO] - Eval Loss: 4.6571 | Perplexity: 105.33 | Accuracy: 23.78% | Top-5 Accuracy: 57.40%
[2025-10-23 11:06:37,178] - [INFO] - Eval Loss: 4.3649 | Perplexity: 78.64 | Accuracy: 26.19% | Top-5 Accuracy: 58.21%
[2025-10-23 11:06:38,328] - [INFO] - Eval Loss: 4.2277 | Perplexity: 68.56 | Accuracy: 25.38% | Top-5 Accuracy: 59.37%
[2025-10-23 11:06:39,466] - [INFO] - Eval Loss: 4.1284 | Perplexity: 62.08 | Accuracy: 25.82% | Top-5 Accuracy: 59.66%
[2025-10-23 11:06:40,628] - [INFO] - Eval Loss: 4.0777 | Perplexity: 59.01 | Accuracy: 28.23% | Top-5 Accuracy: 60.39%
[2025-10-23 11:06:41,783] - [INFO] - Eval Loss: 4.0419 | Perplexity: 56.94 | Accuracy: 26.55% | Top-5 Accuracy: 60.61%
[2025-10-23 11:06:42,888] - [INFO] - Eval Loss: 3.9828 | Perplexity: 53.66 | Accuracy: 28.37% | Top-5 Accuracy: 60.69%
[2025-10-23 11:06:44,029] - [INFO] - Eval Loss: 3.9717 | Perplexity: 53.07 | Accuracy: 28.52% | Top-5 Accuracy: 61.27%
[2025-10-23 11:06:45,165] - [INFO] - Eval Loss: 3.9366 | Perplexity: 51.24 | Accuracy: 28.52% | Top-5 Accuracy: 61.56%
[2025-10-23 11:06:45,166] - [INFO] - 
=== Running combination ===
[2025-10-23 11:06:45,166] - [INFO] - Embed: 128, Hidden: 512, Top fraction: 0.1, Replace: True, Context: 5
[2025-10-23 11:06:47,149] - [INFO] - Train dataset contains 2194 samples
[2025-10-23 11:06:47,149] - [INFO] - Validation dataset contains 228 samples
[2025-10-23 11:06:47,149] - [INFO] - Test dataset contains 356 samples
[2025-10-23 11:06:47,151] - [INFO] - Top 10.00% frequent words (410) out of 4103 total words
[2025-10-23 11:06:47,151] - [INFO] - The fragment to replace is 0.01521708436286622 of the 410 frequent words (8499 out of 12933)
[2025-10-23 11:06:47,174] - [INFO] - Replaced 124 / 12933 tokens (0.96%)
[2025-10-23 11:06:47,188] - [INFO] - Replaced 9 / 1371 tokens (0.66%)
[2025-10-23 11:06:47,193] - [INFO] - Replaced 19 / 2088 tokens (0.91%)
[2025-10-23 11:06:47,195] - [INFO] - ==== Example Sentence ====
[2025-10-23 11:06:47,195] - [INFO] - Original:  30년 전쟁의 승자는 누구인가?
[2025-10-23 11:06:47,195] - [INFO] - Tokenized: ['30년', '전쟁의', '승자는', '누구인가', '?']
[2025-10-23 11:06:47,195] - [INFO] - Replaced:  ['30년', '전쟁의', '승자는', '누구인가', '?']
[2025-10-23 11:06:47,195] - [INFO] - Window:    (tensor([1613,  994, 1112, 2172, 3970]), tensor(1119))
[2025-10-23 11:06:48,337] - [INFO] - Eval Loss: 5.6200 | Perplexity: 275.88 | Accuracy: 20.50% | Top-5 Accuracy: 32.53%
[2025-10-23 11:06:49,511] - [INFO] - Eval Loss: 5.0132 | Perplexity: 150.38 | Accuracy: 22.54% | Top-5 Accuracy: 34.79%
[2025-10-23 11:06:50,661] - [INFO] - Eval Loss: 4.7075 | Perplexity: 110.77 | Accuracy: 24.36% | Top-5 Accuracy: 37.71%
[2025-10-23 11:06:51,824] - [INFO] - Eval Loss: 4.5614 | Perplexity: 95.72 | Accuracy: 25.31% | Top-5 Accuracy: 39.39%
[2025-10-23 11:06:53,015] - [INFO] - Eval Loss: 4.4309 | Perplexity: 84.01 | Accuracy: 26.40% | Top-5 Accuracy: 42.38%
[2025-10-23 11:06:54,220] - [INFO] - Eval Loss: 4.3609 | Perplexity: 78.33 | Accuracy: 26.55% | Top-5 Accuracy: 42.82%
[2025-10-23 11:06:55,407] - [INFO] - Eval Loss: 4.3088 | Perplexity: 74.35 | Accuracy: 26.99% | Top-5 Accuracy: 40.77%
[2025-10-23 11:06:56,627] - [INFO] - Eval Loss: 4.2341 | Perplexity: 69.00 | Accuracy: 27.21% | Top-5 Accuracy: 42.45%
[2025-10-23 11:06:57,807] - [INFO] - Eval Loss: 4.2107 | Perplexity: 67.40 | Accuracy: 27.64% | Top-5 Accuracy: 42.82%
[2025-10-23 11:06:59,008] - [INFO] - Eval Loss: 4.1766 | Perplexity: 65.15 | Accuracy: 27.86% | Top-5 Accuracy: 43.62%
[2025-10-23 11:06:59,009] - [INFO] - 
=== Running combination ===
[2025-10-23 11:06:59,009] - [INFO] - Embed: 128, Hidden: 512, Top fraction: 0.1, Replace: True, Context: 2
[2025-10-23 11:07:00,779] - [INFO] - Train dataset contains 2194 samples
[2025-10-23 11:07:00,779] - [INFO] - Validation dataset contains 228 samples
[2025-10-23 11:07:00,779] - [INFO] - Test dataset contains 356 samples
[2025-10-23 11:07:00,781] - [INFO] - Top 10.00% frequent words (410) out of 4103 total words
[2025-10-23 11:07:00,781] - [INFO] - The fragment to replace is 0.1521708436286622 of the 410 frequent words (8499 out of 12933)
[2025-10-23 11:07:00,804] - [INFO] - Replaced 1334 / 12933 tokens (10.31%)
[2025-10-23 11:07:00,976] - [INFO] - Replaced 114 / 1371 tokens (8.32%)
[2025-10-23 11:07:00,981] - [INFO] - Replaced 200 / 2088 tokens (9.58%)
[2025-10-23 11:07:00,982] - [INFO] - ==== Example Sentence ====
[2025-10-23 11:07:00,982] - [INFO] - Original:  30년 전쟁의 승자는 누구인가?
[2025-10-23 11:07:00,982] - [INFO] - Tokenized: ['30년', '전쟁의', '승자는', '누구인가', '?']
[2025-10-23 11:07:00,982] - [INFO] - Replaced:  ['30년', '전쟁의', '승자는', '누구인가', '<UNK']
[2025-10-23 11:07:00,983] - [INFO] - Window:    (tensor([1613,  994]), tensor(1112))
[2025-10-23 11:07:02,143] - [INFO] - Eval Loss: 6.0609 | Perplexity: 428.75 | Accuracy: 30.56% | Top-5 Accuracy: 56.53%
[2025-10-23 11:07:03,316] - [INFO] - Eval Loss: 4.5417 | Perplexity: 93.85 | Accuracy: 31.07% | Top-5 Accuracy: 58.21%
[2025-10-23 11:07:04,488] - [INFO] - Eval Loss: 4.2203 | Perplexity: 68.05 | Accuracy: 32.09% | Top-5 Accuracy: 58.79%
[2025-10-23 11:07:05,630] - [INFO] - Eval Loss: 4.0878 | Perplexity: 59.61 | Accuracy: 32.68% | Top-5 Accuracy: 59.45%
[2025-10-23 11:07:06,795] - [INFO] - Eval Loss: 4.0118 | Perplexity: 55.25 | Accuracy: 32.17% | Top-5 Accuracy: 60.39%
[2025-10-23 11:07:07,983] - [INFO] - Eval Loss: 3.9910 | Perplexity: 54.11 | Accuracy: 31.95% | Top-5 Accuracy: 60.61%
[2025-10-23 11:07:09,131] - [INFO] - Eval Loss: 3.9470 | Perplexity: 51.78 | Accuracy: 32.75% | Top-5 Accuracy: 60.90%
[2025-10-23 11:07:10,289] - [INFO] - Eval Loss: 3.9472 | Perplexity: 51.79 | Accuracy: 33.55% | Top-5 Accuracy: 61.63%
[2025-10-23 11:07:11,450] - [INFO] - Eval Loss: 3.9543 | Perplexity: 52.16 | Accuracy: 27.13% | Top-5 Accuracy: 62.00%
[2025-10-23 11:07:12,597] - [INFO] - Eval Loss: 3.9519 | Perplexity: 52.04 | Accuracy: 27.94% | Top-5 Accuracy: 62.36%
[2025-10-23 11:07:12,597] - [INFO] - 
=== Running combination ===
[2025-10-23 11:07:12,597] - [INFO] - Embed: 128, Hidden: 512, Top fraction: 0.1, Replace: True, Context: 2
[2025-10-23 11:07:14,372] - [INFO] - Train dataset contains 2194 samples
[2025-10-23 11:07:14,372] - [INFO] - Validation dataset contains 228 samples
[2025-10-23 11:07:14,372] - [INFO] - Test dataset contains 356 samples
[2025-10-23 11:07:14,375] - [INFO] - Top 10.00% frequent words (410) out of 4103 total words
[2025-10-23 11:07:14,375] - [INFO] - The fragment to replace is 0.0760854218143311 of the 410 frequent words (8499 out of 12933)
[2025-10-23 11:07:14,403] - [INFO] - Replaced 621 / 12933 tokens (4.80%)
[2025-10-23 11:07:14,416] - [INFO] - Replaced 49 / 1371 tokens (3.57%)
[2025-10-23 11:07:14,422] - [INFO] - Replaced 92 / 2088 tokens (4.41%)
[2025-10-23 11:07:14,423] - [INFO] - ==== Example Sentence ====
[2025-10-23 11:07:14,423] - [INFO] - Original:  30년 전쟁의 승자는 누구인가?
[2025-10-23 11:07:14,423] - [INFO] - Tokenized: ['30년', '전쟁의', '승자는', '누구인가', '?']
[2025-10-23 11:07:14,423] - [INFO] - Replaced:  ['30년', '전쟁의', '승자는', '누구인가', '<UNK']
[2025-10-23 11:07:14,424] - [INFO] - Window:    (tensor([1613,  994]), tensor(1112))
[2025-10-23 11:07:17,320] - [INFO] - Eval Loss: 6.4138 | Perplexity: 610.22 | Accuracy: 19.26% | Top-5 Accuracy: 54.63%
[2025-10-23 11:07:20,186] - [INFO] - Eval Loss: 4.7888 | Perplexity: 120.16 | Accuracy: 25.89% | Top-5 Accuracy: 55.36%
[2025-10-23 11:07:23,050] - [INFO] - Eval Loss: 4.3779 | Perplexity: 79.67 | Accuracy: 27.21% | Top-5 Accuracy: 56.31%
[2025-10-23 11:07:25,922] - [INFO] - Eval Loss: 4.2207 | Perplexity: 68.08 | Accuracy: 21.95% | Top-5 Accuracy: 57.70%
[2025-10-23 11:07:28,791] - [INFO] - Eval Loss: 4.1320 | Perplexity: 62.30 | Accuracy: 22.68% | Top-5 Accuracy: 58.35%
[2025-10-23 11:07:31,657] - [INFO] - Eval Loss: 4.0892 | Perplexity: 59.69 | Accuracy: 23.56% | Top-5 Accuracy: 58.94%
[2025-10-23 11:07:34,518] - [INFO] - Eval Loss: 4.0404 | Perplexity: 56.85 | Accuracy: 25.09% | Top-5 Accuracy: 59.37%
[2025-10-23 11:07:37,386] - [INFO] - Eval Loss: 4.0283 | Perplexity: 56.16 | Accuracy: 25.53% | Top-5 Accuracy: 59.74%
[2025-10-23 11:07:40,274] - [INFO] - Eval Loss: 4.0242 | Perplexity: 55.94 | Accuracy: 25.09% | Top-5 Accuracy: 60.25%
[2025-10-23 11:07:43,141] - [INFO] - Eval Loss: 4.0131 | Perplexity: 55.32 | Accuracy: 26.33% | Top-5 Accuracy: 61.12%
[2025-10-23 11:07:43,142] - [INFO] - 
=== Running combination ===
[2025-10-23 11:07:43,142] - [INFO] - Embed: 128, Hidden: 512, Top fraction: 0.1, Replace: True, Context: 2
[2025-10-23 11:07:44,714] - [INFO] - Train dataset contains 2194 samples
[2025-10-23 11:07:44,714] - [INFO] - Validation dataset contains 228 samples
[2025-10-23 11:07:44,714] - [INFO] - Test dataset contains 356 samples
[2025-10-23 11:07:44,717] - [INFO] - Top 10.00% frequent words (410) out of 4103 total words
[2025-10-23 11:07:44,717] - [INFO] - The fragment to replace is 0.01521708436286622 of the 410 frequent words (8499 out of 12933)
[2025-10-23 11:07:44,744] - [INFO] - Replaced 124 / 12933 tokens (0.96%)
[2025-10-23 11:07:44,757] - [INFO] - Replaced 9 / 1371 tokens (0.66%)
[2025-10-23 11:07:44,762] - [INFO] - Replaced 19 / 2088 tokens (0.91%)
[2025-10-23 11:07:44,764] - [INFO] - ==== Example Sentence ====
[2025-10-23 11:07:44,764] - [INFO] - Original:  30년 전쟁의 승자는 누구인가?
[2025-10-23 11:07:44,764] - [INFO] - Tokenized: ['30년', '전쟁의', '승자는', '누구인가', '?']
[2025-10-23 11:07:44,764] - [INFO] - Replaced:  ['30년', '전쟁의', '승자는', '누구인가', '?']
[2025-10-23 11:07:44,764] - [INFO] - Window:    (tensor([1613,  994]), tensor(1112))
[2025-10-23 11:07:45,989] - [INFO] - Eval Loss: 6.6430 | Perplexity: 767.43 | Accuracy: 20.20% | Top-5 Accuracy: 32.68%
[2025-10-23 11:07:47,194] - [INFO] - Eval Loss: 5.2646 | Perplexity: 193.36 | Accuracy: 20.13% | Top-5 Accuracy: 34.50%
[2025-10-23 11:07:48,373] - [INFO] - Eval Loss: 4.7893 | Perplexity: 120.22 | Accuracy: 21.52% | Top-5 Accuracy: 34.72%
[2025-10-23 11:07:49,563] - [INFO] - Eval Loss: 4.5639 | Perplexity: 95.96 | Accuracy: 22.68% | Top-5 Accuracy: 35.38%
[2025-10-23 11:07:50,738] - [INFO] - Eval Loss: 4.4314 | Perplexity: 84.05 | Accuracy: 22.90% | Top-5 Accuracy: 36.83%
[2025-10-23 11:07:51,925] - [INFO] - Eval Loss: 4.3568 | Perplexity: 78.00 | Accuracy: 24.36% | Top-5 Accuracy: 37.86%
[2025-10-23 11:07:53,091] - [INFO] - Eval Loss: 4.2990 | Perplexity: 73.63 | Accuracy: 24.65% | Top-5 Accuracy: 38.66%
[2025-10-23 11:07:54,268] - [INFO] - Eval Loss: 4.2750 | Perplexity: 71.88 | Accuracy: 25.09% | Top-5 Accuracy: 39.61%
[2025-10-23 11:07:55,458] - [INFO] - Eval Loss: 4.2553 | Perplexity: 70.48 | Accuracy: 25.31% | Top-5 Accuracy: 41.06%
[2025-10-23 11:07:56,623] - [INFO] - Eval Loss: 4.2442 | Perplexity: 69.70 | Accuracy: 26.26% | Top-5 Accuracy: 41.72%
[2025-10-23 11:07:56,623] - [INFO] - 
=== Running combination ===
[2025-10-23 11:07:56,623] - [INFO] - Embed: 128, Hidden: 512, Top fraction: 0.1, Replace: False, Context: 5
[2025-10-23 11:07:58,162] - [INFO] - Train dataset contains 2194 samples
[2025-10-23 11:07:58,162] - [INFO] - Validation dataset contains 228 samples
[2025-10-23 11:07:58,162] - [INFO] - Test dataset contains 356 samples
[2025-10-23 11:07:58,164] - [INFO] - Top 10.00% frequent words (410) out of 4103 total words
[2025-10-23 11:07:58,164] - [INFO] - The fragment to replace is 3.1543902439024394 of the 410 frequent words (410 out of 12933)
[2025-10-23 11:07:58,186] - [INFO] - Replaced 410 / 12933 tokens (3.17%)
[2025-10-23 11:07:58,328] - [INFO] - Replaced 14 / 1371 tokens (1.02%)
[2025-10-23 11:07:58,332] - [INFO] - Replaced 29 / 2088 tokens (1.39%)
[2025-10-23 11:07:58,334] - [INFO] - ==== Example Sentence ====
[2025-10-23 11:07:58,334] - [INFO] - Original:  30년 전쟁의 승자는 누구인가?
[2025-10-23 11:07:58,335] - [INFO] - Tokenized: ['30년', '전쟁의', '승자는', '누구인가', '?']
[2025-10-23 11:07:58,335] - [INFO] - Replaced:  ['30년', '전쟁의', '<UNK', '누구인가', '?']
[2025-10-23 11:07:58,335] - [INFO] - Window:    (tensor([1613,  994, 1112, 1957, 3970]), tensor(1119))
[2025-10-23 11:07:59,530] - [INFO] - Eval Loss: 5.0424 | Perplexity: 154.84 | Accuracy: 20.71% | Top-5 Accuracy: 53.83%
[2025-10-23 11:08:00,661] - [INFO] - Eval Loss: 4.4108 | Perplexity: 82.33 | Accuracy: 36.25% | Top-5 Accuracy: 56.75%
[2025-10-23 11:08:01,789] - [INFO] - Eval Loss: 4.1195 | Perplexity: 61.53 | Accuracy: 36.69% | Top-5 Accuracy: 57.84%
[2025-10-23 11:08:02,920] - [INFO] - Eval Loss: 4.0175 | Perplexity: 55.56 | Accuracy: 37.93% | Top-5 Accuracy: 58.64%
[2025-10-23 11:08:04,014] - [INFO] - Eval Loss: 3.9241 | Perplexity: 50.61 | Accuracy: 32.75% | Top-5 Accuracy: 58.42%
[2025-10-23 11:08:05,140] - [INFO] - Eval Loss: 3.8384 | Perplexity: 46.45 | Accuracy: 33.41% | Top-5 Accuracy: 58.72%
[2025-10-23 11:08:06,276] - [INFO] - Eval Loss: 3.7957 | Perplexity: 44.51 | Accuracy: 33.92% | Top-5 Accuracy: 59.59%
[2025-10-23 11:08:07,403] - [INFO] - Eval Loss: 3.7205 | Perplexity: 41.29 | Accuracy: 34.14% | Top-5 Accuracy: 60.32%
[2025-10-23 11:08:08,560] - [INFO] - Eval Loss: 3.7080 | Perplexity: 40.77 | Accuracy: 34.43% | Top-5 Accuracy: 60.61%
[2025-10-23 11:08:09,694] - [INFO] - Eval Loss: 3.6593 | Perplexity: 38.83 | Accuracy: 34.57% | Top-5 Accuracy: 61.71%
[2025-10-23 11:08:09,695] - [INFO] - 
=== Running combination ===
[2025-10-23 11:08:09,695] - [INFO] - Embed: 128, Hidden: 512, Top fraction: 0.1, Replace: False, Context: 5
[2025-10-23 11:08:11,429] - [INFO] - Train dataset contains 2194 samples
[2025-10-23 11:08:11,429] - [INFO] - Validation dataset contains 228 samples
[2025-10-23 11:08:11,429] - [INFO] - Test dataset contains 356 samples
[2025-10-23 11:08:11,432] - [INFO] - Top 10.00% frequent words (410) out of 4103 total words
[2025-10-23 11:08:11,432] - [INFO] - The fragment to replace is 1.5771951219512197 of the 410 frequent words (410 out of 12933)
[2025-10-23 11:08:11,454] - [INFO] - Replaced 410 / 12933 tokens (3.17%)
[2025-10-23 11:08:11,468] - [INFO] - Replaced 14 / 1371 tokens (1.02%)
[2025-10-23 11:08:11,473] - [INFO] - Replaced 29 / 2088 tokens (1.39%)
[2025-10-23 11:08:11,475] - [INFO] - ==== Example Sentence ====
[2025-10-23 11:08:11,475] - [INFO] - Original:  30년 전쟁의 승자는 누구인가?
[2025-10-23 11:08:11,475] - [INFO] - Tokenized: ['30년', '전쟁의', '승자는', '누구인가', '?']
[2025-10-23 11:08:11,475] - [INFO] - Replaced:  ['30년', '전쟁의', '<UNK', '누구인가', '?']
[2025-10-23 11:08:11,475] - [INFO] - Window:    (tensor([1613,  994, 1112, 1957, 3970]), tensor(1119))
[2025-10-23 11:08:12,619] - [INFO] - Eval Loss: 5.0424 | Perplexity: 154.84 | Accuracy: 20.71% | Top-5 Accuracy: 53.83%
[2025-10-23 11:08:13,762] - [INFO] - Eval Loss: 4.4108 | Perplexity: 82.33 | Accuracy: 36.25% | Top-5 Accuracy: 56.75%
[2025-10-23 11:08:14,887] - [INFO] - Eval Loss: 4.1195 | Perplexity: 61.53 | Accuracy: 36.69% | Top-5 Accuracy: 57.84%
[2025-10-23 11:08:16,027] - [INFO] - Eval Loss: 4.0175 | Perplexity: 55.56 | Accuracy: 37.93% | Top-5 Accuracy: 58.64%
[2025-10-23 11:08:17,153] - [INFO] - Eval Loss: 3.9241 | Perplexity: 50.61 | Accuracy: 32.75% | Top-5 Accuracy: 58.42%
[2025-10-23 11:08:18,252] - [INFO] - Eval Loss: 3.8384 | Perplexity: 46.45 | Accuracy: 33.41% | Top-5 Accuracy: 58.72%
[2025-10-23 11:08:19,369] - [INFO] - Eval Loss: 3.7957 | Perplexity: 44.51 | Accuracy: 33.92% | Top-5 Accuracy: 59.59%
[2025-10-23 11:08:20,515] - [INFO] - Eval Loss: 3.7205 | Perplexity: 41.29 | Accuracy: 34.14% | Top-5 Accuracy: 60.32%
[2025-10-23 11:08:21,710] - [INFO] - Eval Loss: 3.7080 | Perplexity: 40.77 | Accuracy: 34.43% | Top-5 Accuracy: 60.61%
[2025-10-23 11:08:22,910] - [INFO] - Eval Loss: 3.6593 | Perplexity: 38.83 | Accuracy: 34.57% | Top-5 Accuracy: 61.71%
[2025-10-23 11:08:22,910] - [INFO] - 
=== Running combination ===
[2025-10-23 11:08:22,910] - [INFO] - Embed: 128, Hidden: 512, Top fraction: 0.1, Replace: False, Context: 5
[2025-10-23 11:08:24,612] - [INFO] - Train dataset contains 2194 samples
[2025-10-23 11:08:24,612] - [INFO] - Validation dataset contains 228 samples
[2025-10-23 11:08:24,612] - [INFO] - Test dataset contains 356 samples
[2025-10-23 11:08:24,615] - [INFO] - Top 10.00% frequent words (410) out of 4103 total words
[2025-10-23 11:08:24,615] - [INFO] - The fragment to replace is 0.31543902439024396 of the 410 frequent words (410 out of 12933)
[2025-10-23 11:08:24,642] - [INFO] - Replaced 141 / 12933 tokens (1.09%)
[2025-10-23 11:08:24,658] - [INFO] - Replaced 5 / 1371 tokens (0.36%)
[2025-10-23 11:08:24,664] - [INFO] - Replaced 13 / 2088 tokens (0.62%)
[2025-10-23 11:08:24,666] - [INFO] - ==== Example Sentence ====
[2025-10-23 11:08:24,666] - [INFO] - Original:  30년 전쟁의 승자는 누구인가?
[2025-10-23 11:08:24,666] - [INFO] - Tokenized: ['30년', '전쟁의', '승자는', '누구인가', '?']
[2025-10-23 11:08:24,666] - [INFO] - Replaced:  ['30년', '전쟁의', '<UNK', '누구인가', '?']
[2025-10-23 11:08:24,667] - [INFO] - Window:    (tensor([1613,  994, 1112, 1957, 3970]), tensor(1119))
[2025-10-23 11:08:27,562] - [INFO] - Eval Loss: 5.4866 | Perplexity: 241.44 | Accuracy: 20.57% | Top-5 Accuracy: 32.90%
[2025-10-23 11:08:30,442] - [INFO] - Eval Loss: 4.8695 | Perplexity: 130.26 | Accuracy: 22.90% | Top-5 Accuracy: 47.41%
[2025-10-23 11:08:33,321] - [INFO] - Eval Loss: 4.5805 | Perplexity: 97.56 | Accuracy: 24.95% | Top-5 Accuracy: 49.89%
[2025-10-23 11:08:36,199] - [INFO] - Eval Loss: 4.4169 | Perplexity: 82.84 | Accuracy: 25.53% | Top-5 Accuracy: 52.15%
[2025-10-23 11:08:39,076] - [INFO] - Eval Loss: 4.2915 | Perplexity: 73.07 | Accuracy: 26.55% | Top-5 Accuracy: 53.10%
[2025-10-23 11:08:41,958] - [INFO] - Eval Loss: 4.2090 | Perplexity: 67.29 | Accuracy: 26.91% | Top-5 Accuracy: 53.90%
[2025-10-23 11:08:44,841] - [INFO] - Eval Loss: 4.1298 | Perplexity: 62.16 | Accuracy: 27.28% | Top-5 Accuracy: 55.36%
[2025-10-23 11:08:47,724] - [INFO] - Eval Loss: 4.0513 | Perplexity: 57.47 | Accuracy: 27.72% | Top-5 Accuracy: 56.67%
[2025-10-23 11:08:50,610] - [INFO] - Eval Loss: 4.0104 | Perplexity: 55.17 | Accuracy: 28.15% | Top-5 Accuracy: 57.18%
[2025-10-23 11:08:53,490] - [INFO] - Eval Loss: 3.9745 | Perplexity: 53.22 | Accuracy: 29.32% | Top-5 Accuracy: 58.21%
[2025-10-23 11:08:53,491] - [INFO] - 
=== Running combination ===
[2025-10-23 11:08:53,491] - [INFO] - Embed: 128, Hidden: 512, Top fraction: 0.1, Replace: False, Context: 2
[2025-10-23 11:08:55,098] - [INFO] - Train dataset contains 2194 samples
[2025-10-23 11:08:55,098] - [INFO] - Validation dataset contains 228 samples
[2025-10-23 11:08:55,098] - [INFO] - Test dataset contains 356 samples
[2025-10-23 11:08:55,101] - [INFO] - Top 10.00% frequent words (410) out of 4103 total words
[2025-10-23 11:08:55,101] - [INFO] - The fragment to replace is 3.1543902439024394 of the 410 frequent words (410 out of 12933)
[2025-10-23 11:08:55,127] - [INFO] - Replaced 410 / 12933 tokens (3.17%)
[2025-10-23 11:08:55,315] - [INFO] - Replaced 14 / 1371 tokens (1.02%)
[2025-10-23 11:08:55,321] - [INFO] - Replaced 29 / 2088 tokens (1.39%)
[2025-10-23 11:08:55,322] - [INFO] - ==== Example Sentence ====
[2025-10-23 11:08:55,322] - [INFO] - Original:  30년 전쟁의 승자는 누구인가?
[2025-10-23 11:08:55,322] - [INFO] - Tokenized: ['30년', '전쟁의', '승자는', '누구인가', '?']
[2025-10-23 11:08:55,322] - [INFO] - Replaced:  ['30년', '전쟁의', '<UNK', '누구인가', '?']
[2025-10-23 11:08:55,323] - [INFO] - Window:    (tensor([1613,  994]), tensor(1112))
[2025-10-23 11:08:58,216] - [INFO] - Eval Loss: 6.2409 | Perplexity: 513.33 | Accuracy: 32.24% | Top-5 Accuracy: 53.68%
[2025-10-23 11:09:01,095] - [INFO] - Eval Loss: 4.6217 | Perplexity: 101.67 | Accuracy: 29.76% | Top-5 Accuracy: 54.49%
[2025-10-23 11:09:03,975] - [INFO] - Eval Loss: 4.2181 | Perplexity: 67.91 | Accuracy: 32.02% | Top-5 Accuracy: 56.60%
[2025-10-23 11:09:06,854] - [INFO] - Eval Loss: 4.0535 | Perplexity: 57.60 | Accuracy: 27.43% | Top-5 Accuracy: 56.53%
[2025-10-23 11:09:09,733] - [INFO] - Eval Loss: 3.9463 | Perplexity: 51.74 | Accuracy: 28.96% | Top-5 Accuracy: 57.55%
[2025-10-23 11:09:12,612] - [INFO] - Eval Loss: 3.8773 | Perplexity: 48.30 | Accuracy: 31.07% | Top-5 Accuracy: 58.42%
[2025-10-23 11:09:15,499] - [INFO] - Eval Loss: 3.8246 | Perplexity: 45.82 | Accuracy: 31.87% | Top-5 Accuracy: 58.42%
[2025-10-23 11:09:18,385] - [INFO] - Eval Loss: 3.7905 | Perplexity: 44.28 | Accuracy: 32.24% | Top-5 Accuracy: 59.52%
[2025-10-23 11:09:21,273] - [INFO] - Eval Loss: 3.7620 | Perplexity: 43.03 | Accuracy: 32.90% | Top-5 Accuracy: 60.69%
[2025-10-23 11:09:24,161] - [INFO] - Eval Loss: 3.7396 | Perplexity: 42.08 | Accuracy: 33.70% | Top-5 Accuracy: 61.27%
[2025-10-23 11:09:24,162] - [INFO] - 
=== Running combination ===
[2025-10-23 11:09:24,162] - [INFO] - Embed: 128, Hidden: 512, Top fraction: 0.1, Replace: False, Context: 2
[2025-10-23 11:09:25,741] - [INFO] - Train dataset contains 2194 samples
[2025-10-23 11:09:25,741] - [INFO] - Validation dataset contains 228 samples
[2025-10-23 11:09:25,741] - [INFO] - Test dataset contains 356 samples
[2025-10-23 11:09:25,744] - [INFO] - Top 10.00% frequent words (410) out of 4103 total words
[2025-10-23 11:09:25,744] - [INFO] - The fragment to replace is 1.5771951219512197 of the 410 frequent words (410 out of 12933)
[2025-10-23 11:09:25,771] - [INFO] - Replaced 410 / 12933 tokens (3.17%)
[2025-10-23 11:09:25,784] - [INFO] - Replaced 14 / 1371 tokens (1.02%)
[2025-10-23 11:09:25,789] - [INFO] - Replaced 29 / 2088 tokens (1.39%)
[2025-10-23 11:09:25,791] - [INFO] - ==== Example Sentence ====
[2025-10-23 11:09:25,791] - [INFO] - Original:  30년 전쟁의 승자는 누구인가?
[2025-10-23 11:09:25,791] - [INFO] - Tokenized: ['30년', '전쟁의', '승자는', '누구인가', '?']
[2025-10-23 11:09:25,791] - [INFO] - Replaced:  ['30년', '전쟁의', '<UNK', '누구인가', '?']
[2025-10-23 11:09:25,791] - [INFO] - Window:    (tensor([1613,  994]), tensor(1112))
[2025-10-23 11:09:28,692] - [INFO] - Eval Loss: 6.2409 | Perplexity: 513.33 | Accuracy: 32.24% | Top-5 Accuracy: 53.68%
[2025-10-23 11:09:31,570] - [INFO] - Eval Loss: 4.6217 | Perplexity: 101.67 | Accuracy: 29.76% | Top-5 Accuracy: 54.49%
[2025-10-23 11:09:34,447] - [INFO] - Eval Loss: 4.2181 | Perplexity: 67.91 | Accuracy: 32.02% | Top-5 Accuracy: 56.60%
[2025-10-23 11:09:37,322] - [INFO] - Eval Loss: 4.0535 | Perplexity: 57.60 | Accuracy: 27.43% | Top-5 Accuracy: 56.53%
[2025-10-23 11:09:40,201] - [INFO] - Eval Loss: 3.9463 | Perplexity: 51.74 | Accuracy: 28.96% | Top-5 Accuracy: 57.55%
[2025-10-23 11:09:43,085] - [INFO] - Eval Loss: 3.8773 | Perplexity: 48.30 | Accuracy: 31.07% | Top-5 Accuracy: 58.42%
[2025-10-23 11:09:45,959] - [INFO] - Eval Loss: 3.8246 | Perplexity: 45.82 | Accuracy: 31.87% | Top-5 Accuracy: 58.42%
[2025-10-23 11:09:48,836] - [INFO] - Eval Loss: 3.7905 | Perplexity: 44.28 | Accuracy: 32.24% | Top-5 Accuracy: 59.52%
[2025-10-23 11:09:51,714] - [INFO] - Eval Loss: 3.7620 | Perplexity: 43.03 | Accuracy: 32.90% | Top-5 Accuracy: 60.69%
[2025-10-23 11:09:54,586] - [INFO] - Eval Loss: 3.7396 | Perplexity: 42.08 | Accuracy: 33.70% | Top-5 Accuracy: 61.27%
[2025-10-23 11:09:54,586] - [INFO] - 
=== Running combination ===
[2025-10-23 11:09:54,586] - [INFO] - Embed: 128, Hidden: 512, Top fraction: 0.1, Replace: False, Context: 2
[2025-10-23 11:09:56,378] - [INFO] - Train dataset contains 2194 samples
[2025-10-23 11:09:56,378] - [INFO] - Validation dataset contains 228 samples
[2025-10-23 11:09:56,378] - [INFO] - Test dataset contains 356 samples
[2025-10-23 11:09:56,381] - [INFO] - Top 10.00% frequent words (410) out of 4103 total words
[2025-10-23 11:09:56,381] - [INFO] - The fragment to replace is 0.31543902439024396 of the 410 frequent words (410 out of 12933)
[2025-10-23 11:09:56,408] - [INFO] - Replaced 141 / 12933 tokens (1.09%)
[2025-10-23 11:09:56,421] - [INFO] - Replaced 5 / 1371 tokens (0.36%)
[2025-10-23 11:09:56,426] - [INFO] - Replaced 13 / 2088 tokens (0.62%)
[2025-10-23 11:09:56,428] - [INFO] - ==== Example Sentence ====
[2025-10-23 11:09:56,428] - [INFO] - Original:  30년 전쟁의 승자는 누구인가?
[2025-10-23 11:09:56,428] - [INFO] - Tokenized: ['30년', '전쟁의', '승자는', '누구인가', '?']
[2025-10-23 11:09:56,428] - [INFO] - Replaced:  ['30년', '전쟁의', '<UNK', '누구인가', '?']
[2025-10-23 11:09:56,428] - [INFO] - Window:    (tensor([1613,  994]), tensor(1112))
[2025-10-23 11:09:57,787] - [INFO] - Eval Loss: 6.5673 | Perplexity: 711.42 | Accuracy: 20.35% | Top-5 Accuracy: 35.52%
[2025-10-23 11:09:59,005] - [INFO] - Eval Loss: 5.1375 | Perplexity: 170.29 | Accuracy: 20.28% | Top-5 Accuracy: 37.64%
[2025-10-23 11:10:00,188] - [INFO] - Eval Loss: 4.6565 | Perplexity: 105.26 | Accuracy: 21.66% | Top-5 Accuracy: 35.30%
[2025-10-23 11:10:01,375] - [INFO] - Eval Loss: 4.4237 | Perplexity: 83.40 | Accuracy: 22.83% | Top-5 Accuracy: 42.67%
[2025-10-23 11:10:02,558] - [INFO] - Eval Loss: 4.2847 | Perplexity: 72.58 | Accuracy: 23.85% | Top-5 Accuracy: 44.86%
[2025-10-23 11:10:03,750] - [INFO] - Eval Loss: 4.1975 | Perplexity: 66.52 | Accuracy: 24.65% | Top-5 Accuracy: 50.77%
[2025-10-23 11:10:04,962] - [INFO] - Eval Loss: 4.1261 | Perplexity: 61.94 | Accuracy: 25.02% | Top-5 Accuracy: 51.79%
[2025-10-23 11:10:06,135] - [INFO] - Eval Loss: 4.0894 | Perplexity: 59.70 | Accuracy: 26.04% | Top-5 Accuracy: 52.88%
[2025-10-23 11:10:07,325] - [INFO] - Eval Loss: 4.0479 | Perplexity: 57.28 | Accuracy: 26.84% | Top-5 Accuracy: 54.78%
[2025-10-23 11:10:08,527] - [INFO] - Eval Loss: 4.0222 | Perplexity: 55.83 | Accuracy: 27.50% | Top-5 Accuracy: 56.16%
[2025-10-23 11:10:08,527] - [INFO] - 
=== Running combination ===
[2025-10-23 11:10:08,527] - [INFO] - Embed: 256, Hidden: 128, Top fraction: 0.01, Replace: True, Context: 5
[2025-10-23 11:10:10,211] - [INFO] - Train dataset contains 2194 samples
[2025-10-23 11:10:10,211] - [INFO] - Validation dataset contains 228 samples
[2025-10-23 11:10:10,211] - [INFO] - Test dataset contains 356 samples
[2025-10-23 11:10:10,214] - [INFO] - Top 1.00% frequent words (41) out of 4103 total words
[2025-10-23 11:10:10,214] - [INFO] - The fragment to replace is 0.21976210705182672 of the 41 frequent words (5885 out of 12933)
[2025-10-23 11:10:10,242] - [INFO] - Replaced 1308 / 12933 tokens (10.11%)
[2025-10-23 11:10:10,415] - [INFO] - Replaced 152 / 1371 tokens (11.09%)
[2025-10-23 11:10:10,421] - [INFO] - Replaced 213 / 2088 tokens (10.20%)
[2025-10-23 11:10:10,423] - [INFO] - ==== Example Sentence ====
[2025-10-23 11:10:10,423] - [INFO] - Original:  30년 전쟁의 승자는 누구인가?
[2025-10-23 11:10:10,423] - [INFO] - Tokenized: ['30년', '전쟁의', '승자는', '누구인가', '?']
[2025-10-23 11:10:10,423] - [INFO] - Replaced:  ['30년', '전쟁의', '승자는', '누구인가', '?']
[2025-10-23 11:10:10,424] - [INFO] - Window:    (tensor([1613,  994, 1112, 2172, 3970]), tensor(1119))
[2025-10-23 11:10:11,679] - [INFO] - Eval Loss: 5.7400 | Perplexity: 311.06 | Accuracy: 31.44% | Top-5 Accuracy: 51.79%
[2025-10-23 11:10:12,815] - [INFO] - Eval Loss: 5.1225 | Perplexity: 167.75 | Accuracy: 24.95% | Top-5 Accuracy: 55.65%
[2025-10-23 11:10:13,949] - [INFO] - Eval Loss: 4.8634 | Perplexity: 129.46 | Accuracy: 33.63% | Top-5 Accuracy: 57.99%
[2025-10-23 11:10:15,007] - [INFO] - Eval Loss: 4.7020 | Perplexity: 110.16 | Accuracy: 32.17% | Top-5 Accuracy: 58.64%
[2025-10-23 11:10:15,979] - [INFO] - Eval Loss: 4.5878 | Perplexity: 98.27 | Accuracy: 34.72% | Top-5 Accuracy: 58.06%
[2025-10-23 11:10:16,978] - [INFO] - Eval Loss: 4.4935 | Perplexity: 89.43 | Accuracy: 34.57% | Top-5 Accuracy: 58.35%
[2025-10-23 11:10:17,979] - [INFO] - Eval Loss: 4.4447 | Perplexity: 85.18 | Accuracy: 29.54% | Top-5 Accuracy: 58.64%
[2025-10-23 11:10:18,956] - [INFO] - Eval Loss: 4.3911 | Perplexity: 80.73 | Accuracy: 26.04% | Top-5 Accuracy: 58.79%
[2025-10-23 11:10:19,942] - [INFO] - Eval Loss: 4.3568 | Perplexity: 78.01 | Accuracy: 22.98% | Top-5 Accuracy: 58.79%
[2025-10-23 11:10:20,920] - [INFO] - Eval Loss: 4.3320 | Perplexity: 76.10 | Accuracy: 32.97% | Top-5 Accuracy: 59.23%
[2025-10-23 11:10:20,920] - [INFO] - 
=== Running combination ===
[2025-10-23 11:10:20,920] - [INFO] - Embed: 256, Hidden: 128, Top fraction: 0.01, Replace: True, Context: 5
[2025-10-23 11:10:22,865] - [INFO] - Train dataset contains 2194 samples
[2025-10-23 11:10:22,865] - [INFO] - Validation dataset contains 228 samples
[2025-10-23 11:10:22,865] - [INFO] - Test dataset contains 356 samples
[2025-10-23 11:10:22,868] - [INFO] - Top 1.00% frequent words (41) out of 4103 total words
[2025-10-23 11:10:22,868] - [INFO] - The fragment to replace is 0.10988105352591336 of the 41 frequent words (5885 out of 12933)
[2025-10-23 11:10:22,890] - [INFO] - Replaced 642 / 12933 tokens (4.96%)
[2025-10-23 11:10:22,905] - [INFO] - Replaced 75 / 1371 tokens (5.47%)
[2025-10-23 11:10:22,910] - [INFO] - Replaced 111 / 2088 tokens (5.32%)
[2025-10-23 11:10:22,912] - [INFO] - ==== Example Sentence ====
[2025-10-23 11:10:22,912] - [INFO] - Original:  30년 전쟁의 승자는 누구인가?
[2025-10-23 11:10:22,912] - [INFO] - Tokenized: ['30년', '전쟁의', '승자는', '누구인가', '?']
[2025-10-23 11:10:22,912] - [INFO] - Replaced:  ['30년', '전쟁의', '승자는', '누구인가', '?']
[2025-10-23 11:10:22,912] - [INFO] - Window:    (tensor([1613,  994, 1112, 2172, 3970]), tensor(1119))
[2025-10-23 11:10:23,978] - [INFO] - Eval Loss: 6.1091 | Perplexity: 449.92 | Accuracy: 16.85% | Top-5 Accuracy: 49.45%
[2025-10-23 11:10:24,966] - [INFO] - Eval Loss: 5.2837 | Perplexity: 197.10 | Accuracy: 19.77% | Top-5 Accuracy: 54.12%
[2025-10-23 11:10:25,946] - [INFO] - Eval Loss: 5.0347 | Perplexity: 153.66 | Accuracy: 22.47% | Top-5 Accuracy: 56.60%
[2025-10-23 11:10:26,966] - [INFO] - Eval Loss: 4.8569 | Perplexity: 128.63 | Accuracy: 22.54% | Top-5 Accuracy: 57.40%
[2025-10-23 11:10:28,025] - [INFO] - Eval Loss: 4.7307 | Perplexity: 113.37 | Accuracy: 23.19% | Top-5 Accuracy: 57.99%
[2025-10-23 11:10:29,783] - [INFO] - Eval Loss: 4.6284 | Perplexity: 102.36 | Accuracy: 22.54% | Top-5 Accuracy: 58.21%
[2025-10-23 11:10:32,669] - [INFO] - Eval Loss: 4.5664 | Perplexity: 96.19 | Accuracy: 23.05% | Top-5 Accuracy: 58.79%
[2025-10-23 11:10:35,552] - [INFO] - Eval Loss: 4.4984 | Perplexity: 89.87 | Accuracy: 23.19% | Top-5 Accuracy: 59.30%
[2025-10-23 11:10:38,435] - [INFO] - Eval Loss: 4.4500 | Perplexity: 85.62 | Accuracy: 23.19% | Top-5 Accuracy: 59.66%
[2025-10-23 11:10:41,321] - [INFO] - Eval Loss: 4.4345 | Perplexity: 84.31 | Accuracy: 23.41% | Top-5 Accuracy: 59.74%
[2025-10-23 11:10:41,321] - [INFO] - 
=== Running combination ===
[2025-10-23 11:10:41,321] - [INFO] - Embed: 256, Hidden: 128, Top fraction: 0.01, Replace: True, Context: 5
[2025-10-23 11:10:43,208] - [INFO] - Train dataset contains 2194 samples
[2025-10-23 11:10:43,208] - [INFO] - Validation dataset contains 228 samples
[2025-10-23 11:10:43,208] - [INFO] - Test dataset contains 356 samples
[2025-10-23 11:10:43,211] - [INFO] - Top 1.00% frequent words (41) out of 4103 total words
[2025-10-23 11:10:43,211] - [INFO] - The fragment to replace is 0.02197621070518267 of the 41 frequent words (5885 out of 12933)
[2025-10-23 11:10:43,239] - [INFO] - Replaced 121 / 12933 tokens (0.94%)
[2025-10-23 11:10:43,255] - [INFO] - Replaced 15 / 1371 tokens (1.09%)
[2025-10-23 11:10:43,261] - [INFO] - Replaced 22 / 2088 tokens (1.05%)
[2025-10-23 11:10:43,263] - [INFO] - ==== Example Sentence ====
[2025-10-23 11:10:43,263] - [INFO] - Original:  30년 전쟁의 승자는 누구인가?
[2025-10-23 11:10:43,263] - [INFO] - Tokenized: ['30년', '전쟁의', '승자는', '누구인가', '?']
[2025-10-23 11:10:43,263] - [INFO] - Replaced:  ['30년', '전쟁의', '승자는', '누구인가', '?']
[2025-10-23 11:10:43,264] - [INFO] - Window:    (tensor([1613,  994, 1112, 2172, 3970]), tensor(1119))
[2025-10-23 11:10:46,177] - [INFO] - Eval Loss: 6.4726 | Perplexity: 647.16 | Accuracy: 18.23% | Top-5 Accuracy: 32.31%
[2025-10-23 11:10:49,074] - [INFO] - Eval Loss: 5.6450 | Perplexity: 282.88 | Accuracy: 20.42% | Top-5 Accuracy: 33.04%
[2025-10-23 11:10:51,961] - [INFO] - Eval Loss: 5.3398 | Perplexity: 208.47 | Accuracy: 22.25% | Top-5 Accuracy: 35.23%
[2025-10-23 11:10:54,847] - [INFO] - Eval Loss: 5.1439 | Perplexity: 171.38 | Accuracy: 23.85% | Top-5 Accuracy: 36.54%
[2025-10-23 11:10:57,735] - [INFO] - Eval Loss: 5.0162 | Perplexity: 150.84 | Accuracy: 24.29% | Top-5 Accuracy: 37.71%
[2025-10-23 11:11:00,621] - [INFO] - Eval Loss: 4.8739 | Perplexity: 130.83 | Accuracy: 24.73% | Top-5 Accuracy: 39.39%
[2025-10-23 11:11:03,518] - [INFO] - Eval Loss: 4.7870 | Perplexity: 119.94 | Accuracy: 25.31% | Top-5 Accuracy: 42.16%
[2025-10-23 11:11:06,418] - [INFO] - Eval Loss: 4.6966 | Perplexity: 109.57 | Accuracy: 25.53% | Top-5 Accuracy: 42.52%
[2025-10-23 11:11:09,314] - [INFO] - Eval Loss: 4.6585 | Perplexity: 105.48 | Accuracy: 25.89% | Top-5 Accuracy: 40.55%
[2025-10-23 11:11:12,210] - [INFO] - Eval Loss: 4.5970 | Perplexity: 99.19 | Accuracy: 25.75% | Top-5 Accuracy: 43.98%
[2025-10-23 11:11:12,211] - [INFO] - 
=== Running combination ===
[2025-10-23 11:11:12,211] - [INFO] - Embed: 256, Hidden: 128, Top fraction: 0.01, Replace: True, Context: 2
[2025-10-23 11:11:13,908] - [INFO] - Train dataset contains 2194 samples
[2025-10-23 11:11:13,908] - [INFO] - Validation dataset contains 228 samples
[2025-10-23 11:11:13,908] - [INFO] - Test dataset contains 356 samples
[2025-10-23 11:11:13,911] - [INFO] - Top 1.00% frequent words (41) out of 4103 total words
[2025-10-23 11:11:13,911] - [INFO] - The fragment to replace is 0.21976210705182672 of the 41 frequent words (5885 out of 12933)
[2025-10-23 11:11:13,938] - [INFO] - Replaced 1308 / 12933 tokens (10.11%)
[2025-10-23 11:11:14,105] - [INFO] - Replaced 152 / 1371 tokens (11.09%)
[2025-10-23 11:11:14,111] - [INFO] - Replaced 213 / 2088 tokens (10.20%)
[2025-10-23 11:11:14,112] - [INFO] - ==== Example Sentence ====
[2025-10-23 11:11:14,112] - [INFO] - Original:  30년 전쟁의 승자는 누구인가?
[2025-10-23 11:11:14,112] - [INFO] - Tokenized: ['30년', '전쟁의', '승자는', '누구인가', '?']
[2025-10-23 11:11:14,112] - [INFO] - Replaced:  ['30년', '전쟁의', '승자는', '누구인가', '?']
[2025-10-23 11:11:14,113] - [INFO] - Window:    (tensor([1613,  994]), tensor(1112))
[2025-10-23 11:11:15,334] - [INFO] - Eval Loss: 7.6118 | Perplexity: 2021.94 | Accuracy: 20.35% | Top-5 Accuracy: 38.44%
[2025-10-23 11:11:16,495] - [INFO] - Eval Loss: 6.1917 | Perplexity: 488.68 | Accuracy: 23.19% | Top-5 Accuracy: 50.98%
[2025-10-23 11:11:17,608] - [INFO] - Eval Loss: 5.4117 | Perplexity: 224.02 | Accuracy: 24.22% | Top-5 Accuracy: 53.98%
[2025-10-23 11:11:18,714] - [INFO] - Eval Loss: 5.0816 | Perplexity: 161.03 | Accuracy: 28.08% | Top-5 Accuracy: 56.46%
[2025-10-23 11:11:19,827] - [INFO] - Eval Loss: 4.8653 | Perplexity: 129.71 | Accuracy: 29.98% | Top-5 Accuracy: 57.48%
[2025-10-23 11:11:20,914] - [INFO] - Eval Loss: 4.7076 | Perplexity: 110.78 | Accuracy: 30.63% | Top-5 Accuracy: 57.84%
[2025-10-23 11:11:22,021] - [INFO] - Eval Loss: 4.5779 | Perplexity: 97.31 | Accuracy: 30.78% | Top-5 Accuracy: 58.06%
[2025-10-23 11:11:23,098] - [INFO] - Eval Loss: 4.4626 | Perplexity: 86.72 | Accuracy: 31.73% | Top-5 Accuracy: 58.35%
[2025-10-23 11:11:24,226] - [INFO] - Eval Loss: 4.4005 | Perplexity: 81.49 | Accuracy: 31.51% | Top-5 Accuracy: 58.72%
[2025-10-23 11:11:25,328] - [INFO] - Eval Loss: 4.3522 | Perplexity: 77.65 | Accuracy: 31.87% | Top-5 Accuracy: 58.72%
[2025-10-23 11:11:25,329] - [INFO] - 
=== Running combination ===
[2025-10-23 11:11:25,329] - [INFO] - Embed: 256, Hidden: 128, Top fraction: 0.01, Replace: True, Context: 2
[2025-10-23 11:11:27,098] - [INFO] - Train dataset contains 2194 samples
[2025-10-23 11:11:27,098] - [INFO] - Validation dataset contains 228 samples
[2025-10-23 11:11:27,098] - [INFO] - Test dataset contains 356 samples
[2025-10-23 11:11:27,101] - [INFO] - Top 1.00% frequent words (41) out of 4103 total words
[2025-10-23 11:11:27,101] - [INFO] - The fragment to replace is 0.10988105352591336 of the 41 frequent words (5885 out of 12933)
[2025-10-23 11:11:27,124] - [INFO] - Replaced 642 / 12933 tokens (4.96%)
[2025-10-23 11:11:27,135] - [INFO] - Replaced 75 / 1371 tokens (5.47%)
[2025-10-23 11:11:27,139] - [INFO] - Replaced 111 / 2088 tokens (5.32%)
[2025-10-23 11:11:27,141] - [INFO] - ==== Example Sentence ====
[2025-10-23 11:11:27,141] - [INFO] - Original:  30년 전쟁의 승자는 누구인가?
[2025-10-23 11:11:27,141] - [INFO] - Tokenized: ['30년', '전쟁의', '승자는', '누구인가', '?']
[2025-10-23 11:11:27,141] - [INFO] - Replaced:  ['30년', '전쟁의', '승자는', '누구인가', '?']
[2025-10-23 11:11:27,141] - [INFO] - Window:    (tensor([1613,  994]), tensor(1112))
[2025-10-23 11:11:28,835] - [INFO] - Eval Loss: 7.7318 | Perplexity: 2279.73 | Accuracy: 15.32% | Top-5 Accuracy: 20.93%
[2025-10-23 11:11:31,667] - [INFO] - Eval Loss: 6.6132 | Perplexity: 744.85 | Accuracy: 18.96% | Top-5 Accuracy: 43.25%
[2025-10-23 11:11:34,492] - [INFO] - Eval Loss: 5.6827 | Perplexity: 293.76 | Accuracy: 19.47% | Top-5 Accuracy: 50.18%
[2025-10-23 11:11:37,331] - [INFO] - Eval Loss: 5.3194 | Perplexity: 204.26 | Accuracy: 19.55% | Top-5 Accuracy: 53.32%
[2025-10-23 11:11:40,160] - [INFO] - Eval Loss: 5.0704 | Perplexity: 159.24 | Accuracy: 19.77% | Top-5 Accuracy: 55.65%
[2025-10-23 11:11:43,001] - [INFO] - Eval Loss: 4.8689 | Perplexity: 130.18 | Accuracy: 20.20% | Top-5 Accuracy: 56.60%
[2025-10-23 11:11:45,836] - [INFO] - Eval Loss: 4.6935 | Perplexity: 109.23 | Accuracy: 20.42% | Top-5 Accuracy: 57.33%
[2025-10-23 11:11:48,669] - [INFO] - Eval Loss: 4.5698 | Perplexity: 96.53 | Accuracy: 21.44% | Top-5 Accuracy: 57.48%
[2025-10-23 11:11:51,502] - [INFO] - Eval Loss: 4.4922 | Perplexity: 89.32 | Accuracy: 21.01% | Top-5 Accuracy: 57.91%
[2025-10-23 11:11:54,331] - [INFO] - Eval Loss: 4.4347 | Perplexity: 84.32 | Accuracy: 21.30% | Top-5 Accuracy: 57.91%
[2025-10-23 11:11:54,332] - [INFO] - 
=== Running combination ===
[2025-10-23 11:11:54,332] - [INFO] - Embed: 256, Hidden: 128, Top fraction: 0.01, Replace: True, Context: 2
[2025-10-23 11:11:56,149] - [INFO] - Train dataset contains 2194 samples
[2025-10-23 11:11:56,149] - [INFO] - Validation dataset contains 228 samples
[2025-10-23 11:11:56,149] - [INFO] - Test dataset contains 356 samples
[2025-10-23 11:11:56,152] - [INFO] - Top 1.00% frequent words (41) out of 4103 total words
[2025-10-23 11:11:56,152] - [INFO] - The fragment to replace is 0.02197621070518267 of the 41 frequent words (5885 out of 12933)
[2025-10-23 11:11:56,179] - [INFO] - Replaced 121 / 12933 tokens (0.94%)
[2025-10-23 11:11:56,193] - [INFO] - Replaced 15 / 1371 tokens (1.09%)
[2025-10-23 11:11:56,198] - [INFO] - Replaced 22 / 2088 tokens (1.05%)
[2025-10-23 11:11:56,200] - [INFO] - ==== Example Sentence ====
[2025-10-23 11:11:56,200] - [INFO] - Original:  30년 전쟁의 승자는 누구인가?
[2025-10-23 11:11:56,200] - [INFO] - Tokenized: ['30년', '전쟁의', '승자는', '누구인가', '?']
[2025-10-23 11:11:56,200] - [INFO] - Replaced:  ['30년', '전쟁의', '승자는', '누구인가', '?']
[2025-10-23 11:11:56,200] - [INFO] - Window:    (tensor([1613,  994]), tensor(1112))
[2025-10-23 11:11:59,049] - [INFO] - Eval Loss: 7.7656 | Perplexity: 2358.16 | Accuracy: 15.75% | Top-5 Accuracy: 21.59%
[2025-10-23 11:12:01,886] - [INFO] - Eval Loss: 6.8177 | Perplexity: 913.92 | Accuracy: 21.59% | Top-5 Accuracy: 27.86%
[2025-10-23 11:12:04,733] - [INFO] - Eval Loss: 6.1007 | Perplexity: 446.17 | Accuracy: 22.10% | Top-5 Accuracy: 30.49%
[2025-10-23 11:12:07,584] - [INFO] - Eval Loss: 5.6655 | Perplexity: 288.73 | Accuracy: 22.17% | Top-5 Accuracy: 32.75%
[2025-10-23 11:12:10,443] - [INFO] - Eval Loss: 5.3480 | Perplexity: 210.18 | Accuracy: 22.32% | Top-5 Accuracy: 33.77%
[2025-10-23 11:12:13,299] - [INFO] - Eval Loss: 5.1179 | Perplexity: 166.99 | Accuracy: 22.61% | Top-5 Accuracy: 34.72%
[2025-10-23 11:12:16,164] - [INFO] - Eval Loss: 4.9490 | Perplexity: 141.04 | Accuracy: 22.76% | Top-5 Accuracy: 35.81%
[2025-10-23 11:12:19,020] - [INFO] - Eval Loss: 4.8308 | Perplexity: 125.31 | Accuracy: 23.05% | Top-5 Accuracy: 36.62%
[2025-10-23 11:12:21,879] - [INFO] - Eval Loss: 4.7395 | Perplexity: 114.38 | Accuracy: 23.49% | Top-5 Accuracy: 37.20%
[2025-10-23 11:12:24,736] - [INFO] - Eval Loss: 4.6689 | Perplexity: 106.59 | Accuracy: 23.49% | Top-5 Accuracy: 37.35%
[2025-10-23 11:12:24,736] - [INFO] - 
=== Running combination ===
[2025-10-23 11:12:24,736] - [INFO] - Embed: 256, Hidden: 128, Top fraction: 0.01, Replace: False, Context: 5
[2025-10-23 11:12:26,316] - [INFO] - Train dataset contains 2194 samples
[2025-10-23 11:12:26,316] - [INFO] - Validation dataset contains 228 samples
[2025-10-23 11:12:26,316] - [INFO] - Test dataset contains 356 samples
[2025-10-23 11:12:26,319] - [INFO] - Top 1.00% frequent words (41) out of 4103 total words
[2025-10-23 11:12:26,319] - [INFO] - The fragment to replace is 31.543902439024393 of the 41 frequent words (41 out of 12933)
[2025-10-23 11:12:26,345] - [INFO] - Replaced 41 / 12933 tokens (0.32%)
[2025-10-23 11:12:26,534] - [INFO] - Replaced 1 / 1371 tokens (0.07%)
[2025-10-23 11:12:26,540] - [INFO] - Replaced 3 / 2088 tokens (0.14%)
[2025-10-23 11:12:26,542] - [INFO] - ==== Example Sentence ====
[2025-10-23 11:12:26,542] - [INFO] - Original:  30년 전쟁의 승자는 누구인가?
[2025-10-23 11:12:26,542] - [INFO] - Tokenized: ['30년', '전쟁의', '승자는', '누구인가', '?']
[2025-10-23 11:12:26,542] - [INFO] - Replaced:  ['30년', '전쟁의', '<UNK', '누구인가', '?']
[2025-10-23 11:12:26,542] - [INFO] - Window:    (tensor([1613,  994, 1112, 1957, 3970]), tensor(1119))
[2025-10-23 11:12:27,747] - [INFO] - Eval Loss: 6.5141 | Perplexity: 674.57 | Accuracy: 18.60% | Top-5 Accuracy: 26.77%
[2025-10-23 11:12:28,938] - [INFO] - Eval Loss: 5.7320 | Perplexity: 308.60 | Accuracy: 21.88% | Top-5 Accuracy: 32.39%
[2025-10-23 11:12:30,080] - [INFO] - Eval Loss: 5.4488 | Perplexity: 232.48 | Accuracy: 23.19% | Top-5 Accuracy: 34.28%
[2025-10-23 11:12:31,170] - [INFO] - Eval Loss: 5.2327 | Perplexity: 187.29 | Accuracy: 24.87% | Top-5 Accuracy: 36.18%
[2025-10-23 11:12:32,322] - [INFO] - Eval Loss: 5.0873 | Perplexity: 161.95 | Accuracy: 25.38% | Top-5 Accuracy: 37.13%
[2025-10-23 11:12:33,465] - [INFO] - Eval Loss: 4.9489 | Perplexity: 141.02 | Accuracy: 25.67% | Top-5 Accuracy: 38.15%
[2025-10-23 11:12:34,620] - [INFO] - Eval Loss: 4.8296 | Perplexity: 125.16 | Accuracy: 26.62% | Top-5 Accuracy: 38.22%
[2025-10-23 11:12:35,726] - [INFO] - Eval Loss: 4.7290 | Perplexity: 113.18 | Accuracy: 26.70% | Top-5 Accuracy: 38.80%
[2025-10-23 11:12:36,893] - [INFO] - Eval Loss: 4.6543 | Perplexity: 105.03 | Accuracy: 27.21% | Top-5 Accuracy: 38.95%
[2025-10-23 11:12:38,045] - [INFO] - Eval Loss: 4.5704 | Perplexity: 96.58 | Accuracy: 27.35% | Top-5 Accuracy: 40.04%
[2025-10-23 11:12:38,045] - [INFO] - 
=== Running combination ===
[2025-10-23 11:12:38,045] - [INFO] - Embed: 256, Hidden: 128, Top fraction: 0.01, Replace: False, Context: 5
[2025-10-23 11:12:40,050] - [INFO] - Train dataset contains 2194 samples
[2025-10-23 11:12:40,050] - [INFO] - Validation dataset contains 228 samples
[2025-10-23 11:12:40,050] - [INFO] - Test dataset contains 356 samples
[2025-10-23 11:12:40,053] - [INFO] - Top 1.00% frequent words (41) out of 4103 total words
[2025-10-23 11:12:40,053] - [INFO] - The fragment to replace is 15.771951219512196 of the 41 frequent words (41 out of 12933)
[2025-10-23 11:12:40,079] - [INFO] - Replaced 41 / 12933 tokens (0.32%)
[2025-10-23 11:12:40,096] - [INFO] - Replaced 1 / 1371 tokens (0.07%)
[2025-10-23 11:12:40,101] - [INFO] - Replaced 3 / 2088 tokens (0.14%)
[2025-10-23 11:12:40,104] - [INFO] - ==== Example Sentence ====
[2025-10-23 11:12:40,104] - [INFO] - Original:  30년 전쟁의 승자는 누구인가?
[2025-10-23 11:12:40,104] - [INFO] - Tokenized: ['30년', '전쟁의', '승자는', '누구인가', '?']
[2025-10-23 11:12:40,104] - [INFO] - Replaced:  ['30년', '전쟁의', '<UNK', '누구인가', '?']
[2025-10-23 11:12:40,104] - [INFO] - Window:    (tensor([1613,  994, 1112, 1957, 3970]), tensor(1119))
[2025-10-23 11:12:43,009] - [INFO] - Eval Loss: 6.5141 | Perplexity: 674.57 | Accuracy: 18.60% | Top-5 Accuracy: 26.77%
[2025-10-23 11:12:45,899] - [INFO] - Eval Loss: 5.7320 | Perplexity: 308.60 | Accuracy: 21.88% | Top-5 Accuracy: 32.39%
[2025-10-23 11:12:48,791] - [INFO] - Eval Loss: 5.4488 | Perplexity: 232.48 | Accuracy: 23.19% | Top-5 Accuracy: 34.28%
[2025-10-23 11:12:51,683] - [INFO] - Eval Loss: 5.2327 | Perplexity: 187.29 | Accuracy: 24.87% | Top-5 Accuracy: 36.18%
[2025-10-23 11:12:54,573] - [INFO] - Eval Loss: 5.0873 | Perplexity: 161.95 | Accuracy: 25.38% | Top-5 Accuracy: 37.13%
[2025-10-23 11:12:57,466] - [INFO] - Eval Loss: 4.9489 | Perplexity: 141.02 | Accuracy: 25.67% | Top-5 Accuracy: 38.15%
[2025-10-23 11:13:00,359] - [INFO] - Eval Loss: 4.8296 | Perplexity: 125.16 | Accuracy: 26.62% | Top-5 Accuracy: 38.22%
[2025-10-23 11:13:03,254] - [INFO] - Eval Loss: 4.7290 | Perplexity: 113.18 | Accuracy: 26.70% | Top-5 Accuracy: 38.80%
[2025-10-23 11:13:06,147] - [INFO] - Eval Loss: 4.6543 | Perplexity: 105.03 | Accuracy: 27.21% | Top-5 Accuracy: 38.95%
[2025-10-23 11:13:09,043] - [INFO] - Eval Loss: 4.5704 | Perplexity: 96.58 | Accuracy: 27.35% | Top-5 Accuracy: 40.04%
[2025-10-23 11:13:09,044] - [INFO] - 
=== Running combination ===
[2025-10-23 11:13:09,044] - [INFO] - Embed: 256, Hidden: 128, Top fraction: 0.01, Replace: False, Context: 5
[2025-10-23 11:13:11,209] - [INFO] - Train dataset contains 2194 samples
[2025-10-23 11:13:11,209] - [INFO] - Validation dataset contains 228 samples
[2025-10-23 11:13:11,209] - [INFO] - Test dataset contains 356 samples
[2025-10-23 11:13:11,212] - [INFO] - Top 1.00% frequent words (41) out of 4103 total words
[2025-10-23 11:13:11,212] - [INFO] - The fragment to replace is 3.1543902439024394 of the 41 frequent words (41 out of 12933)
[2025-10-23 11:13:11,238] - [INFO] - Replaced 41 / 12933 tokens (0.32%)
[2025-10-23 11:13:11,255] - [INFO] - Replaced 1 / 1371 tokens (0.07%)
[2025-10-23 11:13:11,261] - [INFO] - Replaced 3 / 2088 tokens (0.14%)
[2025-10-23 11:13:11,263] - [INFO] - ==== Example Sentence ====
[2025-10-23 11:13:11,263] - [INFO] - Original:  30년 전쟁의 승자는 누구인가?
[2025-10-23 11:13:11,263] - [INFO] - Tokenized: ['30년', '전쟁의', '승자는', '누구인가', '?']
[2025-10-23 11:13:11,263] - [INFO] - Replaced:  ['30년', '전쟁의', '<UNK', '누구인가', '?']
[2025-10-23 11:13:11,263] - [INFO] - Window:    (tensor([1613,  994, 1112, 1957, 3970]), tensor(1119))
[2025-10-23 11:13:14,161] - [INFO] - Eval Loss: 6.5141 | Perplexity: 674.57 | Accuracy: 18.60% | Top-5 Accuracy: 26.77%
[2025-10-23 11:13:17,045] - [INFO] - Eval Loss: 5.7320 | Perplexity: 308.60 | Accuracy: 21.88% | Top-5 Accuracy: 32.39%
[2025-10-23 11:13:19,931] - [INFO] - Eval Loss: 5.4488 | Perplexity: 232.48 | Accuracy: 23.19% | Top-5 Accuracy: 34.28%
[2025-10-23 11:13:22,904] - [INFO] - Eval Loss: 5.2327 | Perplexity: 187.29 | Accuracy: 24.87% | Top-5 Accuracy: 36.18%
[2025-10-23 11:13:25,788] - [INFO] - Eval Loss: 5.0873 | Perplexity: 161.95 | Accuracy: 25.38% | Top-5 Accuracy: 37.13%
[2025-10-23 11:13:28,673] - [INFO] - Eval Loss: 4.9489 | Perplexity: 141.02 | Accuracy: 25.67% | Top-5 Accuracy: 38.15%
[2025-10-23 11:13:31,560] - [INFO] - Eval Loss: 4.8296 | Perplexity: 125.16 | Accuracy: 26.62% | Top-5 Accuracy: 38.22%
[2025-10-23 11:13:34,446] - [INFO] - Eval Loss: 4.7290 | Perplexity: 113.18 | Accuracy: 26.70% | Top-5 Accuracy: 38.80%
[2025-10-23 11:13:37,332] - [INFO] - Eval Loss: 4.6543 | Perplexity: 105.03 | Accuracy: 27.21% | Top-5 Accuracy: 38.95%
[2025-10-23 11:13:40,217] - [INFO] - Eval Loss: 4.5704 | Perplexity: 96.58 | Accuracy: 27.35% | Top-5 Accuracy: 40.04%
[2025-10-23 11:13:40,217] - [INFO] - 
=== Running combination ===
[2025-10-23 11:13:40,217] - [INFO] - Embed: 256, Hidden: 128, Top fraction: 0.01, Replace: False, Context: 2
[2025-10-23 11:13:42,025] - [INFO] - Train dataset contains 2194 samples
[2025-10-23 11:13:42,026] - [INFO] - Validation dataset contains 228 samples
[2025-10-23 11:13:42,026] - [INFO] - Test dataset contains 356 samples
[2025-10-23 11:13:42,029] - [INFO] - Top 1.00% frequent words (41) out of 4103 total words
[2025-10-23 11:13:42,029] - [INFO] - The fragment to replace is 31.543902439024393 of the 41 frequent words (41 out of 12933)
[2025-10-23 11:13:42,056] - [INFO] - Replaced 41 / 12933 tokens (0.32%)
[2025-10-23 11:13:42,229] - [INFO] - Replaced 1 / 1371 tokens (0.07%)
[2025-10-23 11:13:42,235] - [INFO] - Replaced 3 / 2088 tokens (0.14%)
[2025-10-23 11:13:42,236] - [INFO] - ==== Example Sentence ====
[2025-10-23 11:13:42,236] - [INFO] - Original:  30년 전쟁의 승자는 누구인가?
[2025-10-23 11:13:42,236] - [INFO] - Tokenized: ['30년', '전쟁의', '승자는', '누구인가', '?']
[2025-10-23 11:13:42,236] - [INFO] - Replaced:  ['30년', '전쟁의', '<UNK', '누구인가', '?']
[2025-10-23 11:13:42,237] - [INFO] - Window:    (tensor([1613,  994]), tensor(1112))
[2025-10-23 11:13:45,101] - [INFO] - Eval Loss: 7.7608 | Perplexity: 2346.82 | Accuracy: 16.27% | Top-5 Accuracy: 22.03%
[2025-10-23 11:13:47,958] - [INFO] - Eval Loss: 6.8180 | Perplexity: 914.12 | Accuracy: 22.03% | Top-5 Accuracy: 28.23%
[2025-10-23 11:13:50,810] - [INFO] - Eval Loss: 6.1454 | Perplexity: 466.55 | Accuracy: 22.54% | Top-5 Accuracy: 30.63%
[2025-10-23 11:13:53,687] - [INFO] - Eval Loss: 5.7467 | Perplexity: 313.16 | Accuracy: 23.12% | Top-5 Accuracy: 32.60%
[2025-10-23 11:13:56,541] - [INFO] - Eval Loss: 5.4474 | Perplexity: 232.16 | Accuracy: 23.34% | Top-5 Accuracy: 34.14%
[2025-10-23 11:13:59,397] - [INFO] - Eval Loss: 5.2147 | Perplexity: 183.96 | Accuracy: 23.49% | Top-5 Accuracy: 35.23%
[2025-10-23 11:14:02,250] - [INFO] - Eval Loss: 5.0231 | Perplexity: 151.88 | Accuracy: 23.71% | Top-5 Accuracy: 35.59%
[2025-10-23 11:14:05,180] - [INFO] - Eval Loss: 4.8694 | Perplexity: 130.25 | Accuracy: 24.22% | Top-5 Accuracy: 36.25%
[2025-10-23 11:14:08,267] - [INFO] - Eval Loss: 4.7466 | Perplexity: 115.19 | Accuracy: 24.36% | Top-5 Accuracy: 36.54%
[2025-10-23 11:14:11,163] - [INFO] - Eval Loss: 4.6548 | Perplexity: 105.08 | Accuracy: 24.36% | Top-5 Accuracy: 36.91%
[2025-10-23 11:14:11,164] - [INFO] - 
=== Running combination ===
[2025-10-23 11:14:11,164] - [INFO] - Embed: 256, Hidden: 128, Top fraction: 0.01, Replace: False, Context: 2
[2025-10-23 11:14:12,949] - [INFO] - Train dataset contains 2194 samples
[2025-10-23 11:14:12,949] - [INFO] - Validation dataset contains 228 samples
[2025-10-23 11:14:12,950] - [INFO] - Test dataset contains 356 samples
[2025-10-23 11:14:12,952] - [INFO] - Top 1.00% frequent words (41) out of 4103 total words
[2025-10-23 11:14:12,952] - [INFO] - The fragment to replace is 15.771951219512196 of the 41 frequent words (41 out of 12933)
[2025-10-23 11:14:12,979] - [INFO] - Replaced 41 / 12933 tokens (0.32%)
[2025-10-23 11:14:12,991] - [INFO] - Replaced 1 / 1371 tokens (0.07%)
[2025-10-23 11:14:12,996] - [INFO] - Replaced 3 / 2088 tokens (0.14%)
[2025-10-23 11:14:12,998] - [INFO] - ==== Example Sentence ====
[2025-10-23 11:14:12,998] - [INFO] - Original:  30년 전쟁의 승자는 누구인가?
[2025-10-23 11:14:12,998] - [INFO] - Tokenized: ['30년', '전쟁의', '승자는', '누구인가', '?']
[2025-10-23 11:14:12,998] - [INFO] - Replaced:  ['30년', '전쟁의', '<UNK', '누구인가', '?']
[2025-10-23 11:14:12,999] - [INFO] - Window:    (tensor([1613,  994]), tensor(1112))
[2025-10-23 11:14:15,852] - [INFO] - Eval Loss: 7.7608 | Perplexity: 2346.82 | Accuracy: 16.27% | Top-5 Accuracy: 22.03%
[2025-10-23 11:14:18,690] - [INFO] - Eval Loss: 6.8180 | Perplexity: 914.12 | Accuracy: 22.03% | Top-5 Accuracy: 28.23%
[2025-10-23 11:14:21,533] - [INFO] - Eval Loss: 6.1454 | Perplexity: 466.55 | Accuracy: 22.54% | Top-5 Accuracy: 30.63%
[2025-10-23 11:14:24,397] - [INFO] - Eval Loss: 5.7467 | Perplexity: 313.16 | Accuracy: 23.12% | Top-5 Accuracy: 32.60%
[2025-10-23 11:14:27,243] - [INFO] - Eval Loss: 5.4474 | Perplexity: 232.16 | Accuracy: 23.34% | Top-5 Accuracy: 34.14%
[2025-10-23 11:14:30,087] - [INFO] - Eval Loss: 5.2147 | Perplexity: 183.96 | Accuracy: 23.49% | Top-5 Accuracy: 35.23%
[2025-10-23 11:14:32,932] - [INFO] - Eval Loss: 5.0231 | Perplexity: 151.88 | Accuracy: 23.71% | Top-5 Accuracy: 35.59%
[2025-10-23 11:14:35,776] - [INFO] - Eval Loss: 4.8694 | Perplexity: 130.25 | Accuracy: 24.22% | Top-5 Accuracy: 36.25%
[2025-10-23 11:14:38,631] - [INFO] - Eval Loss: 4.7466 | Perplexity: 115.19 | Accuracy: 24.36% | Top-5 Accuracy: 36.54%
[2025-10-23 11:14:41,476] - [INFO] - Eval Loss: 4.6548 | Perplexity: 105.08 | Accuracy: 24.36% | Top-5 Accuracy: 36.91%
[2025-10-23 11:14:41,476] - [INFO] - 
=== Running combination ===
[2025-10-23 11:14:41,476] - [INFO] - Embed: 256, Hidden: 128, Top fraction: 0.01, Replace: False, Context: 2
[2025-10-23 11:14:43,414] - [INFO] - Train dataset contains 2194 samples
[2025-10-23 11:14:43,414] - [INFO] - Validation dataset contains 228 samples
[2025-10-23 11:14:43,414] - [INFO] - Test dataset contains 356 samples
[2025-10-23 11:14:43,417] - [INFO] - Top 1.00% frequent words (41) out of 4103 total words
[2025-10-23 11:14:43,417] - [INFO] - The fragment to replace is 3.1543902439024394 of the 41 frequent words (41 out of 12933)
[2025-10-23 11:14:43,443] - [INFO] - Replaced 41 / 12933 tokens (0.32%)
[2025-10-23 11:14:43,456] - [INFO] - Replaced 1 / 1371 tokens (0.07%)
[2025-10-23 11:14:43,461] - [INFO] - Replaced 3 / 2088 tokens (0.14%)
[2025-10-23 11:14:43,463] - [INFO] - ==== Example Sentence ====
[2025-10-23 11:14:43,463] - [INFO] - Original:  30년 전쟁의 승자는 누구인가?
[2025-10-23 11:14:43,463] - [INFO] - Tokenized: ['30년', '전쟁의', '승자는', '누구인가', '?']
[2025-10-23 11:14:43,463] - [INFO] - Replaced:  ['30년', '전쟁의', '<UNK', '누구인가', '?']
[2025-10-23 11:14:43,463] - [INFO] - Window:    (tensor([1613,  994]), tensor(1112))
[2025-10-23 11:14:44,688] - [INFO] - Eval Loss: 7.7608 | Perplexity: 2346.82 | Accuracy: 16.27% | Top-5 Accuracy: 22.03%
[2025-10-23 11:14:45,880] - [INFO] - Eval Loss: 6.8180 | Perplexity: 914.12 | Accuracy: 22.03% | Top-5 Accuracy: 28.23%
[2025-10-23 11:14:46,960] - [INFO] - Eval Loss: 6.1454 | Perplexity: 466.55 | Accuracy: 22.54% | Top-5 Accuracy: 30.63%
[2025-10-23 11:14:49,801] - [INFO] - Eval Loss: 5.7467 | Perplexity: 313.16 | Accuracy: 23.12% | Top-5 Accuracy: 32.60%
[2025-10-23 11:14:52,681] - [INFO] - Eval Loss: 5.4474 | Perplexity: 232.16 | Accuracy: 23.34% | Top-5 Accuracy: 34.14%
[2025-10-23 11:14:55,533] - [INFO] - Eval Loss: 5.2147 | Perplexity: 183.96 | Accuracy: 23.49% | Top-5 Accuracy: 35.23%
[2025-10-23 11:14:58,383] - [INFO] - Eval Loss: 5.0231 | Perplexity: 151.88 | Accuracy: 23.71% | Top-5 Accuracy: 35.59%
[2025-10-23 11:15:01,233] - [INFO] - Eval Loss: 4.8694 | Perplexity: 130.25 | Accuracy: 24.22% | Top-5 Accuracy: 36.25%
[2025-10-23 11:15:04,274] - [INFO] - Eval Loss: 4.7466 | Perplexity: 115.19 | Accuracy: 24.36% | Top-5 Accuracy: 36.54%
[2025-10-23 11:15:07,361] - [INFO] - Eval Loss: 4.6548 | Perplexity: 105.08 | Accuracy: 24.36% | Top-5 Accuracy: 36.91%
[2025-10-23 11:15:07,361] - [INFO] - 
=== Running combination ===
[2025-10-23 11:15:07,361] - [INFO] - Embed: 256, Hidden: 128, Top fraction: 0.05, Replace: True, Context: 5
[2025-10-23 11:15:09,128] - [INFO] - Train dataset contains 2194 samples
[2025-10-23 11:15:09,128] - [INFO] - Validation dataset contains 228 samples
[2025-10-23 11:15:09,128] - [INFO] - Test dataset contains 356 samples
[2025-10-23 11:15:09,131] - [INFO] - Top 5.00% frequent words (205) out of 4103 total words
[2025-10-23 11:15:09,131] - [INFO] - The fragment to replace is 0.16787383177570095 of the 205 frequent words (7704 out of 12933)
[2025-10-23 11:15:09,161] - [INFO] - Replaced 1334 / 12933 tokens (10.31%)
[2025-10-23 11:15:09,361] - [INFO] - Replaced 134 / 1371 tokens (9.77%)
[2025-10-23 11:15:09,367] - [INFO] - Replaced 178 / 2088 tokens (8.52%)
[2025-10-23 11:15:09,370] - [INFO] - ==== Example Sentence ====
[2025-10-23 11:15:09,370] - [INFO] - Original:  30년 전쟁의 승자는 누구인가?
[2025-10-23 11:15:09,370] - [INFO] - Tokenized: ['30년', '전쟁의', '승자는', '누구인가', '?']
[2025-10-23 11:15:09,370] - [INFO] - Replaced:  ['30년', '전쟁의', '승자는', '누구인가', '?']
[2025-10-23 11:15:09,370] - [INFO] - Window:    (tensor([1613,  994, 1112, 2172, 3970]), tensor(1119))
[2025-10-23 11:15:12,283] - [INFO] - Eval Loss: 5.5615 | Perplexity: 260.20 | Accuracy: 33.04% | Top-5 Accuracy: 53.98%
[2025-10-23 11:15:15,175] - [INFO] - Eval Loss: 4.9209 | Perplexity: 137.12 | Accuracy: 36.18% | Top-5 Accuracy: 57.62%
[2025-10-23 11:15:18,062] - [INFO] - Eval Loss: 4.6617 | Perplexity: 105.81 | Accuracy: 36.76% | Top-5 Accuracy: 59.30%
[2025-10-23 11:15:20,933] - [INFO] - Eval Loss: 4.4919 | Perplexity: 89.29 | Accuracy: 36.98% | Top-5 Accuracy: 59.74%
[2025-10-23 11:15:23,818] - [INFO] - Eval Loss: 4.4012 | Perplexity: 81.55 | Accuracy: 36.83% | Top-5 Accuracy: 60.25%
[2025-10-23 11:15:26,694] - [INFO] - Eval Loss: 4.2880 | Perplexity: 72.82 | Accuracy: 37.42% | Top-5 Accuracy: 60.54%
[2025-10-23 11:15:29,574] - [INFO] - Eval Loss: 4.2178 | Perplexity: 67.88 | Accuracy: 38.15% | Top-5 Accuracy: 60.76%
[2025-10-23 11:15:32,453] - [INFO] - Eval Loss: 4.1686 | Perplexity: 64.63 | Accuracy: 38.07% | Top-5 Accuracy: 60.98%
[2025-10-23 11:15:35,336] - [INFO] - Eval Loss: 4.1573 | Perplexity: 63.90 | Accuracy: 34.50% | Top-5 Accuracy: 61.20%
[2025-10-23 11:15:38,217] - [INFO] - Eval Loss: 4.1364 | Perplexity: 62.58 | Accuracy: 38.15% | Top-5 Accuracy: 61.56%
[2025-10-23 11:15:38,218] - [INFO] - 
=== Running combination ===
[2025-10-23 11:15:38,218] - [INFO] - Embed: 256, Hidden: 128, Top fraction: 0.05, Replace: True, Context: 5
[2025-10-23 11:15:39,837] - [INFO] - Train dataset contains 2194 samples
[2025-10-23 11:15:39,837] - [INFO] - Validation dataset contains 228 samples
[2025-10-23 11:15:39,837] - [INFO] - Test dataset contains 356 samples
[2025-10-23 11:15:39,840] - [INFO] - Top 5.00% frequent words (205) out of 4103 total words
[2025-10-23 11:15:39,840] - [INFO] - The fragment to replace is 0.08393691588785047 of the 205 frequent words (7704 out of 12933)
[2025-10-23 11:15:39,868] - [INFO] - Replaced 634 / 12933 tokens (4.90%)
[2025-10-23 11:15:39,885] - [INFO] - Replaced 63 / 1371 tokens (4.60%)
[2025-10-23 11:15:39,890] - [INFO] - Replaced 73 / 2088 tokens (3.50%)
[2025-10-23 11:15:39,893] - [INFO] - ==== Example Sentence ====
[2025-10-23 11:15:39,893] - [INFO] - Original:  30년 전쟁의 승자는 누구인가?
[2025-10-23 11:15:39,893] - [INFO] - Tokenized: ['30년', '전쟁의', '승자는', '누구인가', '?']
[2025-10-23 11:15:39,893] - [INFO] - Replaced:  ['30년', '전쟁의', '승자는', '누구인가', '?']
[2025-10-23 11:15:39,893] - [INFO] - Window:    (tensor([1613,  994, 1112, 2172, 3970]), tensor(1119))
[2025-10-23 11:15:42,785] - [INFO] - Eval Loss: 5.9982 | Perplexity: 402.69 | Accuracy: 17.58% | Top-5 Accuracy: 49.02%
[2025-10-23 11:15:45,669] - [INFO] - Eval Loss: 5.2034 | Perplexity: 181.89 | Accuracy: 21.59% | Top-5 Accuracy: 55.00%
[2025-10-23 11:15:48,549] - [INFO] - Eval Loss: 4.9475 | Perplexity: 140.82 | Accuracy: 23.85% | Top-5 Accuracy: 56.67%
[2025-10-23 11:15:51,430] - [INFO] - Eval Loss: 4.7428 | Perplexity: 114.75 | Accuracy: 24.14% | Top-5 Accuracy: 57.33%
[2025-10-23 11:15:54,310] - [INFO] - Eval Loss: 4.6118 | Perplexity: 100.67 | Accuracy: 24.36% | Top-5 Accuracy: 58.35%
[2025-10-23 11:15:57,187] - [INFO] - Eval Loss: 4.4743 | Perplexity: 87.74 | Accuracy: 25.24% | Top-5 Accuracy: 58.42%
[2025-10-23 11:16:00,067] - [INFO] - Eval Loss: 4.4002 | Perplexity: 81.47 | Accuracy: 25.31% | Top-5 Accuracy: 58.64%
[2025-10-23 11:16:02,942] - [INFO] - Eval Loss: 4.3256 | Perplexity: 75.61 | Accuracy: 25.38% | Top-5 Accuracy: 59.52%
[2025-10-23 11:16:05,824] - [INFO] - Eval Loss: 4.2857 | Perplexity: 72.65 | Accuracy: 25.53% | Top-5 Accuracy: 59.88%
[2025-10-23 11:16:08,700] - [INFO] - Eval Loss: 4.2733 | Perplexity: 71.76 | Accuracy: 25.31% | Top-5 Accuracy: 60.10%
[2025-10-23 11:16:08,700] - [INFO] - 
=== Running combination ===
[2025-10-23 11:16:08,700] - [INFO] - Embed: 256, Hidden: 128, Top fraction: 0.05, Replace: True, Context: 5
[2025-10-23 11:16:10,244] - [INFO] - Train dataset contains 2194 samples
[2025-10-23 11:16:10,244] - [INFO] - Validation dataset contains 228 samples
[2025-10-23 11:16:10,244] - [INFO] - Test dataset contains 356 samples
[2025-10-23 11:16:10,247] - [INFO] - Top 5.00% frequent words (205) out of 4103 total words
[2025-10-23 11:16:10,247] - [INFO] - The fragment to replace is 0.016787383177570094 of the 205 frequent words (7704 out of 12933)
[2025-10-23 11:16:10,274] - [INFO] - Replaced 123 / 12933 tokens (0.95%)
[2025-10-23 11:16:10,291] - [INFO] - Replaced 13 / 1371 tokens (0.95%)
[2025-10-23 11:16:10,297] - [INFO] - Replaced 14 / 2088 tokens (0.67%)
[2025-10-23 11:16:10,299] - [INFO] - ==== Example Sentence ====
[2025-10-23 11:16:10,299] - [INFO] - Original:  30년 전쟁의 승자는 누구인가?
[2025-10-23 11:16:10,300] - [INFO] - Tokenized: ['30년', '전쟁의', '승자는', '누구인가', '?']
[2025-10-23 11:16:10,300] - [INFO] - Replaced:  ['30년', '전쟁의', '승자는', '누구인가', '?']
[2025-10-23 11:16:10,300] - [INFO] - Window:    (tensor([1613,  994, 1112, 2172, 3970]), tensor(1119))
[2025-10-23 11:16:13,181] - [INFO] - Eval Loss: 6.4388 | Perplexity: 625.68 | Accuracy: 18.53% | Top-5 Accuracy: 34.14%
[2025-10-23 11:16:16,047] - [INFO] - Eval Loss: 5.5856 | Perplexity: 266.56 | Accuracy: 20.35% | Top-5 Accuracy: 33.48%
[2025-10-23 11:16:18,915] - [INFO] - Eval Loss: 5.2990 | Perplexity: 200.13 | Accuracy: 22.47% | Top-5 Accuracy: 35.59%
[2025-10-23 11:16:21,780] - [INFO] - Eval Loss: 5.0947 | Perplexity: 163.16 | Accuracy: 24.14% | Top-5 Accuracy: 37.20%
[2025-10-23 11:16:24,649] - [INFO] - Eval Loss: 4.9561 | Perplexity: 142.04 | Accuracy: 24.65% | Top-5 Accuracy: 37.20%
[2025-10-23 11:16:27,550] - [INFO] - Eval Loss: 4.8116 | Perplexity: 122.93 | Accuracy: 25.02% | Top-5 Accuracy: 41.14%
[2025-10-23 11:16:30,427] - [INFO] - Eval Loss: 4.7106 | Perplexity: 111.11 | Accuracy: 25.16% | Top-5 Accuracy: 42.38%
[2025-10-23 11:16:33,293] - [INFO] - Eval Loss: 4.6130 | Perplexity: 100.79 | Accuracy: 25.75% | Top-5 Accuracy: 43.25%
[2025-10-23 11:16:36,161] - [INFO] - Eval Loss: 4.5724 | Perplexity: 96.78 | Accuracy: 25.97% | Top-5 Accuracy: 40.63%
[2025-10-23 11:16:39,027] - [INFO] - Eval Loss: 4.5145 | Perplexity: 91.33 | Accuracy: 26.19% | Top-5 Accuracy: 43.98%
[2025-10-23 11:16:39,028] - [INFO] - 
=== Running combination ===
[2025-10-23 11:16:39,028] - [INFO] - Embed: 256, Hidden: 128, Top fraction: 0.05, Replace: True, Context: 2
[2025-10-23 11:16:40,619] - [INFO] - Train dataset contains 2194 samples
[2025-10-23 11:16:40,619] - [INFO] - Validation dataset contains 228 samples
[2025-10-23 11:16:40,619] - [INFO] - Test dataset contains 356 samples
[2025-10-23 11:16:40,622] - [INFO] - Top 5.00% frequent words (205) out of 4103 total words
[2025-10-23 11:16:40,622] - [INFO] - The fragment to replace is 0.16787383177570095 of the 205 frequent words (7704 out of 12933)
[2025-10-23 11:16:40,651] - [INFO] - Replaced 1334 / 12933 tokens (10.31%)
[2025-10-23 11:16:40,663] - [INFO] - Replaced 134 / 1371 tokens (9.77%)
[2025-10-23 11:16:40,835] - [INFO] - Replaced 178 / 2088 tokens (8.52%)
[2025-10-23 11:16:40,836] - [INFO] - ==== Example Sentence ====
[2025-10-23 11:16:40,836] - [INFO] - Original:  30년 전쟁의 승자는 누구인가?
[2025-10-23 11:16:40,836] - [INFO] - Tokenized: ['30년', '전쟁의', '승자는', '누구인가', '?']
[2025-10-23 11:16:40,836] - [INFO] - Replaced:  ['30년', '전쟁의', '승자는', '누구인가', '?']
[2025-10-23 11:16:40,837] - [INFO] - Window:    (tensor([1613,  994]), tensor(1112))
[2025-10-23 11:16:43,682] - [INFO] - Eval Loss: 7.4889 | Perplexity: 1788.03 | Accuracy: 26.40% | Top-5 Accuracy: 42.16%
[2025-10-23 11:16:46,518] - [INFO] - Eval Loss: 5.8940 | Perplexity: 362.85 | Accuracy: 29.76% | Top-5 Accuracy: 52.52%
[2025-10-23 11:16:49,353] - [INFO] - Eval Loss: 5.2081 | Perplexity: 182.75 | Accuracy: 29.83% | Top-5 Accuracy: 56.24%
[2025-10-23 11:16:52,188] - [INFO] - Eval Loss: 4.8772 | Perplexity: 131.26 | Accuracy: 30.71% | Top-5 Accuracy: 58.06%
[2025-10-23 11:16:55,026] - [INFO] - Eval Loss: 4.6519 | Perplexity: 104.79 | Accuracy: 32.31% | Top-5 Accuracy: 58.72%
[2025-10-23 11:16:57,865] - [INFO] - Eval Loss: 4.5007 | Perplexity: 90.08 | Accuracy: 32.90% | Top-5 Accuracy: 58.72%
[2025-10-23 11:17:00,694] - [INFO] - Eval Loss: 4.3779 | Perplexity: 79.67 | Accuracy: 33.04% | Top-5 Accuracy: 59.01%
[2025-10-23 11:17:03,525] - [INFO] - Eval Loss: 4.2830 | Perplexity: 72.46 | Accuracy: 33.63% | Top-5 Accuracy: 59.52%
[2025-10-23 11:17:06,362] - [INFO] - Eval Loss: 4.2160 | Perplexity: 67.76 | Accuracy: 34.65% | Top-5 Accuracy: 59.59%
[2025-10-23 11:17:09,197] - [INFO] - Eval Loss: 4.1796 | Perplexity: 65.34 | Accuracy: 34.72% | Top-5 Accuracy: 60.39%
[2025-10-23 11:17:09,198] - [INFO] - 
=== Running combination ===
[2025-10-23 11:17:09,198] - [INFO] - Embed: 256, Hidden: 128, Top fraction: 0.05, Replace: True, Context: 2
[2025-10-23 11:17:10,746] - [INFO] - Train dataset contains 2194 samples
[2025-10-23 11:17:10,746] - [INFO] - Validation dataset contains 228 samples
[2025-10-23 11:17:10,746] - [INFO] - Test dataset contains 356 samples
[2025-10-23 11:17:10,749] - [INFO] - Top 5.00% frequent words (205) out of 4103 total words
[2025-10-23 11:17:10,749] - [INFO] - The fragment to replace is 0.08393691588785047 of the 205 frequent words (7704 out of 12933)
[2025-10-23 11:17:10,776] - [INFO] - Replaced 634 / 12933 tokens (4.90%)
[2025-10-23 11:17:10,790] - [INFO] - Replaced 63 / 1371 tokens (4.60%)
[2025-10-23 11:17:10,795] - [INFO] - Replaced 73 / 2088 tokens (3.50%)
[2025-10-23 11:17:10,797] - [INFO] - ==== Example Sentence ====
[2025-10-23 11:17:10,797] - [INFO] - Original:  30년 전쟁의 승자는 누구인가?
[2025-10-23 11:17:10,797] - [INFO] - Tokenized: ['30년', '전쟁의', '승자는', '누구인가', '?']
[2025-10-23 11:17:10,797] - [INFO] - Replaced:  ['30년', '전쟁의', '승자는', '누구인가', '?']
[2025-10-23 11:17:10,797] - [INFO] - Window:    (tensor([1613,  994]), tensor(1112))
[2025-10-23 11:17:13,658] - [INFO] - Eval Loss: 7.6787 | Perplexity: 2161.77 | Accuracy: 16.99% | Top-5 Accuracy: 22.32%
[2025-10-23 11:17:16,512] - [INFO] - Eval Loss: 6.4677 | Perplexity: 644.00 | Accuracy: 19.91% | Top-5 Accuracy: 45.81%
[2025-10-23 11:17:19,362] - [INFO] - Eval Loss: 5.5125 | Perplexity: 247.78 | Accuracy: 20.20% | Top-5 Accuracy: 51.86%
[2025-10-23 11:17:22,213] - [INFO] - Eval Loss: 5.1672 | Perplexity: 175.42 | Accuracy: 20.57% | Top-5 Accuracy: 54.41%
[2025-10-23 11:17:25,065] - [INFO] - Eval Loss: 4.9323 | Perplexity: 138.69 | Accuracy: 20.93% | Top-5 Accuracy: 55.51%
[2025-10-23 11:17:27,933] - [INFO] - Eval Loss: 4.7347 | Perplexity: 113.83 | Accuracy: 21.23% | Top-5 Accuracy: 56.24%
[2025-10-23 11:17:30,786] - [INFO] - Eval Loss: 4.5728 | Perplexity: 96.82 | Accuracy: 24.22% | Top-5 Accuracy: 57.26%
[2025-10-23 11:17:33,637] - [INFO] - Eval Loss: 4.4492 | Perplexity: 85.55 | Accuracy: 22.17% | Top-5 Accuracy: 57.62%
[2025-10-23 11:17:36,490] - [INFO] - Eval Loss: 4.3619 | Perplexity: 78.41 | Accuracy: 22.90% | Top-5 Accuracy: 58.42%
[2025-10-23 11:17:39,339] - [INFO] - Eval Loss: 4.3060 | Perplexity: 74.15 | Accuracy: 23.05% | Top-5 Accuracy: 58.86%
[2025-10-23 11:17:39,340] - [INFO] - 
=== Running combination ===
[2025-10-23 11:17:39,340] - [INFO] - Embed: 256, Hidden: 128, Top fraction: 0.05, Replace: True, Context: 2
[2025-10-23 11:17:41,291] - [INFO] - Train dataset contains 2194 samples
[2025-10-23 11:17:41,291] - [INFO] - Validation dataset contains 228 samples
[2025-10-23 11:17:41,291] - [INFO] - Test dataset contains 356 samples
[2025-10-23 11:17:41,294] - [INFO] - Top 5.00% frequent words (205) out of 4103 total words
[2025-10-23 11:17:41,294] - [INFO] - The fragment to replace is 0.016787383177570094 of the 205 frequent words (7704 out of 12933)
[2025-10-23 11:17:41,321] - [INFO] - Replaced 123 / 12933 tokens (0.95%)
[2025-10-23 11:17:41,334] - [INFO] - Replaced 13 / 1371 tokens (0.95%)
[2025-10-23 11:17:41,340] - [INFO] - Replaced 14 / 2088 tokens (0.67%)
[2025-10-23 11:17:41,341] - [INFO] - ==== Example Sentence ====
[2025-10-23 11:17:41,342] - [INFO] - Original:  30년 전쟁의 승자는 누구인가?
[2025-10-23 11:17:41,342] - [INFO] - Tokenized: ['30년', '전쟁의', '승자는', '누구인가', '?']
[2025-10-23 11:17:41,342] - [INFO] - Replaced:  ['30년', '전쟁의', '승자는', '누구인가', '?']
[2025-10-23 11:17:41,342] - [INFO] - Window:    (tensor([1613,  994]), tensor(1112))
[2025-10-23 11:17:44,208] - [INFO] - Eval Loss: 7.7565 | Perplexity: 2336.72 | Accuracy: 16.27% | Top-5 Accuracy: 22.25%
[2025-10-23 11:17:47,062] - [INFO] - Eval Loss: 6.7906 | Perplexity: 889.44 | Accuracy: 21.59% | Top-5 Accuracy: 27.64%
[2025-10-23 11:17:49,905] - [INFO] - Eval Loss: 6.0603 | Perplexity: 428.51 | Accuracy: 22.03% | Top-5 Accuracy: 30.85%
[2025-10-23 11:17:52,746] - [INFO] - Eval Loss: 5.6099 | Perplexity: 273.11 | Accuracy: 22.39% | Top-5 Accuracy: 32.39%
[2025-10-23 11:17:55,679] - [INFO] - Eval Loss: 5.2766 | Perplexity: 195.69 | Accuracy: 22.39% | Top-5 Accuracy: 33.41%
[2025-10-23 11:17:58,516] - [INFO] - Eval Loss: 5.0413 | Perplexity: 154.68 | Accuracy: 22.61% | Top-5 Accuracy: 34.14%
[2025-10-23 11:18:01,359] - [INFO] - Eval Loss: 4.8813 | Perplexity: 131.80 | Accuracy: 22.90% | Top-5 Accuracy: 35.38%
[2025-10-23 11:18:04,208] - [INFO] - Eval Loss: 4.7719 | Perplexity: 118.15 | Accuracy: 23.27% | Top-5 Accuracy: 35.81%
[2025-10-23 11:18:07,056] - [INFO] - Eval Loss: 4.6920 | Perplexity: 109.07 | Accuracy: 23.41% | Top-5 Accuracy: 36.54%
[2025-10-23 11:18:09,897] - [INFO] - Eval Loss: 4.6302 | Perplexity: 102.54 | Accuracy: 23.49% | Top-5 Accuracy: 36.83%
[2025-10-23 11:18:09,897] - [INFO] - 
=== Running combination ===
[2025-10-23 11:18:09,898] - [INFO] - Embed: 256, Hidden: 128, Top fraction: 0.05, Replace: False, Context: 5
[2025-10-23 11:18:11,547] - [INFO] - Train dataset contains 2194 samples
[2025-10-23 11:18:11,547] - [INFO] - Validation dataset contains 228 samples
[2025-10-23 11:18:11,547] - [INFO] - Test dataset contains 356 samples
[2025-10-23 11:18:11,550] - [INFO] - Top 5.00% frequent words (205) out of 4103 total words
[2025-10-23 11:18:11,550] - [INFO] - The fragment to replace is 6.308780487804879 of the 205 frequent words (205 out of 12933)
[2025-10-23 11:18:11,576] - [INFO] - Replaced 205 / 12933 tokens (1.59%)
[2025-10-23 11:18:11,593] - [INFO] - Replaced 8 / 1371 tokens (0.58%)
[2025-10-23 11:18:11,600] - [INFO] - Replaced 12 / 2088 tokens (0.57%)
[2025-10-23 11:18:11,602] - [INFO] - ==== Example Sentence ====
[2025-10-23 11:18:11,602] - [INFO] - Original:  30년 전쟁의 승자는 누구인가?
[2025-10-23 11:18:11,602] - [INFO] - Tokenized: ['30년', '전쟁의', '승자는', '누구인가', '?']
[2025-10-23 11:18:11,602] - [INFO] - Replaced:  ['30년', '전쟁의', '<UNK', '누구인가', '?']
[2025-10-23 11:18:11,602] - [INFO] - Window:    (tensor([1613,  994, 1112, 1957, 3970]), tensor(1119))
[2025-10-23 11:18:14,501] - [INFO] - Eval Loss: 6.1500 | Perplexity: 468.70 | Accuracy: 19.55% | Top-5 Accuracy: 48.36%
[2025-10-23 11:18:17,388] - [INFO] - Eval Loss: 5.2436 | Perplexity: 189.35 | Accuracy: 23.19% | Top-5 Accuracy: 52.30%
[2025-10-23 11:18:20,270] - [INFO] - Eval Loss: 4.9240 | Perplexity: 137.56 | Accuracy: 24.65% | Top-5 Accuracy: 53.98%
[2025-10-23 11:18:23,157] - [INFO] - Eval Loss: 4.6306 | Perplexity: 102.58 | Accuracy: 27.21% | Top-5 Accuracy: 54.85%
[2025-10-23 11:18:26,047] - [INFO] - Eval Loss: 4.4742 | Perplexity: 87.72 | Accuracy: 28.30% | Top-5 Accuracy: 55.43%
[2025-10-23 11:18:28,954] - [INFO] - Eval Loss: 4.3349 | Perplexity: 76.32 | Accuracy: 31.15% | Top-5 Accuracy: 56.24%
[2025-10-23 11:18:31,839] - [INFO] - Eval Loss: 4.2347 | Perplexity: 69.04 | Accuracy: 31.80% | Top-5 Accuracy: 56.75%
[2025-10-23 11:18:34,722] - [INFO] - Eval Loss: 4.1808 | Perplexity: 65.42 | Accuracy: 32.24% | Top-5 Accuracy: 56.97%
[2025-10-23 11:18:37,609] - [INFO] - Eval Loss: 4.1194 | Perplexity: 61.52 | Accuracy: 32.90% | Top-5 Accuracy: 57.11%
[2025-10-23 11:18:40,496] - [INFO] - Eval Loss: 4.0698 | Perplexity: 58.54 | Accuracy: 32.82% | Top-5 Accuracy: 57.62%
[2025-10-23 11:18:40,496] - [INFO] - 
=== Running combination ===
[2025-10-23 11:18:40,496] - [INFO] - Embed: 256, Hidden: 128, Top fraction: 0.05, Replace: False, Context: 5
[2025-10-23 11:18:42,072] - [INFO] - Train dataset contains 2194 samples
[2025-10-23 11:18:42,072] - [INFO] - Validation dataset contains 228 samples
[2025-10-23 11:18:42,072] - [INFO] - Test dataset contains 356 samples
[2025-10-23 11:18:42,075] - [INFO] - Top 5.00% frequent words (205) out of 4103 total words
[2025-10-23 11:18:42,075] - [INFO] - The fragment to replace is 3.1543902439024394 of the 205 frequent words (205 out of 12933)
[2025-10-23 11:18:42,271] - [INFO] - Replaced 205 / 12933 tokens (1.59%)
[2025-10-23 11:18:42,287] - [INFO] - Replaced 8 / 1371 tokens (0.58%)
[2025-10-23 11:18:42,293] - [INFO] - Replaced 12 / 2088 tokens (0.57%)
[2025-10-23 11:18:42,295] - [INFO] - ==== Example Sentence ====
[2025-10-23 11:18:42,295] - [INFO] - Original:  30년 전쟁의 승자는 누구인가?
[2025-10-23 11:18:42,295] - [INFO] - Tokenized: ['30년', '전쟁의', '승자는', '누구인가', '?']
[2025-10-23 11:18:42,295] - [INFO] - Replaced:  ['30년', '전쟁의', '<UNK', '누구인가', '?']
[2025-10-23 11:18:42,295] - [INFO] - Window:    (tensor([1613,  994, 1112, 1957, 3970]), tensor(1119))
[2025-10-23 11:18:45,197] - [INFO] - Eval Loss: 6.1500 | Perplexity: 468.70 | Accuracy: 19.55% | Top-5 Accuracy: 48.36%
[2025-10-23 11:18:48,076] - [INFO] - Eval Loss: 5.2436 | Perplexity: 189.35 | Accuracy: 23.19% | Top-5 Accuracy: 52.30%
[2025-10-23 11:18:50,956] - [INFO] - Eval Loss: 4.9240 | Perplexity: 137.56 | Accuracy: 24.65% | Top-5 Accuracy: 53.98%
[2025-10-23 11:18:53,831] - [INFO] - Eval Loss: 4.6306 | Perplexity: 102.58 | Accuracy: 27.21% | Top-5 Accuracy: 54.85%
[2025-10-23 11:18:56,711] - [INFO] - Eval Loss: 4.4742 | Perplexity: 87.72 | Accuracy: 28.30% | Top-5 Accuracy: 55.43%
[2025-10-23 11:18:59,587] - [INFO] - Eval Loss: 4.3349 | Perplexity: 76.32 | Accuracy: 31.15% | Top-5 Accuracy: 56.24%
[2025-10-23 11:19:02,468] - [INFO] - Eval Loss: 4.2347 | Perplexity: 69.04 | Accuracy: 31.80% | Top-5 Accuracy: 56.75%
[2025-10-23 11:19:05,353] - [INFO] - Eval Loss: 4.1808 | Perplexity: 65.42 | Accuracy: 32.24% | Top-5 Accuracy: 56.97%
[2025-10-23 11:19:08,236] - [INFO] - Eval Loss: 4.1194 | Perplexity: 61.52 | Accuracy: 32.90% | Top-5 Accuracy: 57.11%
[2025-10-23 11:19:11,117] - [INFO] - Eval Loss: 4.0698 | Perplexity: 58.54 | Accuracy: 32.82% | Top-5 Accuracy: 57.62%
[2025-10-23 11:19:11,117] - [INFO] - 
=== Running combination ===
[2025-10-23 11:19:11,117] - [INFO] - Embed: 256, Hidden: 128, Top fraction: 0.05, Replace: False, Context: 5
[2025-10-23 11:19:12,707] - [INFO] - Train dataset contains 2194 samples
[2025-10-23 11:19:12,707] - [INFO] - Validation dataset contains 228 samples
[2025-10-23 11:19:12,707] - [INFO] - Test dataset contains 356 samples
[2025-10-23 11:19:12,710] - [INFO] - Top 5.00% frequent words (205) out of 4103 total words
[2025-10-23 11:19:12,710] - [INFO] - The fragment to replace is 0.6308780487804879 of the 205 frequent words (205 out of 12933)
[2025-10-23 11:19:12,736] - [INFO] - Replaced 126 / 12933 tokens (0.97%)
[2025-10-23 11:19:12,754] - [INFO] - Replaced 3 / 1371 tokens (0.22%)
[2025-10-23 11:19:12,759] - [INFO] - Replaced 9 / 2088 tokens (0.43%)
[2025-10-23 11:19:12,762] - [INFO] - ==== Example Sentence ====
[2025-10-23 11:19:12,762] - [INFO] - Original:  30년 전쟁의 승자는 누구인가?
[2025-10-23 11:19:12,762] - [INFO] - Tokenized: ['30년', '전쟁의', '승자는', '누구인가', '?']
[2025-10-23 11:19:12,762] - [INFO] - Replaced:  ['30년', '전쟁의', '<UNK', '누구인가', '?']
[2025-10-23 11:19:12,762] - [INFO] - Window:    (tensor([1613,  994, 1112, 1957, 3970]), tensor(1119))
[2025-10-23 11:19:15,671] - [INFO] - Eval Loss: 6.3284 | Perplexity: 560.26 | Accuracy: 18.96% | Top-5 Accuracy: 45.95%
[2025-10-23 11:19:18,555] - [INFO] - Eval Loss: 5.4635 | Perplexity: 235.92 | Accuracy: 22.03% | Top-5 Accuracy: 39.75%
[2025-10-23 11:19:21,440] - [INFO] - Eval Loss: 5.1556 | Perplexity: 173.41 | Accuracy: 23.05% | Top-5 Accuracy: 41.14%
[2025-10-23 11:19:24,325] - [INFO] - Eval Loss: 4.9208 | Perplexity: 137.11 | Accuracy: 25.09% | Top-5 Accuracy: 42.89%
[2025-10-23 11:19:27,213] - [INFO] - Eval Loss: 4.7952 | Perplexity: 120.93 | Accuracy: 25.60% | Top-5 Accuracy: 43.62%
[2025-10-23 11:19:30,096] - [INFO] - Eval Loss: 4.6191 | Perplexity: 101.41 | Accuracy: 25.97% | Top-5 Accuracy: 53.03%
[2025-10-23 11:19:32,984] - [INFO] - Eval Loss: 4.4967 | Perplexity: 89.72 | Accuracy: 26.48% | Top-5 Accuracy: 54.41%
[2025-10-23 11:19:35,874] - [INFO] - Eval Loss: 4.4138 | Perplexity: 82.58 | Accuracy: 27.06% | Top-5 Accuracy: 54.63%
[2025-10-23 11:19:38,762] - [INFO] - Eval Loss: 4.3355 | Perplexity: 76.36 | Accuracy: 27.50% | Top-5 Accuracy: 54.56%
[2025-10-23 11:19:41,647] - [INFO] - Eval Loss: 4.2650 | Perplexity: 71.16 | Accuracy: 27.79% | Top-5 Accuracy: 55.94%
[2025-10-23 11:19:41,647] - [INFO] - 
=== Running combination ===
[2025-10-23 11:19:41,647] - [INFO] - Embed: 256, Hidden: 128, Top fraction: 0.05, Replace: False, Context: 2
[2025-10-23 11:19:43,362] - [INFO] - Train dataset contains 2194 samples
[2025-10-23 11:19:43,362] - [INFO] - Validation dataset contains 228 samples
[2025-10-23 11:19:43,363] - [INFO] - Test dataset contains 356 samples
[2025-10-23 11:19:43,365] - [INFO] - Top 5.00% frequent words (205) out of 4103 total words
[2025-10-23 11:19:43,366] - [INFO] - The fragment to replace is 6.308780487804879 of the 205 frequent words (205 out of 12933)
[2025-10-23 11:19:43,392] - [INFO] - Replaced 205 / 12933 tokens (1.59%)
[2025-10-23 11:19:43,405] - [INFO] - Replaced 8 / 1371 tokens (0.58%)
[2025-10-23 11:19:43,410] - [INFO] - Replaced 12 / 2088 tokens (0.57%)
[2025-10-23 11:19:43,412] - [INFO] - ==== Example Sentence ====
[2025-10-23 11:19:43,412] - [INFO] - Original:  30년 전쟁의 승자는 누구인가?
[2025-10-23 11:19:43,412] - [INFO] - Tokenized: ['30년', '전쟁의', '승자는', '누구인가', '?']
[2025-10-23 11:19:43,412] - [INFO] - Replaced:  ['30년', '전쟁의', '<UNK', '누구인가', '?']
[2025-10-23 11:19:43,412] - [INFO] - Window:    (tensor([1613,  994]), tensor(1112))
[2025-10-23 11:19:46,278] - [INFO] - Eval Loss: 7.6550 | Perplexity: 2111.10 | Accuracy: 17.65% | Top-5 Accuracy: 22.76%
[2025-10-23 11:19:49,126] - [INFO] - Eval Loss: 6.5019 | Perplexity: 666.42 | Accuracy: 22.10% | Top-5 Accuracy: 34.57%
[2025-10-23 11:19:51,970] - [INFO] - Eval Loss: 5.6509 | Perplexity: 284.54 | Accuracy: 22.54% | Top-5 Accuracy: 46.54%
[2025-10-23 11:19:54,818] - [INFO] - Eval Loss: 5.1370 | Perplexity: 170.21 | Accuracy: 22.90% | Top-5 Accuracy: 49.38%
[2025-10-23 11:19:57,664] - [INFO] - Eval Loss: 4.8055 | Perplexity: 122.17 | Accuracy: 23.05% | Top-5 Accuracy: 50.69%
[2025-10-23 11:20:00,507] - [INFO] - Eval Loss: 4.5958 | Perplexity: 99.07 | Accuracy: 25.89% | Top-5 Accuracy: 52.01%
[2025-10-23 11:20:03,356] - [INFO] - Eval Loss: 4.4356 | Perplexity: 84.40 | Accuracy: 26.11% | Top-5 Accuracy: 52.81%
[2025-10-23 11:20:06,202] - [INFO] - Eval Loss: 4.3258 | Perplexity: 75.62 | Accuracy: 26.91% | Top-5 Accuracy: 53.17%
[2025-10-23 11:20:09,049] - [INFO] - Eval Loss: 4.2360 | Perplexity: 69.13 | Accuracy: 29.25% | Top-5 Accuracy: 53.39%
[2025-10-23 11:20:11,898] - [INFO] - Eval Loss: 4.1752 | Perplexity: 65.05 | Accuracy: 29.61% | Top-5 Accuracy: 53.90%
[2025-10-23 11:20:11,899] - [INFO] - 
=== Running combination ===
[2025-10-23 11:20:11,899] - [INFO] - Embed: 256, Hidden: 128, Top fraction: 0.05, Replace: False, Context: 2
[2025-10-23 11:20:13,692] - [INFO] - Train dataset contains 2194 samples
[2025-10-23 11:20:13,692] - [INFO] - Validation dataset contains 228 samples
[2025-10-23 11:20:13,692] - [INFO] - Test dataset contains 356 samples
[2025-10-23 11:20:13,696] - [INFO] - Top 5.00% frequent words (205) out of 4103 total words
[2025-10-23 11:20:13,696] - [INFO] - The fragment to replace is 3.1543902439024394 of the 205 frequent words (205 out of 12933)
[2025-10-23 11:20:13,722] - [INFO] - Replaced 205 / 12933 tokens (1.59%)
[2025-10-23 11:20:13,734] - [INFO] - Replaced 8 / 1371 tokens (0.58%)
[2025-10-23 11:20:13,740] - [INFO] - Replaced 12 / 2088 tokens (0.57%)
[2025-10-23 11:20:13,741] - [INFO] - ==== Example Sentence ====
[2025-10-23 11:20:13,741] - [INFO] - Original:  30년 전쟁의 승자는 누구인가?
[2025-10-23 11:20:13,741] - [INFO] - Tokenized: ['30년', '전쟁의', '승자는', '누구인가', '?']
[2025-10-23 11:20:13,742] - [INFO] - Replaced:  ['30년', '전쟁의', '<UNK', '누구인가', '?']
[2025-10-23 11:20:13,742] - [INFO] - Window:    (tensor([1613,  994]), tensor(1112))
[2025-10-23 11:20:16,594] - [INFO] - Eval Loss: 7.6550 | Perplexity: 2111.10 | Accuracy: 17.65% | Top-5 Accuracy: 22.76%
[2025-10-23 11:20:19,439] - [INFO] - Eval Loss: 6.5019 | Perplexity: 666.42 | Accuracy: 22.10% | Top-5 Accuracy: 34.57%
[2025-10-23 11:20:22,281] - [INFO] - Eval Loss: 5.6509 | Perplexity: 284.54 | Accuracy: 22.54% | Top-5 Accuracy: 46.54%
[2025-10-23 11:20:25,123] - [INFO] - Eval Loss: 5.1370 | Perplexity: 170.21 | Accuracy: 22.90% | Top-5 Accuracy: 49.38%
[2025-10-23 11:20:27,962] - [INFO] - Eval Loss: 4.8055 | Perplexity: 122.17 | Accuracy: 23.05% | Top-5 Accuracy: 50.69%
[2025-10-23 11:20:30,806] - [INFO] - Eval Loss: 4.5958 | Perplexity: 99.07 | Accuracy: 25.89% | Top-5 Accuracy: 52.01%
[2025-10-23 11:20:33,648] - [INFO] - Eval Loss: 4.4356 | Perplexity: 84.40 | Accuracy: 26.11% | Top-5 Accuracy: 52.81%
[2025-10-23 11:20:36,490] - [INFO] - Eval Loss: 4.3258 | Perplexity: 75.62 | Accuracy: 26.91% | Top-5 Accuracy: 53.17%
[2025-10-23 11:20:39,331] - [INFO] - Eval Loss: 4.2360 | Perplexity: 69.13 | Accuracy: 29.25% | Top-5 Accuracy: 53.39%
[2025-10-23 11:20:42,173] - [INFO] - Eval Loss: 4.1752 | Perplexity: 65.05 | Accuracy: 29.61% | Top-5 Accuracy: 53.90%
[2025-10-23 11:20:42,174] - [INFO] - 
=== Running combination ===
[2025-10-23 11:20:42,174] - [INFO] - Embed: 256, Hidden: 128, Top fraction: 0.05, Replace: False, Context: 2
[2025-10-23 11:20:43,867] - [INFO] - Train dataset contains 2194 samples
[2025-10-23 11:20:43,867] - [INFO] - Validation dataset contains 228 samples
[2025-10-23 11:20:43,867] - [INFO] - Test dataset contains 356 samples
[2025-10-23 11:20:43,870] - [INFO] - Top 5.00% frequent words (205) out of 4103 total words
[2025-10-23 11:20:43,870] - [INFO] - The fragment to replace is 0.6308780487804879 of the 205 frequent words (205 out of 12933)
[2025-10-23 11:20:43,897] - [INFO] - Replaced 126 / 12933 tokens (0.97%)
[2025-10-23 11:20:43,910] - [INFO] - Replaced 3 / 1371 tokens (0.22%)
[2025-10-23 11:20:43,916] - [INFO] - Replaced 9 / 2088 tokens (0.43%)
[2025-10-23 11:20:43,917] - [INFO] - ==== Example Sentence ====
[2025-10-23 11:20:43,917] - [INFO] - Original:  30년 전쟁의 승자는 누구인가?
[2025-10-23 11:20:43,917] - [INFO] - Tokenized: ['30년', '전쟁의', '승자는', '누구인가', '?']
[2025-10-23 11:20:43,917] - [INFO] - Replaced:  ['30년', '전쟁의', '<UNK', '누구인가', '?']
[2025-10-23 11:20:43,918] - [INFO] - Window:    (tensor([1613,  994]), tensor(1112))
[2025-10-23 11:20:46,767] - [INFO] - Eval Loss: 7.7155 | Perplexity: 2242.75 | Accuracy: 16.78% | Top-5 Accuracy: 22.25%
[2025-10-23 11:20:49,616] - [INFO] - Eval Loss: 6.6876 | Perplexity: 802.37 | Accuracy: 22.03% | Top-5 Accuracy: 28.45%
[2025-10-23 11:20:52,450] - [INFO] - Eval Loss: 5.9456 | Perplexity: 382.08 | Accuracy: 22.54% | Top-5 Accuracy: 30.93%
[2025-10-23 11:20:55,291] - [INFO] - Eval Loss: 5.4926 | Perplexity: 242.89 | Accuracy: 22.90% | Top-5 Accuracy: 33.70%
[2025-10-23 11:20:58,131] - [INFO] - Eval Loss: 5.1525 | Perplexity: 172.86 | Accuracy: 23.34% | Top-5 Accuracy: 37.13%
[2025-10-23 11:21:00,971] - [INFO] - Eval Loss: 4.9016 | Perplexity: 134.51 | Accuracy: 23.56% | Top-5 Accuracy: 45.08%
[2025-10-23 11:21:03,810] - [INFO] - Eval Loss: 4.7170 | Perplexity: 111.83 | Accuracy: 23.63% | Top-5 Accuracy: 46.75%
[2025-10-23 11:21:06,649] - [INFO] - Eval Loss: 4.5802 | Perplexity: 97.54 | Accuracy: 24.22% | Top-5 Accuracy: 47.34%
[2025-10-23 11:21:09,489] - [INFO] - Eval Loss: 4.4712 | Perplexity: 87.46 | Accuracy: 24.43% | Top-5 Accuracy: 47.70%
[2025-10-23 11:21:12,331] - [INFO] - Eval Loss: 4.3897 | Perplexity: 80.62 | Accuracy: 24.29% | Top-5 Accuracy: 49.67%
[2025-10-23 11:21:12,332] - [INFO] - 
=== Running combination ===
[2025-10-23 11:21:12,332] - [INFO] - Embed: 256, Hidden: 128, Top fraction: 0.1, Replace: True, Context: 5
[2025-10-23 11:21:14,083] - [INFO] - Train dataset contains 2194 samples
[2025-10-23 11:21:14,084] - [INFO] - Validation dataset contains 228 samples
[2025-10-23 11:21:14,084] - [INFO] - Test dataset contains 356 samples
[2025-10-23 11:21:14,086] - [INFO] - Top 10.00% frequent words (410) out of 4103 total words
[2025-10-23 11:21:14,086] - [INFO] - The fragment to replace is 0.1521708436286622 of the 410 frequent words (8499 out of 12933)
[2025-10-23 11:21:14,115] - [INFO] - Replaced 1334 / 12933 tokens (10.31%)
[2025-10-23 11:21:14,132] - [INFO] - Replaced 114 / 1371 tokens (8.32%)
[2025-10-23 11:21:14,138] - [INFO] - Replaced 200 / 2088 tokens (9.58%)
[2025-10-23 11:21:14,140] - [INFO] - ==== Example Sentence ====
[2025-10-23 11:21:14,140] - [INFO] - Original:  30년 전쟁의 승자는 누구인가?
[2025-10-23 11:21:14,140] - [INFO] - Tokenized: ['30년', '전쟁의', '승자는', '누구인가', '?']
[2025-10-23 11:21:14,140] - [INFO] - Replaced:  ['30년', '전쟁의', '승자는', '누구인가', '<UNK']
[2025-10-23 11:21:14,140] - [INFO] - Window:    (tensor([1613,  994, 1112, 2172, 3970]), tensor(1957))
[2025-10-23 11:21:17,044] - [INFO] - Eval Loss: 5.5934 | Perplexity: 268.66 | Accuracy: 31.36% | Top-5 Accuracy: 52.88%
[2025-10-23 11:21:19,945] - [INFO] - Eval Loss: 4.9002 | Perplexity: 134.32 | Accuracy: 36.03% | Top-5 Accuracy: 57.04%
[2025-10-23 11:21:22,845] - [INFO] - Eval Loss: 4.6586 | Perplexity: 105.49 | Accuracy: 37.20% | Top-5 Accuracy: 59.01%
[2025-10-23 11:21:25,733] - [INFO] - Eval Loss: 4.4634 | Perplexity: 86.78 | Accuracy: 37.64% | Top-5 Accuracy: 60.25%
[2025-10-23 11:21:28,623] - [INFO] - Eval Loss: 4.3856 | Perplexity: 80.29 | Accuracy: 36.54% | Top-5 Accuracy: 60.69%
[2025-10-23 11:21:31,514] - [INFO] - Eval Loss: 4.2872 | Perplexity: 72.76 | Accuracy: 37.86% | Top-5 Accuracy: 60.98%
[2025-10-23 11:21:34,425] - [INFO] - Eval Loss: 4.2446 | Perplexity: 69.73 | Accuracy: 36.03% | Top-5 Accuracy: 61.05%
[2025-10-23 11:21:37,316] - [INFO] - Eval Loss: 4.1798 | Perplexity: 65.36 | Accuracy: 36.83% | Top-5 Accuracy: 61.20%
[2025-10-23 11:21:40,199] - [INFO] - Eval Loss: 4.1307 | Perplexity: 62.22 | Accuracy: 38.22% | Top-5 Accuracy: 61.78%
[2025-10-23 11:21:43,077] - [INFO] - Eval Loss: 4.1078 | Perplexity: 60.81 | Accuracy: 39.02% | Top-5 Accuracy: 61.93%
[2025-10-23 11:21:43,077] - [INFO] - 
=== Running combination ===
[2025-10-23 11:21:43,077] - [INFO] - Embed: 256, Hidden: 128, Top fraction: 0.1, Replace: True, Context: 5
[2025-10-23 11:21:44,824] - [INFO] - Train dataset contains 2194 samples
[2025-10-23 11:21:44,824] - [INFO] - Validation dataset contains 228 samples
[2025-10-23 11:21:44,824] - [INFO] - Test dataset contains 356 samples
[2025-10-23 11:21:44,827] - [INFO] - Top 10.00% frequent words (410) out of 4103 total words
[2025-10-23 11:21:44,827] - [INFO] - The fragment to replace is 0.0760854218143311 of the 410 frequent words (8499 out of 12933)
[2025-10-23 11:21:44,855] - [INFO] - Replaced 621 / 12933 tokens (4.80%)
[2025-10-23 11:21:44,871] - [INFO] - Replaced 49 / 1371 tokens (3.57%)
[2025-10-23 11:21:44,877] - [INFO] - Replaced 92 / 2088 tokens (4.41%)
[2025-10-23 11:21:44,880] - [INFO] - ==== Example Sentence ====
[2025-10-23 11:21:44,880] - [INFO] - Original:  30년 전쟁의 승자는 누구인가?
[2025-10-23 11:21:44,880] - [INFO] - Tokenized: ['30년', '전쟁의', '승자는', '누구인가', '?']
[2025-10-23 11:21:44,880] - [INFO] - Replaced:  ['30년', '전쟁의', '승자는', '누구인가', '<UNK']
[2025-10-23 11:21:44,880] - [INFO] - Window:    (tensor([1613,  994, 1112, 2172, 3970]), tensor(1957))
[2025-10-23 11:21:47,766] - [INFO] - Eval Loss: 5.9709 | Perplexity: 391.87 | Accuracy: 18.16% | Top-5 Accuracy: 49.96%
[2025-10-23 11:21:50,649] - [INFO] - Eval Loss: 5.1316 | Perplexity: 169.28 | Accuracy: 22.68% | Top-5 Accuracy: 55.00%
[2025-10-23 11:21:53,521] - [INFO] - Eval Loss: 4.8954 | Perplexity: 133.67 | Accuracy: 24.07% | Top-5 Accuracy: 56.82%
[2025-10-23 11:21:56,389] - [INFO] - Eval Loss: 4.6662 | Perplexity: 106.29 | Accuracy: 24.95% | Top-5 Accuracy: 57.33%
[2025-10-23 11:21:59,261] - [INFO] - Eval Loss: 4.5479 | Perplexity: 94.43 | Accuracy: 25.46% | Top-5 Accuracy: 58.06%
[2025-10-23 11:22:02,132] - [INFO] - Eval Loss: 4.4081 | Perplexity: 82.11 | Accuracy: 26.04% | Top-5 Accuracy: 58.28%
[2025-10-23 11:22:05,002] - [INFO] - Eval Loss: 4.3424 | Perplexity: 76.89 | Accuracy: 26.33% | Top-5 Accuracy: 58.72%
[2025-10-23 11:22:07,878] - [INFO] - Eval Loss: 4.2875 | Perplexity: 72.78 | Accuracy: 25.67% | Top-5 Accuracy: 59.52%
[2025-10-23 11:22:10,751] - [INFO] - Eval Loss: 4.2367 | Perplexity: 69.18 | Accuracy: 26.48% | Top-5 Accuracy: 59.88%
[2025-10-23 11:22:13,623] - [INFO] - Eval Loss: 4.2028 | Perplexity: 66.87 | Accuracy: 26.26% | Top-5 Accuracy: 60.32%
[2025-10-23 11:22:13,624] - [INFO] - 
=== Running combination ===
[2025-10-23 11:22:13,624] - [INFO] - Embed: 256, Hidden: 128, Top fraction: 0.1, Replace: True, Context: 5
[2025-10-23 11:22:15,194] - [INFO] - Train dataset contains 2194 samples
[2025-10-23 11:22:15,194] - [INFO] - Validation dataset contains 228 samples
[2025-10-23 11:22:15,194] - [INFO] - Test dataset contains 356 samples
[2025-10-23 11:22:15,197] - [INFO] - Top 10.00% frequent words (410) out of 4103 total words
[2025-10-23 11:22:15,197] - [INFO] - The fragment to replace is 0.01521708436286622 of the 410 frequent words (8499 out of 12933)
[2025-10-23 11:22:15,226] - [INFO] - Replaced 124 / 12933 tokens (0.96%)
[2025-10-23 11:22:15,242] - [INFO] - Replaced 9 / 1371 tokens (0.66%)
[2025-10-23 11:22:15,248] - [INFO] - Replaced 19 / 2088 tokens (0.91%)
[2025-10-23 11:22:15,250] - [INFO] - ==== Example Sentence ====
[2025-10-23 11:22:15,250] - [INFO] - Original:  30년 전쟁의 승자는 누구인가?
[2025-10-23 11:22:15,250] - [INFO] - Tokenized: ['30년', '전쟁의', '승자는', '누구인가', '?']
[2025-10-23 11:22:15,250] - [INFO] - Replaced:  ['30년', '전쟁의', '승자는', '누구인가', '?']
[2025-10-23 11:22:15,251] - [INFO] - Window:    (tensor([1613,  994, 1112, 2172, 3970]), tensor(1119))
[2025-10-23 11:22:18,143] - [INFO] - Eval Loss: 6.4211 | Perplexity: 614.68 | Accuracy: 18.60% | Top-5 Accuracy: 34.43%
[2025-10-23 11:22:21,015] - [INFO] - Eval Loss: 5.5662 | Perplexity: 261.44 | Accuracy: 20.71% | Top-5 Accuracy: 34.06%
[2025-10-23 11:22:23,899] - [INFO] - Eval Loss: 5.2867 | Perplexity: 197.69 | Accuracy: 22.98% | Top-5 Accuracy: 35.52%
[2025-10-23 11:22:26,773] - [INFO] - Eval Loss: 5.0771 | Perplexity: 160.32 | Accuracy: 24.58% | Top-5 Accuracy: 37.56%
[2025-10-23 11:22:29,644] - [INFO] - Eval Loss: 4.9399 | Perplexity: 139.76 | Accuracy: 24.95% | Top-5 Accuracy: 38.00%
[2025-10-23 11:22:32,516] - [INFO] - Eval Loss: 4.8023 | Perplexity: 121.79 | Accuracy: 25.53% | Top-5 Accuracy: 38.51%
[2025-10-23 11:22:35,386] - [INFO] - Eval Loss: 4.6913 | Perplexity: 109.00 | Accuracy: 25.67% | Top-5 Accuracy: 40.12%
[2025-10-23 11:22:38,258] - [INFO] - Eval Loss: 4.6199 | Perplexity: 101.49 | Accuracy: 26.11% | Top-5 Accuracy: 40.12%
[2025-10-23 11:22:41,132] - [INFO] - Eval Loss: 4.5593 | Perplexity: 95.51 | Accuracy: 26.48% | Top-5 Accuracy: 40.26%
[2025-10-23 11:22:44,005] - [INFO] - Eval Loss: 4.4822 | Perplexity: 88.43 | Accuracy: 26.48% | Top-5 Accuracy: 41.58%
[2025-10-23 11:22:44,006] - [INFO] - 
=== Running combination ===
[2025-10-23 11:22:44,006] - [INFO] - Embed: 256, Hidden: 128, Top fraction: 0.1, Replace: True, Context: 2
[2025-10-23 11:22:45,600] - [INFO] - Train dataset contains 2194 samples
[2025-10-23 11:22:45,600] - [INFO] - Validation dataset contains 228 samples
[2025-10-23 11:22:45,600] - [INFO] - Test dataset contains 356 samples
[2025-10-23 11:22:45,603] - [INFO] - Top 10.00% frequent words (410) out of 4103 total words
[2025-10-23 11:22:45,604] - [INFO] - The fragment to replace is 0.1521708436286622 of the 410 frequent words (8499 out of 12933)
[2025-10-23 11:22:45,632] - [INFO] - Replaced 1334 / 12933 tokens (10.31%)
[2025-10-23 11:22:45,648] - [INFO] - Replaced 114 / 1371 tokens (8.32%)
[2025-10-23 11:22:45,653] - [INFO] - Replaced 200 / 2088 tokens (9.58%)
[2025-10-23 11:22:45,905] - [INFO] - ==== Example Sentence ====
[2025-10-23 11:22:45,905] - [INFO] - Original:  30년 전쟁의 승자는 누구인가?
[2025-10-23 11:22:45,905] - [INFO] - Tokenized: ['30년', '전쟁의', '승자는', '누구인가', '?']
[2025-10-23 11:22:45,905] - [INFO] - Replaced:  ['30년', '전쟁의', '승자는', '누구인가', '<UNK']
[2025-10-23 11:22:45,906] - [INFO] - Window:    (tensor([1613,  994]), tensor(1112))
[2025-10-23 11:22:48,961] - [INFO] - Eval Loss: 7.4638 | Perplexity: 1743.76 | Accuracy: 26.84% | Top-5 Accuracy: 41.36%
[2025-10-23 11:22:51,853] - [INFO] - Eval Loss: 5.8646 | Perplexity: 352.35 | Accuracy: 29.69% | Top-5 Accuracy: 52.88%
[2025-10-23 11:22:54,688] - [INFO] - Eval Loss: 5.2106 | Perplexity: 183.20 | Accuracy: 29.91% | Top-5 Accuracy: 55.58%
[2025-10-23 11:22:57,530] - [INFO] - Eval Loss: 4.8719 | Perplexity: 130.57 | Accuracy: 31.07% | Top-5 Accuracy: 57.48%
[2025-10-23 11:23:00,361] - [INFO] - Eval Loss: 4.6437 | Perplexity: 103.93 | Accuracy: 32.31% | Top-5 Accuracy: 58.28%
[2025-10-23 11:23:03,195] - [INFO] - Eval Loss: 4.4757 | Perplexity: 87.85 | Accuracy: 33.33% | Top-5 Accuracy: 58.94%
[2025-10-23 11:23:06,029] - [INFO] - Eval Loss: 4.3596 | Perplexity: 78.23 | Accuracy: 33.70% | Top-5 Accuracy: 59.23%
[2025-10-23 11:23:08,865] - [INFO] - Eval Loss: 4.2645 | Perplexity: 71.13 | Accuracy: 34.57% | Top-5 Accuracy: 60.18%
[2025-10-23 11:23:11,699] - [INFO] - Eval Loss: 4.1928 | Perplexity: 66.21 | Accuracy: 35.59% | Top-5 Accuracy: 60.54%
[2025-10-23 11:23:14,533] - [INFO] - Eval Loss: 4.1480 | Perplexity: 63.31 | Accuracy: 34.06% | Top-5 Accuracy: 60.54%
[2025-10-23 11:23:14,533] - [INFO] - 
=== Running combination ===
[2025-10-23 11:23:14,533] - [INFO] - Embed: 256, Hidden: 128, Top fraction: 0.1, Replace: True, Context: 2
[2025-10-23 11:23:16,162] - [INFO] - Train dataset contains 2194 samples
[2025-10-23 11:23:16,162] - [INFO] - Validation dataset contains 228 samples
[2025-10-23 11:23:16,162] - [INFO] - Test dataset contains 356 samples
[2025-10-23 11:23:16,165] - [INFO] - Top 10.00% frequent words (410) out of 4103 total words
[2025-10-23 11:23:16,165] - [INFO] - The fragment to replace is 0.0760854218143311 of the 410 frequent words (8499 out of 12933)
[2025-10-23 11:23:16,193] - [INFO] - Replaced 621 / 12933 tokens (4.80%)
[2025-10-23 11:23:16,206] - [INFO] - Replaced 49 / 1371 tokens (3.57%)
[2025-10-23 11:23:16,211] - [INFO] - Replaced 92 / 2088 tokens (4.41%)
[2025-10-23 11:23:16,213] - [INFO] - ==== Example Sentence ====
[2025-10-23 11:23:16,213] - [INFO] - Original:  30년 전쟁의 승자는 누구인가?
[2025-10-23 11:23:16,213] - [INFO] - Tokenized: ['30년', '전쟁의', '승자는', '누구인가', '?']
[2025-10-23 11:23:16,213] - [INFO] - Replaced:  ['30년', '전쟁의', '승자는', '누구인가', '<UNK']
[2025-10-23 11:23:16,214] - [INFO] - Window:    (tensor([1613,  994]), tensor(1112))
[2025-10-23 11:23:19,082] - [INFO] - Eval Loss: 7.6524 | Perplexity: 2105.71 | Accuracy: 17.51% | Top-5 Accuracy: 23.34%
[2025-10-23 11:23:21,935] - [INFO] - Eval Loss: 6.4177 | Perplexity: 612.62 | Accuracy: 20.86% | Top-5 Accuracy: 46.17%
[2025-10-23 11:23:24,789] - [INFO] - Eval Loss: 5.4770 | Perplexity: 239.12 | Accuracy: 21.23% | Top-5 Accuracy: 51.86%
[2025-10-23 11:23:27,647] - [INFO] - Eval Loss: 5.1043 | Perplexity: 164.73 | Accuracy: 21.59% | Top-5 Accuracy: 54.70%
[2025-10-23 11:23:30,497] - [INFO] - Eval Loss: 4.8681 | Perplexity: 130.07 | Accuracy: 21.74% | Top-5 Accuracy: 55.94%
[2025-10-23 11:23:33,353] - [INFO] - Eval Loss: 4.6636 | Perplexity: 106.02 | Accuracy: 22.03% | Top-5 Accuracy: 56.53%
[2025-10-23 11:23:36,210] - [INFO] - Eval Loss: 4.5074 | Perplexity: 90.68 | Accuracy: 23.19% | Top-5 Accuracy: 57.33%
[2025-10-23 11:23:39,065] - [INFO] - Eval Loss: 4.3899 | Perplexity: 80.63 | Accuracy: 23.71% | Top-5 Accuracy: 57.91%
[2025-10-23 11:23:41,919] - [INFO] - Eval Loss: 4.3049 | Perplexity: 74.06 | Accuracy: 24.07% | Top-5 Accuracy: 58.42%
[2025-10-23 11:23:44,776] - [INFO] - Eval Loss: 4.2526 | Perplexity: 70.29 | Accuracy: 24.14% | Top-5 Accuracy: 58.64%
[2025-10-23 11:23:44,777] - [INFO] - 
=== Running combination ===
[2025-10-23 11:23:44,777] - [INFO] - Embed: 256, Hidden: 128, Top fraction: 0.1, Replace: True, Context: 2
[2025-10-23 11:23:46,353] - [INFO] - Train dataset contains 2194 samples
[2025-10-23 11:23:46,353] - [INFO] - Validation dataset contains 228 samples
[2025-10-23 11:23:46,354] - [INFO] - Test dataset contains 356 samples
[2025-10-23 11:23:46,356] - [INFO] - Top 10.00% frequent words (410) out of 4103 total words
[2025-10-23 11:23:46,357] - [INFO] - The fragment to replace is 0.01521708436286622 of the 410 frequent words (8499 out of 12933)
[2025-10-23 11:23:46,385] - [INFO] - Replaced 124 / 12933 tokens (0.96%)
[2025-10-23 11:23:46,397] - [INFO] - Replaced 9 / 1371 tokens (0.66%)
[2025-10-23 11:23:46,402] - [INFO] - Replaced 19 / 2088 tokens (0.91%)
[2025-10-23 11:23:46,404] - [INFO] - ==== Example Sentence ====
[2025-10-23 11:23:46,404] - [INFO] - Original:  30년 전쟁의 승자는 누구인가?
[2025-10-23 11:23:46,404] - [INFO] - Tokenized: ['30년', '전쟁의', '승자는', '누구인가', '?']
[2025-10-23 11:23:46,404] - [INFO] - Replaced:  ['30년', '전쟁의', '승자는', '누구인가', '?']
[2025-10-23 11:23:46,404] - [INFO] - Window:    (tensor([1613,  994]), tensor(1112))
[2025-10-23 11:23:48,891] - [INFO] - Eval Loss: 7.7495 | Perplexity: 2320.47 | Accuracy: 16.48% | Top-5 Accuracy: 22.25%
[2025-10-23 11:23:51,736] - [INFO] - Eval Loss: 6.7790 | Perplexity: 879.19 | Accuracy: 21.81% | Top-5 Accuracy: 28.01%
[2025-10-23 11:23:54,584] - [INFO] - Eval Loss: 6.0491 | Perplexity: 423.74 | Accuracy: 22.47% | Top-5 Accuracy: 30.49%
[2025-10-23 11:23:57,431] - [INFO] - Eval Loss: 5.6033 | Perplexity: 271.32 | Accuracy: 22.68% | Top-5 Accuracy: 32.68%
[2025-10-23 11:24:00,282] - [INFO] - Eval Loss: 5.2728 | Perplexity: 194.97 | Accuracy: 22.83% | Top-5 Accuracy: 34.21%
[2025-10-23 11:24:03,125] - [INFO] - Eval Loss: 5.0325 | Perplexity: 153.32 | Accuracy: 22.76% | Top-5 Accuracy: 35.08%
[2025-10-23 11:24:05,993] - [INFO] - Eval Loss: 4.8612 | Perplexity: 129.18 | Accuracy: 22.90% | Top-5 Accuracy: 35.89%
[2025-10-23 11:24:08,841] - [INFO] - Eval Loss: 4.7403 | Perplexity: 114.47 | Accuracy: 23.71% | Top-5 Accuracy: 36.47%
[2025-10-23 11:24:11,686] - [INFO] - Eval Loss: 4.6467 | Perplexity: 104.24 | Accuracy: 24.22% | Top-5 Accuracy: 37.05%
[2025-10-23 11:24:14,530] - [INFO] - Eval Loss: 4.5771 | Perplexity: 97.23 | Accuracy: 24.14% | Top-5 Accuracy: 37.35%
[2025-10-23 11:24:14,531] - [INFO] - 
=== Running combination ===
[2025-10-23 11:24:14,531] - [INFO] - Embed: 256, Hidden: 128, Top fraction: 0.1, Replace: False, Context: 5
[2025-10-23 11:24:16,431] - [INFO] - Train dataset contains 2194 samples
[2025-10-23 11:24:16,431] - [INFO] - Validation dataset contains 228 samples
[2025-10-23 11:24:16,431] - [INFO] - Test dataset contains 356 samples
[2025-10-23 11:24:16,434] - [INFO] - Top 10.00% frequent words (410) out of 4103 total words
[2025-10-23 11:24:16,434] - [INFO] - The fragment to replace is 3.1543902439024394 of the 410 frequent words (410 out of 12933)
[2025-10-23 11:24:16,461] - [INFO] - Replaced 410 / 12933 tokens (3.17%)
[2025-10-23 11:24:16,478] - [INFO] - Replaced 14 / 1371 tokens (1.02%)
[2025-10-23 11:24:16,484] - [INFO] - Replaced 29 / 2088 tokens (1.39%)
[2025-10-23 11:24:16,486] - [INFO] - ==== Example Sentence ====
[2025-10-23 11:24:16,487] - [INFO] - Original:  30년 전쟁의 승자는 누구인가?
[2025-10-23 11:24:16,487] - [INFO] - Tokenized: ['30년', '전쟁의', '승자는', '누구인가', '?']
[2025-10-23 11:24:16,487] - [INFO] - Replaced:  ['30년', '전쟁의', '<UNK', '누구인가', '?']
[2025-10-23 11:24:16,487] - [INFO] - Window:    (tensor([1613,  994, 1112, 1957, 3970]), tensor(1119))
[2025-10-23 11:24:19,385] - [INFO] - Eval Loss: 5.8504 | Perplexity: 347.36 | Accuracy: 19.62% | Top-5 Accuracy: 49.82%
[2025-10-23 11:24:22,273] - [INFO] - Eval Loss: 4.9746 | Perplexity: 144.69 | Accuracy: 25.02% | Top-5 Accuracy: 54.41%
[2025-10-23 11:24:25,161] - [INFO] - Eval Loss: 4.6447 | Perplexity: 104.04 | Accuracy: 35.89% | Top-5 Accuracy: 56.53%
[2025-10-23 11:24:28,049] - [INFO] - Eval Loss: 4.4213 | Perplexity: 83.21 | Accuracy: 36.91% | Top-5 Accuracy: 56.67%
[2025-10-23 11:24:30,947] - [INFO] - Eval Loss: 4.2659 | Perplexity: 71.23 | Accuracy: 37.49% | Top-5 Accuracy: 57.33%
[2025-10-23 11:24:33,836] - [INFO] - Eval Loss: 4.1656 | Perplexity: 64.43 | Accuracy: 38.15% | Top-5 Accuracy: 57.26%
[2025-10-23 11:24:36,721] - [INFO] - Eval Loss: 4.0824 | Perplexity: 59.29 | Accuracy: 38.51% | Top-5 Accuracy: 58.13%
[2025-10-23 11:24:39,609] - [INFO] - Eval Loss: 4.0231 | Perplexity: 55.87 | Accuracy: 39.24% | Top-5 Accuracy: 58.21%
[2025-10-23 11:24:42,501] - [INFO] - Eval Loss: 3.9509 | Perplexity: 51.98 | Accuracy: 39.75% | Top-5 Accuracy: 58.72%
[2025-10-23 11:24:45,383] - [INFO] - Eval Loss: 3.9329 | Perplexity: 51.05 | Accuracy: 39.75% | Top-5 Accuracy: 59.01%
[2025-10-23 11:24:45,384] - [INFO] - 
=== Running combination ===
[2025-10-23 11:24:45,384] - [INFO] - Embed: 256, Hidden: 128, Top fraction: 0.1, Replace: False, Context: 5
[2025-10-23 11:24:46,919] - [INFO] - Train dataset contains 2194 samples
[2025-10-23 11:24:46,919] - [INFO] - Validation dataset contains 228 samples
[2025-10-23 11:24:46,919] - [INFO] - Test dataset contains 356 samples
[2025-10-23 11:24:46,922] - [INFO] - Top 10.00% frequent words (410) out of 4103 total words
[2025-10-23 11:24:46,922] - [INFO] - The fragment to replace is 1.5771951219512197 of the 410 frequent words (410 out of 12933)
[2025-10-23 11:24:46,948] - [INFO] - Replaced 410 / 12933 tokens (3.17%)
[2025-10-23 11:24:47,142] - [INFO] - Replaced 14 / 1371 tokens (1.02%)
[2025-10-23 11:24:47,148] - [INFO] - Replaced 29 / 2088 tokens (1.39%)
[2025-10-23 11:24:47,150] - [INFO] - ==== Example Sentence ====
[2025-10-23 11:24:47,151] - [INFO] - Original:  30년 전쟁의 승자는 누구인가?
[2025-10-23 11:24:47,151] - [INFO] - Tokenized: ['30년', '전쟁의', '승자는', '누구인가', '?']
[2025-10-23 11:24:47,151] - [INFO] - Replaced:  ['30년', '전쟁의', '<UNK', '누구인가', '?']
[2025-10-23 11:24:47,151] - [INFO] - Window:    (tensor([1613,  994, 1112, 1957, 3970]), tensor(1119))
[2025-10-23 11:24:48,370] - [INFO] - Eval Loss: 5.8504 | Perplexity: 347.36 | Accuracy: 19.62% | Top-5 Accuracy: 49.82%
[2025-10-23 11:24:49,537] - [INFO] - Eval Loss: 4.9746 | Perplexity: 144.69 | Accuracy: 25.02% | Top-5 Accuracy: 54.41%
[2025-10-23 11:24:50,626] - [INFO] - Eval Loss: 4.6447 | Perplexity: 104.04 | Accuracy: 35.89% | Top-5 Accuracy: 56.53%
[2025-10-23 11:24:51,721] - [INFO] - Eval Loss: 4.4213 | Perplexity: 83.21 | Accuracy: 36.91% | Top-5 Accuracy: 56.67%
[2025-10-23 11:24:52,819] - [INFO] - Eval Loss: 4.2659 | Perplexity: 71.23 | Accuracy: 37.49% | Top-5 Accuracy: 57.33%
[2025-10-23 11:24:53,933] - [INFO] - Eval Loss: 4.1656 | Perplexity: 64.43 | Accuracy: 38.15% | Top-5 Accuracy: 57.26%
[2025-10-23 11:24:55,054] - [INFO] - Eval Loss: 4.0824 | Perplexity: 59.29 | Accuracy: 38.51% | Top-5 Accuracy: 58.13%
[2025-10-23 11:24:56,169] - [INFO] - Eval Loss: 4.0231 | Perplexity: 55.87 | Accuracy: 39.24% | Top-5 Accuracy: 58.21%
[2025-10-23 11:24:57,268] - [INFO] - Eval Loss: 3.9509 | Perplexity: 51.98 | Accuracy: 39.75% | Top-5 Accuracy: 58.72%
[2025-10-23 11:24:58,355] - [INFO] - Eval Loss: 3.9329 | Perplexity: 51.05 | Accuracy: 39.75% | Top-5 Accuracy: 59.01%
[2025-10-23 11:24:58,355] - [INFO] - 
=== Running combination ===
[2025-10-23 11:24:58,355] - [INFO] - Embed: 256, Hidden: 128, Top fraction: 0.1, Replace: False, Context: 5
[2025-10-23 11:24:59,948] - [INFO] - Train dataset contains 2194 samples
[2025-10-23 11:24:59,949] - [INFO] - Validation dataset contains 228 samples
[2025-10-23 11:24:59,949] - [INFO] - Test dataset contains 356 samples
[2025-10-23 11:24:59,952] - [INFO] - Top 10.00% frequent words (410) out of 4103 total words
[2025-10-23 11:24:59,952] - [INFO] - The fragment to replace is 0.31543902439024396 of the 410 frequent words (410 out of 12933)
[2025-10-23 11:24:59,977] - [INFO] - Replaced 141 / 12933 tokens (1.09%)
[2025-10-23 11:24:59,995] - [INFO] - Replaced 5 / 1371 tokens (0.36%)
[2025-10-23 11:25:00,001] - [INFO] - Replaced 13 / 2088 tokens (0.62%)
[2025-10-23 11:25:00,003] - [INFO] - ==== Example Sentence ====
[2025-10-23 11:25:00,003] - [INFO] - Original:  30년 전쟁의 승자는 누구인가?
[2025-10-23 11:25:00,003] - [INFO] - Tokenized: ['30년', '전쟁의', '승자는', '누구인가', '?']
[2025-10-23 11:25:00,003] - [INFO] - Replaced:  ['30년', '전쟁의', '<UNK', '누구인가', '?']
[2025-10-23 11:25:00,003] - [INFO] - Window:    (tensor([1613,  994, 1112, 1957, 3970]), tensor(1119))
[2025-10-23 11:25:02,151] - [INFO] - Eval Loss: 6.3104 | Perplexity: 550.25 | Accuracy: 19.04% | Top-5 Accuracy: 46.54%
[2025-10-23 11:25:03,340] - [INFO] - Eval Loss: 5.4446 | Perplexity: 231.50 | Accuracy: 21.30% | Top-5 Accuracy: 47.85%
[2025-10-23 11:25:04,499] - [INFO] - Eval Loss: 5.1463 | Perplexity: 171.80 | Accuracy: 23.19% | Top-5 Accuracy: 40.26%
[2025-10-23 11:25:05,655] - [INFO] - Eval Loss: 4.9383 | Perplexity: 139.53 | Accuracy: 24.95% | Top-5 Accuracy: 41.79%
[2025-10-23 11:25:06,835] - [INFO] - Eval Loss: 4.7779 | Perplexity: 118.85 | Accuracy: 25.31% | Top-5 Accuracy: 50.40%
[2025-10-23 11:25:07,986] - [INFO] - Eval Loss: 4.6283 | Perplexity: 102.34 | Accuracy: 25.67% | Top-5 Accuracy: 51.57%
[2025-10-23 11:25:09,035] - [INFO] - Eval Loss: 4.5044 | Perplexity: 90.42 | Accuracy: 26.04% | Top-5 Accuracy: 54.63%
[2025-10-23 11:25:10,069] - [INFO] - Eval Loss: 4.4196 | Perplexity: 83.06 | Accuracy: 26.55% | Top-5 Accuracy: 53.98%
[2025-10-23 11:25:11,126] - [INFO] - Eval Loss: 4.3499 | Perplexity: 77.47 | Accuracy: 26.99% | Top-5 Accuracy: 54.56%
[2025-10-23 11:25:12,151] - [INFO] - Eval Loss: 4.2848 | Perplexity: 72.59 | Accuracy: 27.86% | Top-5 Accuracy: 56.09%
[2025-10-23 11:25:12,152] - [INFO] - 
=== Running combination ===
[2025-10-23 11:25:12,152] - [INFO] - Embed: 256, Hidden: 128, Top fraction: 0.1, Replace: False, Context: 2
[2025-10-23 11:25:13,814] - [INFO] - Train dataset contains 2194 samples
[2025-10-23 11:25:13,814] - [INFO] - Validation dataset contains 228 samples
[2025-10-23 11:25:13,814] - [INFO] - Test dataset contains 356 samples
[2025-10-23 11:25:13,817] - [INFO] - Top 10.00% frequent words (410) out of 4103 total words
[2025-10-23 11:25:13,817] - [INFO] - The fragment to replace is 3.1543902439024394 of the 410 frequent words (410 out of 12933)
[2025-10-23 11:25:13,839] - [INFO] - Replaced 410 / 12933 tokens (3.17%)
[2025-10-23 11:25:13,850] - [INFO] - Replaced 14 / 1371 tokens (1.02%)
[2025-10-23 11:25:13,854] - [INFO] - Replaced 29 / 2088 tokens (1.39%)
[2025-10-23 11:25:13,855] - [INFO] - ==== Example Sentence ====
[2025-10-23 11:25:13,855] - [INFO] - Original:  30년 전쟁의 승자는 누구인가?
[2025-10-23 11:25:13,855] - [INFO] - Tokenized: ['30년', '전쟁의', '승자는', '누구인가', '?']
[2025-10-23 11:25:13,855] - [INFO] - Replaced:  ['30년', '전쟁의', '<UNK', '누구인가', '?']
[2025-10-23 11:25:13,856] - [INFO] - Window:    (tensor([1613,  994]), tensor(1112))
[2025-10-23 11:25:14,874] - [INFO] - Eval Loss: 7.5342 | Perplexity: 1870.90 | Accuracy: 18.45% | Top-5 Accuracy: 36.32%
[2025-10-23 11:25:15,917] - [INFO] - Eval Loss: 6.1372 | Perplexity: 462.77 | Accuracy: 22.10% | Top-5 Accuracy: 47.70%
[2025-10-23 11:25:17,166] - [INFO] - Eval Loss: 5.2150 | Perplexity: 184.01 | Accuracy: 31.15% | Top-5 Accuracy: 50.47%
[2025-10-23 11:25:20,061] - [INFO] - Eval Loss: 4.8107 | Perplexity: 122.82 | Accuracy: 25.38% | Top-5 Accuracy: 53.03%
[2025-10-23 11:25:22,977] - [INFO] - Eval Loss: 4.5858 | Perplexity: 98.08 | Accuracy: 26.11% | Top-5 Accuracy: 53.83%
[2025-10-23 11:25:25,816] - [INFO] - Eval Loss: 4.4079 | Perplexity: 82.09 | Accuracy: 34.65% | Top-5 Accuracy: 54.92%
[2025-10-23 11:25:28,646] - [INFO] - Eval Loss: 4.2751 | Perplexity: 71.89 | Accuracy: 29.47% | Top-5 Accuracy: 55.58%
[2025-10-23 11:25:31,481] - [INFO] - Eval Loss: 4.1728 | Perplexity: 64.90 | Accuracy: 29.83% | Top-5 Accuracy: 56.24%
[2025-10-23 11:25:34,314] - [INFO] - Eval Loss: 4.0919 | Perplexity: 59.85 | Accuracy: 30.12% | Top-5 Accuracy: 57.26%
[2025-10-23 11:25:37,148] - [INFO] - Eval Loss: 4.0232 | Perplexity: 55.88 | Accuracy: 36.54% | Top-5 Accuracy: 58.50%
[2025-10-23 11:25:37,149] - [INFO] - 
=== Running combination ===
[2025-10-23 11:25:37,149] - [INFO] - Embed: 256, Hidden: 128, Top fraction: 0.1, Replace: False, Context: 2
[2025-10-23 11:25:38,731] - [INFO] - Train dataset contains 2194 samples
[2025-10-23 11:25:38,731] - [INFO] - Validation dataset contains 228 samples
[2025-10-23 11:25:38,731] - [INFO] - Test dataset contains 356 samples
[2025-10-23 11:25:38,734] - [INFO] - Top 10.00% frequent words (410) out of 4103 total words
[2025-10-23 11:25:38,734] - [INFO] - The fragment to replace is 1.5771951219512197 of the 410 frequent words (410 out of 12933)
[2025-10-23 11:25:38,760] - [INFO] - Replaced 410 / 12933 tokens (3.17%)
[2025-10-23 11:25:38,922] - [INFO] - Replaced 14 / 1371 tokens (1.02%)
[2025-10-23 11:25:38,928] - [INFO] - Replaced 29 / 2088 tokens (1.39%)
[2025-10-23 11:25:38,929] - [INFO] - ==== Example Sentence ====
[2025-10-23 11:25:38,929] - [INFO] - Original:  30년 전쟁의 승자는 누구인가?
[2025-10-23 11:25:38,929] - [INFO] - Tokenized: ['30년', '전쟁의', '승자는', '누구인가', '?']
[2025-10-23 11:25:38,929] - [INFO] - Replaced:  ['30년', '전쟁의', '<UNK', '누구인가', '?']
[2025-10-23 11:25:38,930] - [INFO] - Window:    (tensor([1613,  994]), tensor(1112))
[2025-10-23 11:25:40,117] - [INFO] - Eval Loss: 7.5342 | Perplexity: 1870.90 | Accuracy: 18.45% | Top-5 Accuracy: 36.32%
[2025-10-23 11:25:41,180] - [INFO] - Eval Loss: 6.1372 | Perplexity: 462.77 | Accuracy: 22.10% | Top-5 Accuracy: 47.70%
[2025-10-23 11:25:42,110] - [INFO] - Eval Loss: 5.2150 | Perplexity: 184.01 | Accuracy: 31.15% | Top-5 Accuracy: 50.47%
[2025-10-23 11:25:43,015] - [INFO] - Eval Loss: 4.8107 | Perplexity: 122.82 | Accuracy: 25.38% | Top-5 Accuracy: 53.03%
[2025-10-23 11:25:43,930] - [INFO] - Eval Loss: 4.5858 | Perplexity: 98.08 | Accuracy: 26.11% | Top-5 Accuracy: 53.83%
[2025-10-23 11:25:44,862] - [INFO] - Eval Loss: 4.4079 | Perplexity: 82.09 | Accuracy: 34.65% | Top-5 Accuracy: 54.92%
[2025-10-23 11:25:45,820] - [INFO] - Eval Loss: 4.2751 | Perplexity: 71.89 | Accuracy: 29.47% | Top-5 Accuracy: 55.58%
[2025-10-23 11:25:46,798] - [INFO] - Eval Loss: 4.1728 | Perplexity: 64.90 | Accuracy: 29.83% | Top-5 Accuracy: 56.24%
[2025-10-23 11:25:49,384] - [INFO] - Eval Loss: 4.0919 | Perplexity: 59.85 | Accuracy: 30.12% | Top-5 Accuracy: 57.26%
[2025-10-23 11:25:52,222] - [INFO] - Eval Loss: 4.0232 | Perplexity: 55.88 | Accuracy: 36.54% | Top-5 Accuracy: 58.50%
[2025-10-23 11:25:52,222] - [INFO] - 
=== Running combination ===
[2025-10-23 11:25:52,222] - [INFO] - Embed: 256, Hidden: 128, Top fraction: 0.1, Replace: False, Context: 2
[2025-10-23 11:25:54,055] - [INFO] - Train dataset contains 2194 samples
[2025-10-23 11:25:54,055] - [INFO] - Validation dataset contains 228 samples
[2025-10-23 11:25:54,055] - [INFO] - Test dataset contains 356 samples
[2025-10-23 11:25:54,058] - [INFO] - Top 10.00% frequent words (410) out of 4103 total words
[2025-10-23 11:25:54,058] - [INFO] - The fragment to replace is 0.31543902439024396 of the 410 frequent words (410 out of 12933)
[2025-10-23 11:25:54,084] - [INFO] - Replaced 141 / 12933 tokens (1.09%)
[2025-10-23 11:25:54,097] - [INFO] - Replaced 5 / 1371 tokens (0.36%)
[2025-10-23 11:25:54,103] - [INFO] - Replaced 13 / 2088 tokens (0.62%)
[2025-10-23 11:25:54,104] - [INFO] - ==== Example Sentence ====
[2025-10-23 11:25:54,104] - [INFO] - Original:  30년 전쟁의 승자는 누구인가?
[2025-10-23 11:25:54,104] - [INFO] - Tokenized: ['30년', '전쟁의', '승자는', '누구인가', '?']
[2025-10-23 11:25:54,104] - [INFO] - Replaced:  ['30년', '전쟁의', '<UNK', '누구인가', '?']
[2025-10-23 11:25:54,105] - [INFO] - Window:    (tensor([1613,  994]), tensor(1112))
[2025-10-23 11:25:56,948] - [INFO] - Eval Loss: 7.7093 | Perplexity: 2228.91 | Accuracy: 16.78% | Top-5 Accuracy: 22.32%
[2025-10-23 11:25:59,782] - [INFO] - Eval Loss: 6.6625 | Perplexity: 782.48 | Accuracy: 22.17% | Top-5 Accuracy: 28.37%
[2025-10-23 11:26:02,614] - [INFO] - Eval Loss: 5.9074 | Perplexity: 367.76 | Accuracy: 22.54% | Top-5 Accuracy: 31.51%
[2025-10-23 11:26:05,445] - [INFO] - Eval Loss: 5.4541 | Perplexity: 233.71 | Accuracy: 22.90% | Top-5 Accuracy: 33.33%
[2025-10-23 11:26:08,278] - [INFO] - Eval Loss: 5.1220 | Perplexity: 167.66 | Accuracy: 23.05% | Top-5 Accuracy: 41.65%
[2025-10-23 11:26:11,114] - [INFO] - Eval Loss: 4.8775 | Perplexity: 131.30 | Accuracy: 23.49% | Top-5 Accuracy: 42.67%
[2025-10-23 11:26:13,946] - [INFO] - Eval Loss: 4.7015 | Perplexity: 110.12 | Accuracy: 23.63% | Top-5 Accuracy: 44.20%
[2025-10-23 11:26:16,798] - [INFO] - Eval Loss: 4.5700 | Perplexity: 96.54 | Accuracy: 24.29% | Top-5 Accuracy: 44.27%
[2025-10-23 11:26:19,643] - [INFO] - Eval Loss: 4.4671 | Perplexity: 87.11 | Accuracy: 24.36% | Top-5 Accuracy: 45.08%
[2025-10-23 11:26:22,485] - [INFO] - Eval Loss: 4.3886 | Perplexity: 80.53 | Accuracy: 24.29% | Top-5 Accuracy: 45.15%
[2025-10-23 11:26:22,485] - [INFO] - 
=== Running combination ===
[2025-10-23 11:26:22,485] - [INFO] - Embed: 256, Hidden: 256, Top fraction: 0.01, Replace: True, Context: 5
[2025-10-23 11:26:24,193] - [INFO] - Train dataset contains 2194 samples
[2025-10-23 11:26:24,194] - [INFO] - Validation dataset contains 228 samples
[2025-10-23 11:26:24,194] - [INFO] - Test dataset contains 356 samples
[2025-10-23 11:26:24,197] - [INFO] - Top 1.00% frequent words (41) out of 4103 total words
[2025-10-23 11:26:24,197] - [INFO] - The fragment to replace is 0.21976210705182672 of the 41 frequent words (5885 out of 12933)
[2025-10-23 11:26:24,226] - [INFO] - Replaced 1308 / 12933 tokens (10.11%)
[2025-10-23 11:26:24,243] - [INFO] - Replaced 152 / 1371 tokens (11.09%)
[2025-10-23 11:26:24,249] - [INFO] - Replaced 213 / 2088 tokens (10.20%)
[2025-10-23 11:26:24,251] - [INFO] - ==== Example Sentence ====
[2025-10-23 11:26:24,251] - [INFO] - Original:  30년 전쟁의 승자는 누구인가?
[2025-10-23 11:26:24,251] - [INFO] - Tokenized: ['30년', '전쟁의', '승자는', '누구인가', '?']
[2025-10-23 11:26:24,251] - [INFO] - Replaced:  ['30년', '전쟁의', '승자는', '누구인가', '?']
[2025-10-23 11:26:24,252] - [INFO] - Window:    (tensor([1613,  994, 1112, 2172, 3970]), tensor(1119))
[2025-10-23 11:26:27,134] - [INFO] - Eval Loss: 5.3003 | Perplexity: 200.40 | Accuracy: 34.72% | Top-5 Accuracy: 55.51%
[2025-10-23 11:26:29,994] - [INFO] - Eval Loss: 4.7821 | Perplexity: 119.36 | Accuracy: 33.33% | Top-5 Accuracy: 58.06%
[2025-10-23 11:26:32,857] - [INFO] - Eval Loss: 4.5661 | Perplexity: 96.17 | Accuracy: 34.14% | Top-5 Accuracy: 58.57%
[2025-10-23 11:26:35,720] - [INFO] - Eval Loss: 4.4208 | Perplexity: 83.16 | Accuracy: 28.30% | Top-5 Accuracy: 58.79%
[2025-10-23 11:26:38,581] - [INFO] - Eval Loss: 4.3432 | Perplexity: 76.95 | Accuracy: 27.64% | Top-5 Accuracy: 59.59%
[2025-10-23 11:26:41,443] - [INFO] - Eval Loss: 4.3015 | Perplexity: 73.81 | Accuracy: 28.23% | Top-5 Accuracy: 59.96%
[2025-10-23 11:26:44,304] - [INFO] - Eval Loss: 4.2280 | Perplexity: 68.58 | Accuracy: 28.81% | Top-5 Accuracy: 60.39%
[2025-10-23 11:26:47,169] - [INFO] - Eval Loss: 4.1800 | Perplexity: 65.37 | Accuracy: 28.96% | Top-5 Accuracy: 60.54%
[2025-10-23 11:26:50,032] - [INFO] - Eval Loss: 4.1462 | Perplexity: 63.20 | Accuracy: 29.91% | Top-5 Accuracy: 61.27%
[2025-10-23 11:26:52,898] - [INFO] - Eval Loss: 4.1445 | Perplexity: 63.09 | Accuracy: 29.83% | Top-5 Accuracy: 61.27%
[2025-10-23 11:26:52,899] - [INFO] - 
=== Running combination ===
[2025-10-23 11:26:52,899] - [INFO] - Embed: 256, Hidden: 256, Top fraction: 0.01, Replace: True, Context: 5
[2025-10-23 11:26:54,552] - [INFO] - Train dataset contains 2194 samples
[2025-10-23 11:26:54,553] - [INFO] - Validation dataset contains 228 samples
[2025-10-23 11:26:54,553] - [INFO] - Test dataset contains 356 samples
[2025-10-23 11:26:54,555] - [INFO] - Top 1.00% frequent words (41) out of 4103 total words
[2025-10-23 11:26:54,555] - [INFO] - The fragment to replace is 0.10988105352591336 of the 41 frequent words (5885 out of 12933)
[2025-10-23 11:26:54,583] - [INFO] - Replaced 642 / 12933 tokens (4.96%)
[2025-10-23 11:26:54,777] - [INFO] - Replaced 75 / 1371 tokens (5.47%)
[2025-10-23 11:26:54,783] - [INFO] - Replaced 111 / 2088 tokens (5.32%)
[2025-10-23 11:26:54,785] - [INFO] - ==== Example Sentence ====
[2025-10-23 11:26:54,785] - [INFO] - Original:  30년 전쟁의 승자는 누구인가?
[2025-10-23 11:26:54,785] - [INFO] - Tokenized: ['30년', '전쟁의', '승자는', '누구인가', '?']
[2025-10-23 11:26:54,785] - [INFO] - Replaced:  ['30년', '전쟁의', '승자는', '누구인가', '?']
[2025-10-23 11:26:54,785] - [INFO] - Window:    (tensor([1613,  994, 1112, 2172, 3970]), tensor(1119))
[2025-10-23 11:26:57,660] - [INFO] - Eval Loss: 5.5333 | Perplexity: 252.98 | Accuracy: 17.65% | Top-5 Accuracy: 53.03%
[2025-10-23 11:27:00,520] - [INFO] - Eval Loss: 4.9403 | Perplexity: 139.81 | Accuracy: 24.14% | Top-5 Accuracy: 57.48%
[2025-10-23 11:27:03,377] - [INFO] - Eval Loss: 4.7047 | Perplexity: 110.46 | Accuracy: 23.85% | Top-5 Accuracy: 58.13%
[2025-10-23 11:27:06,237] - [INFO] - Eval Loss: 4.5469 | Perplexity: 94.34 | Accuracy: 23.78% | Top-5 Accuracy: 59.37%
[2025-10-23 11:27:09,093] - [INFO] - Eval Loss: 4.4290 | Perplexity: 83.84 | Accuracy: 23.41% | Top-5 Accuracy: 59.66%
[2025-10-23 11:27:11,953] - [INFO] - Eval Loss: 4.4178 | Perplexity: 82.91 | Accuracy: 23.56% | Top-5 Accuracy: 59.59%
[2025-10-23 11:27:14,810] - [INFO] - Eval Loss: 4.3446 | Perplexity: 77.06 | Accuracy: 23.78% | Top-5 Accuracy: 59.96%
[2025-10-23 11:27:17,667] - [INFO] - Eval Loss: 4.2890 | Perplexity: 72.89 | Accuracy: 24.14% | Top-5 Accuracy: 60.47%
[2025-10-23 11:27:20,525] - [INFO] - Eval Loss: 4.2594 | Perplexity: 70.77 | Accuracy: 24.29% | Top-5 Accuracy: 61.05%
[2025-10-23 11:27:23,380] - [INFO] - Eval Loss: 4.2396 | Perplexity: 69.38 | Accuracy: 24.43% | Top-5 Accuracy: 61.20%
[2025-10-23 11:27:23,381] - [INFO] - 
=== Running combination ===
[2025-10-23 11:27:23,381] - [INFO] - Embed: 256, Hidden: 256, Top fraction: 0.01, Replace: True, Context: 5
[2025-10-23 11:27:24,927] - [INFO] - Train dataset contains 2194 samples
[2025-10-23 11:27:24,928] - [INFO] - Validation dataset contains 228 samples
[2025-10-23 11:27:24,928] - [INFO] - Test dataset contains 356 samples
[2025-10-23 11:27:24,930] - [INFO] - Top 1.00% frequent words (41) out of 4103 total words
[2025-10-23 11:27:24,930] - [INFO] - The fragment to replace is 0.02197621070518267 of the 41 frequent words (5885 out of 12933)
[2025-10-23 11:27:24,957] - [INFO] - Replaced 121 / 12933 tokens (0.94%)
[2025-10-23 11:27:24,974] - [INFO] - Replaced 15 / 1371 tokens (1.09%)
[2025-10-23 11:27:24,980] - [INFO] - Replaced 22 / 2088 tokens (1.05%)
[2025-10-23 11:27:24,983] - [INFO] - ==== Example Sentence ====
[2025-10-23 11:27:24,983] - [INFO] - Original:  30년 전쟁의 승자는 누구인가?
[2025-10-23 11:27:24,983] - [INFO] - Tokenized: ['30년', '전쟁의', '승자는', '누구인가', '?']
[2025-10-23 11:27:24,983] - [INFO] - Replaced:  ['30년', '전쟁의', '승자는', '누구인가', '?']
[2025-10-23 11:27:24,983] - [INFO] - Window:    (tensor([1613,  994, 1112, 2172, 3970]), tensor(1119))
[2025-10-23 11:27:27,883] - [INFO] - Eval Loss: 6.0140 | Perplexity: 409.11 | Accuracy: 18.60% | Top-5 Accuracy: 30.42%
[2025-10-23 11:27:30,869] - [INFO] - Eval Loss: 5.2468 | Perplexity: 189.97 | Accuracy: 22.98% | Top-5 Accuracy: 34.43%
[2025-10-23 11:27:33,976] - [INFO] - Eval Loss: 4.9567 | Perplexity: 142.12 | Accuracy: 24.73% | Top-5 Accuracy: 36.62%
[2025-10-23 11:27:36,863] - [INFO] - Eval Loss: 4.7758 | Perplexity: 118.61 | Accuracy: 25.82% | Top-5 Accuracy: 38.44%
[2025-10-23 11:27:39,824] - [INFO] - Eval Loss: 4.6078 | Perplexity: 100.26 | Accuracy: 25.75% | Top-5 Accuracy: 42.52%
[2025-10-23 11:27:42,905] - [INFO] - Eval Loss: 4.5696 | Perplexity: 96.50 | Accuracy: 26.04% | Top-5 Accuracy: 40.04%
[2025-10-23 11:27:45,779] - [INFO] - Eval Loss: 4.4678 | Perplexity: 87.16 | Accuracy: 26.04% | Top-5 Accuracy: 43.84%
[2025-10-23 11:27:48,652] - [INFO] - Eval Loss: 4.4047 | Perplexity: 81.84 | Accuracy: 26.33% | Top-5 Accuracy: 42.38%
[2025-10-23 11:27:51,545] - [INFO] - Eval Loss: 4.3807 | Perplexity: 79.90 | Accuracy: 27.28% | Top-5 Accuracy: 45.08%
[2025-10-23 11:27:54,440] - [INFO] - Eval Loss: 4.3544 | Perplexity: 77.82 | Accuracy: 27.13% | Top-5 Accuracy: 47.41%
[2025-10-23 11:27:54,441] - [INFO] - 
=== Running combination ===
[2025-10-23 11:27:54,441] - [INFO] - Embed: 256, Hidden: 256, Top fraction: 0.01, Replace: True, Context: 2
[2025-10-23 11:27:56,017] - [INFO] - Train dataset contains 2194 samples
[2025-10-23 11:27:56,018] - [INFO] - Validation dataset contains 228 samples
[2025-10-23 11:27:56,018] - [INFO] - Test dataset contains 356 samples
[2025-10-23 11:27:56,021] - [INFO] - Top 1.00% frequent words (41) out of 4103 total words
[2025-10-23 11:27:56,021] - [INFO] - The fragment to replace is 0.21976210705182672 of the 41 frequent words (5885 out of 12933)
[2025-10-23 11:27:56,050] - [INFO] - Replaced 1308 / 12933 tokens (10.11%)
[2025-10-23 11:27:56,062] - [INFO] - Replaced 152 / 1371 tokens (11.09%)
[2025-10-23 11:27:56,068] - [INFO] - Replaced 213 / 2088 tokens (10.20%)
[2025-10-23 11:27:56,070] - [INFO] - ==== Example Sentence ====
[2025-10-23 11:27:56,070] - [INFO] - Original:  30년 전쟁의 승자는 누구인가?
[2025-10-23 11:27:56,070] - [INFO] - Tokenized: ['30년', '전쟁의', '승자는', '누구인가', '?']
[2025-10-23 11:27:56,070] - [INFO] - Replaced:  ['30년', '전쟁의', '승자는', '누구인가', '?']
[2025-10-23 11:27:56,070] - [INFO] - Window:    (tensor([1613,  994]), tensor(1112))
[2025-10-23 11:27:58,965] - [INFO] - Eval Loss: 6.9013 | Perplexity: 993.59 | Accuracy: 27.72% | Top-5 Accuracy: 52.30%
[2025-10-23 11:28:01,843] - [INFO] - Eval Loss: 5.2546 | Perplexity: 191.44 | Accuracy: 29.32% | Top-5 Accuracy: 56.53%
[2025-10-23 11:28:04,724] - [INFO] - Eval Loss: 4.8372 | Perplexity: 126.12 | Accuracy: 29.39% | Top-5 Accuracy: 57.62%
[2025-10-23 11:28:07,603] - [INFO] - Eval Loss: 4.5833 | Perplexity: 97.84 | Accuracy: 30.85% | Top-5 Accuracy: 58.28%
[2025-10-23 11:28:10,487] - [INFO] - Eval Loss: 4.4101 | Perplexity: 82.28 | Accuracy: 24.65% | Top-5 Accuracy: 58.13%
[2025-10-23 11:28:13,369] - [INFO] - Eval Loss: 4.3332 | Perplexity: 76.19 | Accuracy: 24.22% | Top-5 Accuracy: 58.42%
[2025-10-23 11:28:16,249] - [INFO] - Eval Loss: 4.2433 | Perplexity: 69.64 | Accuracy: 25.02% | Top-5 Accuracy: 58.72%
[2025-10-23 11:28:19,132] - [INFO] - Eval Loss: 4.1881 | Perplexity: 65.90 | Accuracy: 22.17% | Top-5 Accuracy: 59.52%
[2025-10-23 11:28:22,013] - [INFO] - Eval Loss: 4.1585 | Perplexity: 63.98 | Accuracy: 22.10% | Top-5 Accuracy: 60.18%
[2025-10-23 11:28:24,892] - [INFO] - Eval Loss: 4.1439 | Perplexity: 63.05 | Accuracy: 22.47% | Top-5 Accuracy: 60.25%
[2025-10-23 11:28:24,892] - [INFO] - 
=== Running combination ===
[2025-10-23 11:28:24,892] - [INFO] - Embed: 256, Hidden: 256, Top fraction: 0.01, Replace: True, Context: 2
[2025-10-23 11:28:26,434] - [INFO] - Train dataset contains 2194 samples
[2025-10-23 11:28:26,434] - [INFO] - Validation dataset contains 228 samples
[2025-10-23 11:28:26,434] - [INFO] - Test dataset contains 356 samples
[2025-10-23 11:28:26,437] - [INFO] - Top 1.00% frequent words (41) out of 4103 total words
[2025-10-23 11:28:26,437] - [INFO] - The fragment to replace is 0.10988105352591336 of the 41 frequent words (5885 out of 12933)
[2025-10-23 11:28:26,464] - [INFO] - Replaced 642 / 12933 tokens (4.96%)
[2025-10-23 11:28:26,635] - [INFO] - Replaced 75 / 1371 tokens (5.47%)
[2025-10-23 11:28:26,641] - [INFO] - Replaced 111 / 2088 tokens (5.32%)
[2025-10-23 11:28:26,642] - [INFO] - ==== Example Sentence ====
[2025-10-23 11:28:26,642] - [INFO] - Original:  30년 전쟁의 승자는 누구인가?
[2025-10-23 11:28:26,642] - [INFO] - Tokenized: ['30년', '전쟁의', '승자는', '누구인가', '?']
[2025-10-23 11:28:26,642] - [INFO] - Replaced:  ['30년', '전쟁의', '승자는', '누구인가', '?']
[2025-10-23 11:28:26,643] - [INFO] - Window:    (tensor([1613,  994]), tensor(1112))
[2025-10-23 11:28:29,538] - [INFO] - Eval Loss: 7.1400 | Perplexity: 1261.40 | Accuracy: 17.58% | Top-5 Accuracy: 42.52%
[2025-10-23 11:28:32,412] - [INFO] - Eval Loss: 5.5635 | Perplexity: 260.73 | Accuracy: 18.60% | Top-5 Accuracy: 54.78%
[2025-10-23 11:28:35,289] - [INFO] - Eval Loss: 4.9956 | Perplexity: 147.76 | Accuracy: 19.62% | Top-5 Accuracy: 56.97%
[2025-10-23 11:28:38,170] - [INFO] - Eval Loss: 4.7399 | Perplexity: 114.42 | Accuracy: 19.84% | Top-5 Accuracy: 57.55%
[2025-10-23 11:28:41,048] - [INFO] - Eval Loss: 4.5434 | Perplexity: 94.01 | Accuracy: 20.57% | Top-5 Accuracy: 57.26%
[2025-10-23 11:28:43,921] - [INFO] - Eval Loss: 4.4476 | Perplexity: 85.42 | Accuracy: 20.93% | Top-5 Accuracy: 57.91%
[2025-10-23 11:28:46,796] - [INFO] - Eval Loss: 4.3449 | Perplexity: 77.08 | Accuracy: 21.95% | Top-5 Accuracy: 58.86%
[2025-10-23 11:28:49,673] - [INFO] - Eval Loss: 4.2779 | Perplexity: 72.09 | Accuracy: 22.10% | Top-5 Accuracy: 59.08%
[2025-10-23 11:28:52,551] - [INFO] - Eval Loss: 4.2488 | Perplexity: 70.02 | Accuracy: 22.17% | Top-5 Accuracy: 59.88%
[2025-10-23 11:28:55,427] - [INFO] - Eval Loss: 4.2263 | Perplexity: 68.46 | Accuracy: 22.54% | Top-5 Accuracy: 60.10%
[2025-10-23 11:28:55,427] - [INFO] - 
=== Running combination ===
[2025-10-23 11:28:55,427] - [INFO] - Embed: 256, Hidden: 256, Top fraction: 0.01, Replace: True, Context: 2
[2025-10-23 11:28:57,078] - [INFO] - Train dataset contains 2194 samples
[2025-10-23 11:28:57,078] - [INFO] - Validation dataset contains 228 samples
[2025-10-23 11:28:57,078] - [INFO] - Test dataset contains 356 samples
[2025-10-23 11:28:57,081] - [INFO] - Top 1.00% frequent words (41) out of 4103 total words
[2025-10-23 11:28:57,081] - [INFO] - The fragment to replace is 0.02197621070518267 of the 41 frequent words (5885 out of 12933)
[2025-10-23 11:28:57,108] - [INFO] - Replaced 121 / 12933 tokens (0.94%)
[2025-10-23 11:28:57,121] - [INFO] - Replaced 15 / 1371 tokens (1.09%)
[2025-10-23 11:28:57,126] - [INFO] - Replaced 22 / 2088 tokens (1.05%)
[2025-10-23 11:28:57,128] - [INFO] - ==== Example Sentence ====
[2025-10-23 11:28:57,128] - [INFO] - Original:  30년 전쟁의 승자는 누구인가?
[2025-10-23 11:28:57,128] - [INFO] - Tokenized: ['30년', '전쟁의', '승자는', '누구인가', '?']
[2025-10-23 11:28:57,128] - [INFO] - Replaced:  ['30년', '전쟁의', '승자는', '누구인가', '?']
[2025-10-23 11:28:57,128] - [INFO] - Window:    (tensor([1613,  994]), tensor(1112))
[2025-10-23 11:29:00,023] - [INFO] - Eval Loss: 7.2493 | Perplexity: 1407.09 | Accuracy: 19.33% | Top-5 Accuracy: 28.74%
[2025-10-23 11:29:02,900] - [INFO] - Eval Loss: 5.9409 | Perplexity: 380.26 | Accuracy: 20.64% | Top-5 Accuracy: 32.46%
[2025-10-23 11:29:05,780] - [INFO] - Eval Loss: 5.3072 | Perplexity: 201.79 | Accuracy: 21.88% | Top-5 Accuracy: 34.28%
[2025-10-23 11:29:08,658] - [INFO] - Eval Loss: 4.9493 | Perplexity: 141.08 | Accuracy: 22.17% | Top-5 Accuracy: 34.57%
[2025-10-23 11:29:11,530] - [INFO] - Eval Loss: 4.7299 | Perplexity: 113.29 | Accuracy: 22.68% | Top-5 Accuracy: 34.79%
[2025-10-23 11:29:14,409] - [INFO] - Eval Loss: 4.6137 | Perplexity: 100.85 | Accuracy: 23.27% | Top-5 Accuracy: 36.11%
[2025-10-23 11:29:17,283] - [INFO] - Eval Loss: 4.5222 | Perplexity: 92.04 | Accuracy: 23.78% | Top-5 Accuracy: 37.42%
[2025-10-23 11:29:20,139] - [INFO] - Eval Loss: 4.4598 | Perplexity: 86.47 | Accuracy: 24.07% | Top-5 Accuracy: 38.07%
[2025-10-23 11:29:22,993] - [INFO] - Eval Loss: 4.4309 | Perplexity: 84.00 | Accuracy: 24.73% | Top-5 Accuracy: 38.44%
[2025-10-23 11:29:25,850] - [INFO] - Eval Loss: 4.4021 | Perplexity: 81.62 | Accuracy: 24.95% | Top-5 Accuracy: 39.39%
[2025-10-23 11:29:25,850] - [INFO] - 
=== Running combination ===
[2025-10-23 11:29:25,850] - [INFO] - Embed: 256, Hidden: 256, Top fraction: 0.01, Replace: False, Context: 5
[2025-10-23 11:29:27,466] - [INFO] - Train dataset contains 2194 samples
[2025-10-23 11:29:27,466] - [INFO] - Validation dataset contains 228 samples
[2025-10-23 11:29:27,466] - [INFO] - Test dataset contains 356 samples
[2025-10-23 11:29:27,469] - [INFO] - Top 1.00% frequent words (41) out of 4103 total words
[2025-10-23 11:29:27,469] - [INFO] - The fragment to replace is 31.543902439024393 of the 41 frequent words (41 out of 12933)
[2025-10-23 11:29:27,496] - [INFO] - Replaced 41 / 12933 tokens (0.32%)
[2025-10-23 11:29:27,512] - [INFO] - Replaced 1 / 1371 tokens (0.07%)
[2025-10-23 11:29:27,518] - [INFO] - Replaced 3 / 2088 tokens (0.14%)
[2025-10-23 11:29:27,520] - [INFO] - ==== Example Sentence ====
[2025-10-23 11:29:27,520] - [INFO] - Original:  30년 전쟁의 승자는 누구인가?
[2025-10-23 11:29:27,520] - [INFO] - Tokenized: ['30년', '전쟁의', '승자는', '누구인가', '?']
[2025-10-23 11:29:27,520] - [INFO] - Replaced:  ['30년', '전쟁의', '<UNK', '누구인가', '?']
[2025-10-23 11:29:27,521] - [INFO] - Window:    (tensor([1613,  994, 1112, 1957, 3970]), tensor(1119))
[2025-10-23 11:29:30,419] - [INFO] - Eval Loss: 6.1022 | Perplexity: 446.83 | Accuracy: 18.82% | Top-5 Accuracy: 31.00%
[2025-10-23 11:29:33,299] - [INFO] - Eval Loss: 5.3430 | Perplexity: 209.15 | Accuracy: 24.43% | Top-5 Accuracy: 34.72%
[2025-10-23 11:29:36,179] - [INFO] - Eval Loss: 5.0420 | Perplexity: 154.78 | Accuracy: 25.38% | Top-5 Accuracy: 36.83%
[2025-10-23 11:29:39,071] - [INFO] - Eval Loss: 4.8337 | Perplexity: 125.68 | Accuracy: 26.19% | Top-5 Accuracy: 38.51%
[2025-10-23 11:29:42,047] - [INFO] - Eval Loss: 4.6512 | Perplexity: 104.71 | Accuracy: 26.77% | Top-5 Accuracy: 39.02%
[2025-10-23 11:29:44,930] - [INFO] - Eval Loss: 4.5718 | Perplexity: 96.72 | Accuracy: 27.13% | Top-5 Accuracy: 39.97%
[2025-10-23 11:29:47,814] - [INFO] - Eval Loss: 4.4500 | Perplexity: 85.62 | Accuracy: 27.35% | Top-5 Accuracy: 40.48%
[2025-10-23 11:29:50,697] - [INFO] - Eval Loss: 4.3649 | Perplexity: 78.64 | Accuracy: 28.52% | Top-5 Accuracy: 40.85%
[2025-10-23 11:29:53,581] - [INFO] - Eval Loss: 4.3153 | Perplexity: 74.83 | Accuracy: 28.96% | Top-5 Accuracy: 41.94%
[2025-10-23 11:29:56,466] - [INFO] - Eval Loss: 4.2615 | Perplexity: 70.91 | Accuracy: 28.96% | Top-5 Accuracy: 43.91%
[2025-10-23 11:29:56,467] - [INFO] - 
=== Running combination ===
[2025-10-23 11:29:56,467] - [INFO] - Embed: 256, Hidden: 256, Top fraction: 0.01, Replace: False, Context: 5
[2025-10-23 11:29:58,086] - [INFO] - Train dataset contains 2194 samples
[2025-10-23 11:29:58,086] - [INFO] - Validation dataset contains 228 samples
[2025-10-23 11:29:58,086] - [INFO] - Test dataset contains 356 samples
[2025-10-23 11:29:58,089] - [INFO] - Top 1.00% frequent words (41) out of 4103 total words
[2025-10-23 11:29:58,089] - [INFO] - The fragment to replace is 15.771951219512196 of the 41 frequent words (41 out of 12933)
[2025-10-23 11:29:58,115] - [INFO] - Replaced 41 / 12933 tokens (0.32%)
[2025-10-23 11:29:58,308] - [INFO] - Replaced 1 / 1371 tokens (0.07%)
[2025-10-23 11:29:58,314] - [INFO] - Replaced 3 / 2088 tokens (0.14%)
[2025-10-23 11:29:58,316] - [INFO] - ==== Example Sentence ====
[2025-10-23 11:29:58,316] - [INFO] - Original:  30년 전쟁의 승자는 누구인가?
[2025-10-23 11:29:58,316] - [INFO] - Tokenized: ['30년', '전쟁의', '승자는', '누구인가', '?']
[2025-10-23 11:29:58,316] - [INFO] - Replaced:  ['30년', '전쟁의', '<UNK', '누구인가', '?']
[2025-10-23 11:29:58,316] - [INFO] - Window:    (tensor([1613,  994, 1112, 1957, 3970]), tensor(1119))
[2025-10-23 11:30:01,205] - [INFO] - Eval Loss: 6.1022 | Perplexity: 446.83 | Accuracy: 18.82% | Top-5 Accuracy: 31.00%
[2025-10-23 11:30:04,077] - [INFO] - Eval Loss: 5.3430 | Perplexity: 209.15 | Accuracy: 24.43% | Top-5 Accuracy: 34.72%
[2025-10-23 11:30:06,956] - [INFO] - Eval Loss: 5.0420 | Perplexity: 154.78 | Accuracy: 25.38% | Top-5 Accuracy: 36.83%
[2025-10-23 11:30:09,830] - [INFO] - Eval Loss: 4.8337 | Perplexity: 125.68 | Accuracy: 26.19% | Top-5 Accuracy: 38.51%
[2025-10-23 11:30:12,701] - [INFO] - Eval Loss: 4.6512 | Perplexity: 104.71 | Accuracy: 26.77% | Top-5 Accuracy: 39.02%
[2025-10-23 11:30:15,574] - [INFO] - Eval Loss: 4.5718 | Perplexity: 96.72 | Accuracy: 27.13% | Top-5 Accuracy: 39.97%
[2025-10-23 11:30:18,447] - [INFO] - Eval Loss: 4.4500 | Perplexity: 85.62 | Accuracy: 27.35% | Top-5 Accuracy: 40.48%
[2025-10-23 11:30:21,519] - [INFO] - Eval Loss: 4.3649 | Perplexity: 78.64 | Accuracy: 28.52% | Top-5 Accuracy: 40.85%
[2025-10-23 11:30:24,404] - [INFO] - Eval Loss: 4.3153 | Perplexity: 74.83 | Accuracy: 28.96% | Top-5 Accuracy: 41.94%
[2025-10-23 11:30:27,278] - [INFO] - Eval Loss: 4.2615 | Perplexity: 70.91 | Accuracy: 28.96% | Top-5 Accuracy: 43.91%
[2025-10-23 11:30:27,279] - [INFO] - 
=== Running combination ===
[2025-10-23 11:30:27,279] - [INFO] - Embed: 256, Hidden: 256, Top fraction: 0.01, Replace: False, Context: 5
[2025-10-23 11:30:29,476] - [INFO] - Train dataset contains 2194 samples
[2025-10-23 11:30:29,476] - [INFO] - Validation dataset contains 228 samples
[2025-10-23 11:30:29,476] - [INFO] - Test dataset contains 356 samples
[2025-10-23 11:30:29,479] - [INFO] - Top 1.00% frequent words (41) out of 4103 total words
[2025-10-23 11:30:29,479] - [INFO] - The fragment to replace is 3.1543902439024394 of the 41 frequent words (41 out of 12933)
[2025-10-23 11:30:29,504] - [INFO] - Replaced 41 / 12933 tokens (0.32%)
[2025-10-23 11:30:29,521] - [INFO] - Replaced 1 / 1371 tokens (0.07%)
[2025-10-23 11:30:29,527] - [INFO] - Replaced 3 / 2088 tokens (0.14%)
[2025-10-23 11:30:29,529] - [INFO] - ==== Example Sentence ====
[2025-10-23 11:30:29,529] - [INFO] - Original:  30년 전쟁의 승자는 누구인가?
[2025-10-23 11:30:29,530] - [INFO] - Tokenized: ['30년', '전쟁의', '승자는', '누구인가', '?']
[2025-10-23 11:30:29,530] - [INFO] - Replaced:  ['30년', '전쟁의', '<UNK', '누구인가', '?']
[2025-10-23 11:30:29,530] - [INFO] - Window:    (tensor([1613,  994, 1112, 1957, 3970]), tensor(1119))
[2025-10-23 11:30:30,778] - [INFO] - Eval Loss: 6.1022 | Perplexity: 446.83 | Accuracy: 18.82% | Top-5 Accuracy: 31.00%
[2025-10-23 11:30:31,964] - [INFO] - Eval Loss: 5.3430 | Perplexity: 209.15 | Accuracy: 24.43% | Top-5 Accuracy: 34.72%
[2025-10-23 11:30:33,158] - [INFO] - Eval Loss: 5.0420 | Perplexity: 154.78 | Accuracy: 25.38% | Top-5 Accuracy: 36.83%
[2025-10-23 11:30:34,349] - [INFO] - Eval Loss: 4.8337 | Perplexity: 125.68 | Accuracy: 26.19% | Top-5 Accuracy: 38.51%
[2025-10-23 11:30:35,513] - [INFO] - Eval Loss: 4.6512 | Perplexity: 104.71 | Accuracy: 26.77% | Top-5 Accuracy: 39.02%
[2025-10-23 11:30:36,686] - [INFO] - Eval Loss: 4.5718 | Perplexity: 96.72 | Accuracy: 27.13% | Top-5 Accuracy: 39.97%
[2025-10-23 11:30:37,845] - [INFO] - Eval Loss: 4.4500 | Perplexity: 85.62 | Accuracy: 27.35% | Top-5 Accuracy: 40.48%
[2025-10-23 11:30:39,032] - [INFO] - Eval Loss: 4.3649 | Perplexity: 78.64 | Accuracy: 28.52% | Top-5 Accuracy: 40.85%
[2025-10-23 11:30:40,221] - [INFO] - Eval Loss: 4.3153 | Perplexity: 74.83 | Accuracy: 28.96% | Top-5 Accuracy: 41.94%
[2025-10-23 11:30:41,382] - [INFO] - Eval Loss: 4.2615 | Perplexity: 70.91 | Accuracy: 28.96% | Top-5 Accuracy: 43.91%
[2025-10-23 11:30:41,382] - [INFO] - 
=== Running combination ===
[2025-10-23 11:30:41,382] - [INFO] - Embed: 256, Hidden: 256, Top fraction: 0.01, Replace: False, Context: 2
[2025-10-23 11:30:43,190] - [INFO] - Train dataset contains 2194 samples
[2025-10-23 11:30:43,190] - [INFO] - Validation dataset contains 228 samples
[2025-10-23 11:30:43,190] - [INFO] - Test dataset contains 356 samples
[2025-10-23 11:30:43,192] - [INFO] - Top 1.00% frequent words (41) out of 4103 total words
[2025-10-23 11:30:43,192] - [INFO] - The fragment to replace is 31.543902439024393 of the 41 frequent words (41 out of 12933)
[2025-10-23 11:30:43,214] - [INFO] - Replaced 41 / 12933 tokens (0.32%)
[2025-10-23 11:30:43,225] - [INFO] - Replaced 1 / 1371 tokens (0.07%)
[2025-10-23 11:30:43,229] - [INFO] - Replaced 3 / 2088 tokens (0.14%)
[2025-10-23 11:30:43,231] - [INFO] - ==== Example Sentence ====
[2025-10-23 11:30:43,231] - [INFO] - Original:  30년 전쟁의 승자는 누구인가?
[2025-10-23 11:30:43,231] - [INFO] - Tokenized: ['30년', '전쟁의', '승자는', '누구인가', '?']
[2025-10-23 11:30:43,231] - [INFO] - Replaced:  ['30년', '전쟁의', '<UNK', '누구인가', '?']
[2025-10-23 11:30:43,231] - [INFO] - Window:    (tensor([1613,  994]), tensor(1112))
[2025-10-23 11:30:44,425] - [INFO] - Eval Loss: 7.2485 | Perplexity: 1406.06 | Accuracy: 19.62% | Top-5 Accuracy: 28.88%
[2025-10-23 11:30:45,578] - [INFO] - Eval Loss: 5.9749 | Perplexity: 393.45 | Accuracy: 21.08% | Top-5 Accuracy: 32.46%
[2025-10-23 11:30:46,701] - [INFO] - Eval Loss: 5.3787 | Perplexity: 216.74 | Accuracy: 22.25% | Top-5 Accuracy: 34.57%
[2025-10-23 11:30:47,764] - [INFO] - Eval Loss: 5.0260 | Perplexity: 152.32 | Accuracy: 22.90% | Top-5 Accuracy: 35.30%
[2025-10-23 11:30:48,855] - [INFO] - Eval Loss: 4.7846 | Perplexity: 119.65 | Accuracy: 23.41% | Top-5 Accuracy: 35.45%
[2025-10-23 11:30:49,929] - [INFO] - Eval Loss: 4.6261 | Perplexity: 102.11 | Accuracy: 24.07% | Top-5 Accuracy: 36.83%
[2025-10-23 11:30:51,032] - [INFO] - Eval Loss: 4.5035 | Perplexity: 90.34 | Accuracy: 24.51% | Top-5 Accuracy: 37.64%
[2025-10-23 11:30:52,201] - [INFO] - Eval Loss: 4.4125 | Perplexity: 82.47 | Accuracy: 25.24% | Top-5 Accuracy: 37.93%
[2025-10-23 11:30:53,327] - [INFO] - Eval Loss: 4.3561 | Perplexity: 77.95 | Accuracy: 25.24% | Top-5 Accuracy: 38.29%
[2025-10-23 11:30:54,452] - [INFO] - Eval Loss: 4.3062 | Perplexity: 74.16 | Accuracy: 25.82% | Top-5 Accuracy: 41.58%
[2025-10-23 11:30:54,452] - [INFO] - 
=== Running combination ===
[2025-10-23 11:30:54,452] - [INFO] - Embed: 256, Hidden: 256, Top fraction: 0.01, Replace: False, Context: 2
[2025-10-23 11:30:56,328] - [INFO] - Train dataset contains 2194 samples
[2025-10-23 11:30:56,329] - [INFO] - Validation dataset contains 228 samples
[2025-10-23 11:30:56,329] - [INFO] - Test dataset contains 356 samples
[2025-10-23 11:30:56,331] - [INFO] - Top 1.00% frequent words (41) out of 4103 total words
[2025-10-23 11:30:56,331] - [INFO] - The fragment to replace is 15.771951219512196 of the 41 frequent words (41 out of 12933)
[2025-10-23 11:30:56,353] - [INFO] - Replaced 41 / 12933 tokens (0.32%)
[2025-10-23 11:30:56,506] - [INFO] - Replaced 1 / 1371 tokens (0.07%)
[2025-10-23 11:30:56,510] - [INFO] - Replaced 3 / 2088 tokens (0.14%)
[2025-10-23 11:30:56,511] - [INFO] - ==== Example Sentence ====
[2025-10-23 11:30:56,512] - [INFO] - Original:  30년 전쟁의 승자는 누구인가?
[2025-10-23 11:30:56,512] - [INFO] - Tokenized: ['30년', '전쟁의', '승자는', '누구인가', '?']
[2025-10-23 11:30:56,512] - [INFO] - Replaced:  ['30년', '전쟁의', '<UNK', '누구인가', '?']
[2025-10-23 11:30:56,512] - [INFO] - Window:    (tensor([1613,  994]), tensor(1112))
[2025-10-23 11:30:57,664] - [INFO] - Eval Loss: 7.2485 | Perplexity: 1406.06 | Accuracy: 19.62% | Top-5 Accuracy: 28.88%
[2025-10-23 11:30:58,792] - [INFO] - Eval Loss: 5.9749 | Perplexity: 393.45 | Accuracy: 21.08% | Top-5 Accuracy: 32.46%
[2025-10-23 11:30:59,923] - [INFO] - Eval Loss: 5.3787 | Perplexity: 216.74 | Accuracy: 22.25% | Top-5 Accuracy: 34.57%
[2025-10-23 11:31:02,057] - [INFO] - Eval Loss: 5.0260 | Perplexity: 152.32 | Accuracy: 22.90% | Top-5 Accuracy: 35.30%
[2025-10-23 11:31:04,940] - [INFO] - Eval Loss: 4.7846 | Perplexity: 119.65 | Accuracy: 23.41% | Top-5 Accuracy: 35.45%
[2025-10-23 11:31:07,829] - [INFO] - Eval Loss: 4.6261 | Perplexity: 102.11 | Accuracy: 24.07% | Top-5 Accuracy: 36.83%
[2025-10-23 11:31:10,712] - [INFO] - Eval Loss: 4.5035 | Perplexity: 90.34 | Accuracy: 24.51% | Top-5 Accuracy: 37.64%
[2025-10-23 11:31:13,598] - [INFO] - Eval Loss: 4.4125 | Perplexity: 82.47 | Accuracy: 25.24% | Top-5 Accuracy: 37.93%
[2025-10-23 11:31:16,485] - [INFO] - Eval Loss: 4.3561 | Perplexity: 77.95 | Accuracy: 25.24% | Top-5 Accuracy: 38.29%
[2025-10-23 11:31:19,373] - [INFO] - Eval Loss: 4.3062 | Perplexity: 74.16 | Accuracy: 25.82% | Top-5 Accuracy: 41.58%
[2025-10-23 11:31:19,373] - [INFO] - 
=== Running combination ===
[2025-10-23 11:31:19,373] - [INFO] - Embed: 256, Hidden: 256, Top fraction: 0.01, Replace: False, Context: 2
[2025-10-23 11:31:21,581] - [INFO] - Train dataset contains 2194 samples
[2025-10-23 11:31:21,581] - [INFO] - Validation dataset contains 228 samples
[2025-10-23 11:31:21,581] - [INFO] - Test dataset contains 356 samples
[2025-10-23 11:31:21,584] - [INFO] - Top 1.00% frequent words (41) out of 4103 total words
[2025-10-23 11:31:21,584] - [INFO] - The fragment to replace is 3.1543902439024394 of the 41 frequent words (41 out of 12933)
[2025-10-23 11:31:21,610] - [INFO] - Replaced 41 / 12933 tokens (0.32%)
[2025-10-23 11:31:21,623] - [INFO] - Replaced 1 / 1371 tokens (0.07%)
[2025-10-23 11:31:21,628] - [INFO] - Replaced 3 / 2088 tokens (0.14%)
[2025-10-23 11:31:21,630] - [INFO] - ==== Example Sentence ====
[2025-10-23 11:31:21,630] - [INFO] - Original:  30년 전쟁의 승자는 누구인가?
[2025-10-23 11:31:21,630] - [INFO] - Tokenized: ['30년', '전쟁의', '승자는', '누구인가', '?']
[2025-10-23 11:31:21,630] - [INFO] - Replaced:  ['30년', '전쟁의', '<UNK', '누구인가', '?']
[2025-10-23 11:31:21,631] - [INFO] - Window:    (tensor([1613,  994]), tensor(1112))
[2025-10-23 11:31:24,511] - [INFO] - Eval Loss: 7.2485 | Perplexity: 1406.06 | Accuracy: 19.62% | Top-5 Accuracy: 28.88%
[2025-10-23 11:31:27,378] - [INFO] - Eval Loss: 5.9749 | Perplexity: 393.45 | Accuracy: 21.08% | Top-5 Accuracy: 32.46%
[2025-10-23 11:31:30,242] - [INFO] - Eval Loss: 5.3787 | Perplexity: 216.74 | Accuracy: 22.25% | Top-5 Accuracy: 34.57%
[2025-10-23 11:31:33,111] - [INFO] - Eval Loss: 5.0260 | Perplexity: 152.32 | Accuracy: 22.90% | Top-5 Accuracy: 35.30%
[2025-10-23 11:31:35,977] - [INFO] - Eval Loss: 4.7846 | Perplexity: 119.65 | Accuracy: 23.41% | Top-5 Accuracy: 35.45%
[2025-10-23 11:31:38,845] - [INFO] - Eval Loss: 4.6261 | Perplexity: 102.11 | Accuracy: 24.07% | Top-5 Accuracy: 36.83%
[2025-10-23 11:31:41,709] - [INFO] - Eval Loss: 4.5035 | Perplexity: 90.34 | Accuracy: 24.51% | Top-5 Accuracy: 37.64%
[2025-10-23 11:31:44,573] - [INFO] - Eval Loss: 4.4125 | Perplexity: 82.47 | Accuracy: 25.24% | Top-5 Accuracy: 37.93%
[2025-10-23 11:31:47,438] - [INFO] - Eval Loss: 4.3561 | Perplexity: 77.95 | Accuracy: 25.24% | Top-5 Accuracy: 38.29%
[2025-10-23 11:31:50,430] - [INFO] - Eval Loss: 4.3062 | Perplexity: 74.16 | Accuracy: 25.82% | Top-5 Accuracy: 41.58%
[2025-10-23 11:31:50,430] - [INFO] - 
=== Running combination ===
[2025-10-23 11:31:50,430] - [INFO] - Embed: 256, Hidden: 256, Top fraction: 0.05, Replace: True, Context: 5
[2025-10-23 11:31:52,037] - [INFO] - Train dataset contains 2194 samples
[2025-10-23 11:31:52,037] - [INFO] - Validation dataset contains 228 samples
[2025-10-23 11:31:52,037] - [INFO] - Test dataset contains 356 samples
[2025-10-23 11:31:52,040] - [INFO] - Top 5.00% frequent words (205) out of 4103 total words
[2025-10-23 11:31:52,040] - [INFO] - The fragment to replace is 0.16787383177570095 of the 205 frequent words (7704 out of 12933)
[2025-10-23 11:31:52,068] - [INFO] - Replaced 1334 / 12933 tokens (10.31%)
[2025-10-23 11:31:52,086] - [INFO] - Replaced 134 / 1371 tokens (9.77%)
[2025-10-23 11:31:52,093] - [INFO] - Replaced 178 / 2088 tokens (8.52%)
[2025-10-23 11:31:52,095] - [INFO] - ==== Example Sentence ====
[2025-10-23 11:31:52,095] - [INFO] - Original:  30년 전쟁의 승자는 누구인가?
[2025-10-23 11:31:52,095] - [INFO] - Tokenized: ['30년', '전쟁의', '승자는', '누구인가', '?']
[2025-10-23 11:31:52,095] - [INFO] - Replaced:  ['30년', '전쟁의', '승자는', '누구인가', '?']
[2025-10-23 11:31:52,095] - [INFO] - Window:    (tensor([1613,  994, 1112, 2172, 3970]), tensor(1119))
[2025-10-23 11:31:53,344] - [INFO] - Eval Loss: 5.1043 | Perplexity: 164.72 | Accuracy: 36.32% | Top-5 Accuracy: 57.04%
[2025-10-23 11:31:54,569] - [INFO] - Eval Loss: 4.6033 | Perplexity: 99.82 | Accuracy: 37.27% | Top-5 Accuracy: 59.81%
[2025-10-23 11:31:55,745] - [INFO] - Eval Loss: 4.3685 | Perplexity: 78.92 | Accuracy: 38.66% | Top-5 Accuracy: 60.25%
[2025-10-23 11:31:56,897] - [INFO] - Eval Loss: 4.2496 | Perplexity: 70.08 | Accuracy: 38.80% | Top-5 Accuracy: 60.61%
[2025-10-23 11:31:58,073] - [INFO] - Eval Loss: 4.1588 | Perplexity: 64.00 | Accuracy: 38.66% | Top-5 Accuracy: 61.71%
[2025-10-23 11:31:59,226] - [INFO] - Eval Loss: 4.1415 | Perplexity: 62.90 | Accuracy: 34.57% | Top-5 Accuracy: 61.78%
[2025-10-23 11:32:00,376] - [INFO] - Eval Loss: 4.0260 | Perplexity: 56.03 | Accuracy: 40.12% | Top-5 Accuracy: 61.63%
[2025-10-23 11:32:01,561] - [INFO] - Eval Loss: 3.9853 | Perplexity: 53.80 | Accuracy: 39.97% | Top-5 Accuracy: 62.22%
[2025-10-23 11:32:02,747] - [INFO] - Eval Loss: 4.0075 | Perplexity: 55.01 | Accuracy: 39.24% | Top-5 Accuracy: 62.58%
[2025-10-23 11:32:03,916] - [INFO] - Eval Loss: 3.9911 | Perplexity: 54.11 | Accuracy: 39.46% | Top-5 Accuracy: 62.80%
[2025-10-23 11:32:03,917] - [INFO] - 
=== Running combination ===
[2025-10-23 11:32:03,917] - [INFO] - Embed: 256, Hidden: 256, Top fraction: 0.05, Replace: True, Context: 5
[2025-10-23 11:32:05,640] - [INFO] - Train dataset contains 2194 samples
[2025-10-23 11:32:05,640] - [INFO] - Validation dataset contains 228 samples
[2025-10-23 11:32:05,640] - [INFO] - Test dataset contains 356 samples
[2025-10-23 11:32:05,643] - [INFO] - Top 5.00% frequent words (205) out of 4103 total words
[2025-10-23 11:32:05,643] - [INFO] - The fragment to replace is 0.08393691588785047 of the 205 frequent words (7704 out of 12933)
[2025-10-23 11:32:05,672] - [INFO] - Replaced 634 / 12933 tokens (4.90%)
[2025-10-23 11:32:05,852] - [INFO] - Replaced 63 / 1371 tokens (4.60%)
[2025-10-23 11:32:05,859] - [INFO] - Replaced 73 / 2088 tokens (3.50%)
[2025-10-23 11:32:05,861] - [INFO] - ==== Example Sentence ====
[2025-10-23 11:32:05,861] - [INFO] - Original:  30년 전쟁의 승자는 누구인가?
[2025-10-23 11:32:05,861] - [INFO] - Tokenized: ['30년', '전쟁의', '승자는', '누구인가', '?']
[2025-10-23 11:32:05,861] - [INFO] - Replaced:  ['30년', '전쟁의', '승자는', '누구인가', '?']
[2025-10-23 11:32:05,861] - [INFO] - Window:    (tensor([1613,  994, 1112, 2172, 3970]), tensor(1119))
[2025-10-23 11:32:08,734] - [INFO] - Eval Loss: 5.4411 | Perplexity: 230.70 | Accuracy: 18.38% | Top-5 Accuracy: 54.85%
[2025-10-23 11:32:11,593] - [INFO] - Eval Loss: 4.8512 | Perplexity: 127.90 | Accuracy: 24.73% | Top-5 Accuracy: 57.33%
[2025-10-23 11:32:14,456] - [INFO] - Eval Loss: 4.5758 | Perplexity: 97.11 | Accuracy: 25.24% | Top-5 Accuracy: 58.35%
[2025-10-23 11:32:17,316] - [INFO] - Eval Loss: 4.4338 | Perplexity: 84.25 | Accuracy: 24.95% | Top-5 Accuracy: 59.23%
[2025-10-23 11:32:20,177] - [INFO] - Eval Loss: 4.2944 | Perplexity: 73.29 | Accuracy: 25.16% | Top-5 Accuracy: 60.32%
[2025-10-23 11:32:23,036] - [INFO] - Eval Loss: 4.2619 | Perplexity: 70.94 | Accuracy: 25.46% | Top-5 Accuracy: 60.61%
[2025-10-23 11:32:25,899] - [INFO] - Eval Loss: 4.1634 | Perplexity: 64.29 | Accuracy: 25.97% | Top-5 Accuracy: 60.90%
[2025-10-23 11:32:28,758] - [INFO] - Eval Loss: 4.1146 | Perplexity: 61.23 | Accuracy: 26.48% | Top-5 Accuracy: 60.83%
[2025-10-23 11:32:31,617] - [INFO] - Eval Loss: 4.1305 | Perplexity: 62.21 | Accuracy: 25.67% | Top-5 Accuracy: 61.27%
[2025-10-23 11:32:34,478] - [INFO] - Eval Loss: 4.0978 | Perplexity: 60.21 | Accuracy: 26.33% | Top-5 Accuracy: 61.71%
[2025-10-23 11:32:34,478] - [INFO] - 
=== Running combination ===
[2025-10-23 11:32:34,478] - [INFO] - Embed: 256, Hidden: 256, Top fraction: 0.05, Replace: True, Context: 5
[2025-10-23 11:32:36,077] - [INFO] - Train dataset contains 2194 samples
[2025-10-23 11:32:36,077] - [INFO] - Validation dataset contains 228 samples
[2025-10-23 11:32:36,077] - [INFO] - Test dataset contains 356 samples
[2025-10-23 11:32:36,080] - [INFO] - Top 5.00% frequent words (205) out of 4103 total words
[2025-10-23 11:32:36,080] - [INFO] - The fragment to replace is 0.016787383177570094 of the 205 frequent words (7704 out of 12933)
[2025-10-23 11:32:36,107] - [INFO] - Replaced 123 / 12933 tokens (0.95%)
[2025-10-23 11:32:36,124] - [INFO] - Replaced 13 / 1371 tokens (0.95%)
[2025-10-23 11:32:36,130] - [INFO] - Replaced 14 / 2088 tokens (0.67%)
[2025-10-23 11:32:36,132] - [INFO] - ==== Example Sentence ====
[2025-10-23 11:32:36,132] - [INFO] - Original:  30년 전쟁의 승자는 누구인가?
[2025-10-23 11:32:36,132] - [INFO] - Tokenized: ['30년', '전쟁의', '승자는', '누구인가', '?']
[2025-10-23 11:32:36,132] - [INFO] - Replaced:  ['30년', '전쟁의', '승자는', '누구인가', '?']
[2025-10-23 11:32:36,132] - [INFO] - Window:    (tensor([1613,  994, 1112, 2172, 3970]), tensor(1119))
[2025-10-23 11:32:39,019] - [INFO] - Eval Loss: 5.9540 | Perplexity: 385.30 | Accuracy: 18.67% | Top-5 Accuracy: 30.78%
[2025-10-23 11:32:41,887] - [INFO] - Eval Loss: 5.2083 | Perplexity: 182.79 | Accuracy: 24.00% | Top-5 Accuracy: 34.28%
[2025-10-23 11:32:44,756] - [INFO] - Eval Loss: 4.9237 | Perplexity: 137.50 | Accuracy: 24.80% | Top-5 Accuracy: 39.46%
[2025-10-23 11:32:47,623] - [INFO] - Eval Loss: 4.7481 | Perplexity: 115.37 | Accuracy: 25.82% | Top-5 Accuracy: 40.41%
[2025-10-23 11:32:50,487] - [INFO] - Eval Loss: 4.5776 | Perplexity: 97.28 | Accuracy: 26.04% | Top-5 Accuracy: 41.72%
[2025-10-23 11:32:53,354] - [INFO] - Eval Loss: 4.5097 | Perplexity: 90.90 | Accuracy: 26.11% | Top-5 Accuracy: 39.68%
[2025-10-23 11:32:56,221] - [INFO] - Eval Loss: 4.3994 | Perplexity: 81.41 | Accuracy: 26.33% | Top-5 Accuracy: 44.57%
[2025-10-23 11:32:59,088] - [INFO] - Eval Loss: 4.3439 | Perplexity: 77.01 | Accuracy: 26.48% | Top-5 Accuracy: 43.91%
[2025-10-23 11:33:01,956] - [INFO] - Eval Loss: 4.3143 | Perplexity: 74.76 | Accuracy: 27.43% | Top-5 Accuracy: 45.88%
[2025-10-23 11:33:04,826] - [INFO] - Eval Loss: 4.2782 | Perplexity: 72.11 | Accuracy: 26.77% | Top-5 Accuracy: 47.41%
[2025-10-23 11:33:04,826] - [INFO] - 
=== Running combination ===
[2025-10-23 11:33:04,826] - [INFO] - Embed: 256, Hidden: 256, Top fraction: 0.05, Replace: True, Context: 2
[2025-10-23 11:33:06,405] - [INFO] - Train dataset contains 2194 samples
[2025-10-23 11:33:06,405] - [INFO] - Validation dataset contains 228 samples
[2025-10-23 11:33:06,405] - [INFO] - Test dataset contains 356 samples
[2025-10-23 11:33:06,408] - [INFO] - Top 5.00% frequent words (205) out of 4103 total words
[2025-10-23 11:33:06,408] - [INFO] - The fragment to replace is 0.16787383177570095 of the 205 frequent words (7704 out of 12933)
[2025-10-23 11:33:06,435] - [INFO] - Replaced 1334 / 12933 tokens (10.31%)
[2025-10-23 11:33:06,449] - [INFO] - Replaced 134 / 1371 tokens (9.77%)
[2025-10-23 11:33:06,454] - [INFO] - Replaced 178 / 2088 tokens (8.52%)
[2025-10-23 11:33:06,456] - [INFO] - ==== Example Sentence ====
[2025-10-23 11:33:06,456] - [INFO] - Original:  30년 전쟁의 승자는 누구인가?
[2025-10-23 11:33:06,456] - [INFO] - Tokenized: ['30년', '전쟁의', '승자는', '누구인가', '?']
[2025-10-23 11:33:06,456] - [INFO] - Replaced:  ['30년', '전쟁의', '승자는', '누구인가', '?']
[2025-10-23 11:33:06,456] - [INFO] - Window:    (tensor([1613,  994]), tensor(1112))
[2025-10-23 11:33:07,690] - [INFO] - Eval Loss: 6.6815 | Perplexity: 797.50 | Accuracy: 30.27% | Top-5 Accuracy: 53.98%
[2025-10-23 11:33:08,851] - [INFO] - Eval Loss: 5.0574 | Perplexity: 157.18 | Accuracy: 31.73% | Top-5 Accuracy: 58.13%
[2025-10-23 11:33:10,004] - [INFO] - Eval Loss: 4.6348 | Perplexity: 103.00 | Accuracy: 32.60% | Top-5 Accuracy: 59.23%
[2025-10-23 11:33:11,160] - [INFO] - Eval Loss: 4.3792 | Perplexity: 79.77 | Accuracy: 33.11% | Top-5 Accuracy: 59.23%
[2025-10-23 11:33:12,285] - [INFO] - Eval Loss: 4.2036 | Perplexity: 66.93 | Accuracy: 36.32% | Top-5 Accuracy: 59.74%
[2025-10-23 11:33:13,440] - [INFO] - Eval Loss: 4.1401 | Perplexity: 62.81 | Accuracy: 35.74% | Top-5 Accuracy: 60.32%
[2025-10-23 11:33:14,617] - [INFO] - Eval Loss: 4.0818 | Perplexity: 59.25 | Accuracy: 32.82% | Top-5 Accuracy: 60.47%
[2025-10-23 11:33:15,775] - [INFO] - Eval Loss: 4.0281 | Perplexity: 56.15 | Accuracy: 33.55% | Top-5 Accuracy: 60.83%
[2025-10-23 11:33:16,934] - [INFO] - Eval Loss: 4.0158 | Perplexity: 55.47 | Accuracy: 33.48% | Top-5 Accuracy: 61.12%
[2025-10-23 11:33:18,113] - [INFO] - Eval Loss: 3.9977 | Perplexity: 54.47 | Accuracy: 33.99% | Top-5 Accuracy: 61.71%
[2025-10-23 11:33:18,113] - [INFO] - 
=== Running combination ===
[2025-10-23 11:33:18,113] - [INFO] - Embed: 256, Hidden: 256, Top fraction: 0.05, Replace: True, Context: 2
[2025-10-23 11:33:19,916] - [INFO] - Train dataset contains 2194 samples
[2025-10-23 11:33:19,916] - [INFO] - Validation dataset contains 228 samples
[2025-10-23 11:33:19,916] - [INFO] - Test dataset contains 356 samples
[2025-10-23 11:33:19,919] - [INFO] - Top 5.00% frequent words (205) out of 4103 total words
[2025-10-23 11:33:19,919] - [INFO] - The fragment to replace is 0.08393691588785047 of the 205 frequent words (7704 out of 12933)
[2025-10-23 11:33:19,948] - [INFO] - Replaced 634 / 12933 tokens (4.90%)
[2025-10-23 11:33:20,123] - [INFO] - Replaced 63 / 1371 tokens (4.60%)
[2025-10-23 11:33:20,129] - [INFO] - Replaced 73 / 2088 tokens (3.50%)
[2025-10-23 11:33:20,130] - [INFO] - ==== Example Sentence ====
[2025-10-23 11:33:20,130] - [INFO] - Original:  30년 전쟁의 승자는 누구인가?
[2025-10-23 11:33:20,130] - [INFO] - Tokenized: ['30년', '전쟁의', '승자는', '누구인가', '?']
[2025-10-23 11:33:20,131] - [INFO] - Replaced:  ['30년', '전쟁의', '승자는', '누구인가', '?']
[2025-10-23 11:33:20,131] - [INFO] - Window:    (tensor([1613,  994]), tensor(1112))
[2025-10-23 11:33:23,006] - [INFO] - Eval Loss: 7.0483 | Perplexity: 1150.91 | Accuracy: 19.11% | Top-5 Accuracy: 43.98%
[2025-10-23 11:33:25,870] - [INFO] - Eval Loss: 5.4022 | Perplexity: 221.90 | Accuracy: 19.84% | Top-5 Accuracy: 55.07%
[2025-10-23 11:33:28,731] - [INFO] - Eval Loss: 4.8746 | Perplexity: 130.92 | Accuracy: 20.57% | Top-5 Accuracy: 56.97%
[2025-10-23 11:33:31,596] - [INFO] - Eval Loss: 4.6117 | Perplexity: 100.66 | Accuracy: 21.08% | Top-5 Accuracy: 57.18%
[2025-10-23 11:33:34,458] - [INFO] - Eval Loss: 4.3975 | Perplexity: 81.25 | Accuracy: 24.51% | Top-5 Accuracy: 57.55%
[2025-10-23 11:33:37,323] - [INFO] - Eval Loss: 4.3025 | Perplexity: 73.88 | Accuracy: 22.47% | Top-5 Accuracy: 57.77%
[2025-10-23 11:33:40,187] - [INFO] - Eval Loss: 4.2097 | Perplexity: 67.34 | Accuracy: 22.83% | Top-5 Accuracy: 58.50%
[2025-10-23 11:33:43,054] - [INFO] - Eval Loss: 4.1445 | Perplexity: 63.08 | Accuracy: 23.12% | Top-5 Accuracy: 59.15%
[2025-10-23 11:33:45,918] - [INFO] - Eval Loss: 4.1198 | Perplexity: 61.55 | Accuracy: 23.05% | Top-5 Accuracy: 59.74%
[2025-10-23 11:33:48,778] - [INFO] - Eval Loss: 4.0939 | Perplexity: 59.98 | Accuracy: 23.34% | Top-5 Accuracy: 59.81%
[2025-10-23 11:33:48,779] - [INFO] - 
=== Running combination ===
[2025-10-23 11:33:48,779] - [INFO] - Embed: 256, Hidden: 256, Top fraction: 0.05, Replace: True, Context: 2
[2025-10-23 11:33:50,303] - [INFO] - Train dataset contains 2194 samples
[2025-10-23 11:33:50,303] - [INFO] - Validation dataset contains 228 samples
[2025-10-23 11:33:50,303] - [INFO] - Test dataset contains 356 samples
[2025-10-23 11:33:50,306] - [INFO] - Top 5.00% frequent words (205) out of 4103 total words
[2025-10-23 11:33:50,306] - [INFO] - The fragment to replace is 0.016787383177570094 of the 205 frequent words (7704 out of 12933)
[2025-10-23 11:33:50,333] - [INFO] - Replaced 123 / 12933 tokens (0.95%)
[2025-10-23 11:33:50,346] - [INFO] - Replaced 13 / 1371 tokens (0.95%)
[2025-10-23 11:33:50,351] - [INFO] - Replaced 14 / 2088 tokens (0.67%)
[2025-10-23 11:33:50,353] - [INFO] - ==== Example Sentence ====
[2025-10-23 11:33:50,353] - [INFO] - Original:  30년 전쟁의 승자는 누구인가?
[2025-10-23 11:33:50,353] - [INFO] - Tokenized: ['30년', '전쟁의', '승자는', '누구인가', '?']
[2025-10-23 11:33:50,353] - [INFO] - Replaced:  ['30년', '전쟁의', '승자는', '누구인가', '?']
[2025-10-23 11:33:50,353] - [INFO] - Window:    (tensor([1613,  994]), tensor(1112))
[2025-10-23 11:33:53,229] - [INFO] - Eval Loss: 7.2265 | Perplexity: 1375.47 | Accuracy: 19.69% | Top-5 Accuracy: 28.59%
[2025-10-23 11:33:56,088] - [INFO] - Eval Loss: 5.8924 | Perplexity: 362.27 | Accuracy: 20.64% | Top-5 Accuracy: 32.68%
[2025-10-23 11:33:58,943] - [INFO] - Eval Loss: 5.2409 | Perplexity: 188.84 | Accuracy: 21.88% | Top-5 Accuracy: 34.65%
[2025-10-23 11:34:01,805] - [INFO] - Eval Loss: 4.8759 | Perplexity: 131.09 | Accuracy: 22.25% | Top-5 Accuracy: 34.79%
[2025-10-23 11:34:04,656] - [INFO] - Eval Loss: 4.6642 | Perplexity: 106.08 | Accuracy: 23.05% | Top-5 Accuracy: 35.52%
[2025-10-23 11:34:07,515] - [INFO] - Eval Loss: 4.5552 | Perplexity: 95.13 | Accuracy: 23.71% | Top-5 Accuracy: 37.13%
[2025-10-23 11:34:10,367] - [INFO] - Eval Loss: 4.4697 | Perplexity: 87.33 | Accuracy: 23.85% | Top-5 Accuracy: 38.07%
[2025-10-23 11:34:13,224] - [INFO] - Eval Loss: 4.4073 | Perplexity: 82.05 | Accuracy: 24.07% | Top-5 Accuracy: 38.51%
[2025-10-23 11:34:16,076] - [INFO] - Eval Loss: 4.3723 | Perplexity: 79.23 | Accuracy: 24.22% | Top-5 Accuracy: 38.80%
[2025-10-23 11:34:18,935] - [INFO] - Eval Loss: 4.3381 | Perplexity: 76.56 | Accuracy: 24.65% | Top-5 Accuracy: 39.31%
[2025-10-23 11:34:18,936] - [INFO] - 
=== Running combination ===
[2025-10-23 11:34:18,936] - [INFO] - Embed: 256, Hidden: 256, Top fraction: 0.05, Replace: False, Context: 5
[2025-10-23 11:34:20,852] - [INFO] - Train dataset contains 2194 samples
[2025-10-23 11:34:20,852] - [INFO] - Validation dataset contains 228 samples
[2025-10-23 11:34:20,852] - [INFO] - Test dataset contains 356 samples
[2025-10-23 11:34:20,855] - [INFO] - Top 5.00% frequent words (205) out of 4103 total words
[2025-10-23 11:34:20,855] - [INFO] - The fragment to replace is 6.308780487804879 of the 205 frequent words (205 out of 12933)
[2025-10-23 11:34:20,881] - [INFO] - Replaced 205 / 12933 tokens (1.59%)
[2025-10-23 11:34:20,898] - [INFO] - Replaced 8 / 1371 tokens (0.58%)
[2025-10-23 11:34:20,904] - [INFO] - Replaced 12 / 2088 tokens (0.57%)
[2025-10-23 11:34:20,907] - [INFO] - ==== Example Sentence ====
[2025-10-23 11:34:20,907] - [INFO] - Original:  30년 전쟁의 승자는 누구인가?
[2025-10-23 11:34:20,907] - [INFO] - Tokenized: ['30년', '전쟁의', '승자는', '누구인가', '?']
[2025-10-23 11:34:20,907] - [INFO] - Replaced:  ['30년', '전쟁의', '<UNK', '누구인가', '?']
[2025-10-23 11:34:20,907] - [INFO] - Window:    (tensor([1613,  994, 1112, 1957, 3970]), tensor(1119))
[2025-10-23 11:34:23,784] - [INFO] - Eval Loss: 5.6293 | Perplexity: 278.47 | Accuracy: 19.99% | Top-5 Accuracy: 47.19%
[2025-10-23 11:34:26,642] - [INFO] - Eval Loss: 4.8223 | Perplexity: 124.25 | Accuracy: 25.97% | Top-5 Accuracy: 54.70%
[2025-10-23 11:34:29,499] - [INFO] - Eval Loss: 4.5200 | Perplexity: 91.83 | Accuracy: 27.35% | Top-5 Accuracy: 55.36%
[2025-10-23 11:34:32,357] - [INFO] - Eval Loss: 4.3065 | Perplexity: 74.18 | Accuracy: 31.73% | Top-5 Accuracy: 56.89%
[2025-10-23 11:34:35,214] - [INFO] - Eval Loss: 4.1194 | Perplexity: 61.52 | Accuracy: 32.46% | Top-5 Accuracy: 57.55%
[2025-10-23 11:34:38,079] - [INFO] - Eval Loss: 4.0815 | Perplexity: 59.24 | Accuracy: 33.11% | Top-5 Accuracy: 57.70%
[2025-10-23 11:34:40,938] - [INFO] - Eval Loss: 4.0016 | Perplexity: 54.69 | Accuracy: 33.26% | Top-5 Accuracy: 58.57%
[2025-10-23 11:34:43,798] - [INFO] - Eval Loss: 3.9511 | Perplexity: 51.99 | Accuracy: 33.84% | Top-5 Accuracy: 58.72%
[2025-10-23 11:34:46,659] - [INFO] - Eval Loss: 3.9098 | Perplexity: 49.89 | Accuracy: 34.14% | Top-5 Accuracy: 59.23%
[2025-10-23 11:34:49,517] - [INFO] - Eval Loss: 3.8644 | Perplexity: 47.68 | Accuracy: 34.35% | Top-5 Accuracy: 59.66%
[2025-10-23 11:34:49,517] - [INFO] - 
=== Running combination ===
[2025-10-23 11:34:49,517] - [INFO] - Embed: 256, Hidden: 256, Top fraction: 0.05, Replace: False, Context: 5
[2025-10-23 11:34:51,026] - [INFO] - Train dataset contains 2194 samples
[2025-10-23 11:34:51,026] - [INFO] - Validation dataset contains 228 samples
[2025-10-23 11:34:51,026] - [INFO] - Test dataset contains 356 samples
[2025-10-23 11:34:51,029] - [INFO] - Top 5.00% frequent words (205) out of 4103 total words
[2025-10-23 11:34:51,029] - [INFO] - The fragment to replace is 3.1543902439024394 of the 205 frequent words (205 out of 12933)
[2025-10-23 11:34:51,056] - [INFO] - Replaced 205 / 12933 tokens (1.59%)
[2025-10-23 11:34:51,072] - [INFO] - Replaced 8 / 1371 tokens (0.58%)
[2025-10-23 11:34:51,244] - [INFO] - Replaced 12 / 2088 tokens (0.57%)
[2025-10-23 11:34:51,246] - [INFO] - ==== Example Sentence ====
[2025-10-23 11:34:51,246] - [INFO] - Original:  30년 전쟁의 승자는 누구인가?
[2025-10-23 11:34:51,246] - [INFO] - Tokenized: ['30년', '전쟁의', '승자는', '누구인가', '?']
[2025-10-23 11:34:51,246] - [INFO] - Replaced:  ['30년', '전쟁의', '<UNK', '누구인가', '?']
[2025-10-23 11:34:51,247] - [INFO] - Window:    (tensor([1613,  994, 1112, 1957, 3970]), tensor(1119))
[2025-10-23 11:34:54,120] - [INFO] - Eval Loss: 5.6293 | Perplexity: 278.47 | Accuracy: 19.99% | Top-5 Accuracy: 47.19%
[2025-10-23 11:34:56,980] - [INFO] - Eval Loss: 4.8223 | Perplexity: 124.25 | Accuracy: 25.97% | Top-5 Accuracy: 54.70%
[2025-10-23 11:34:59,835] - [INFO] - Eval Loss: 4.5200 | Perplexity: 91.83 | Accuracy: 27.35% | Top-5 Accuracy: 55.36%
[2025-10-23 11:35:02,691] - [INFO] - Eval Loss: 4.3065 | Perplexity: 74.18 | Accuracy: 31.73% | Top-5 Accuracy: 56.89%
[2025-10-23 11:35:05,551] - [INFO] - Eval Loss: 4.1194 | Perplexity: 61.52 | Accuracy: 32.46% | Top-5 Accuracy: 57.55%
[2025-10-23 11:35:08,411] - [INFO] - Eval Loss: 4.0815 | Perplexity: 59.24 | Accuracy: 33.11% | Top-5 Accuracy: 57.70%
[2025-10-23 11:35:11,263] - [INFO] - Eval Loss: 4.0016 | Perplexity: 54.69 | Accuracy: 33.26% | Top-5 Accuracy: 58.57%
[2025-10-23 11:35:14,119] - [INFO] - Eval Loss: 3.9511 | Perplexity: 51.99 | Accuracy: 33.84% | Top-5 Accuracy: 58.72%
[2025-10-23 11:35:16,987] - [INFO] - Eval Loss: 3.9098 | Perplexity: 49.89 | Accuracy: 34.14% | Top-5 Accuracy: 59.23%
[2025-10-23 11:35:19,841] - [INFO] - Eval Loss: 3.8644 | Perplexity: 47.68 | Accuracy: 34.35% | Top-5 Accuracy: 59.66%
[2025-10-23 11:35:19,841] - [INFO] - 
=== Running combination ===
[2025-10-23 11:35:19,841] - [INFO] - Embed: 256, Hidden: 256, Top fraction: 0.05, Replace: False, Context: 5
[2025-10-23 11:35:21,913] - [INFO] - Train dataset contains 2194 samples
[2025-10-23 11:35:21,913] - [INFO] - Validation dataset contains 228 samples
[2025-10-23 11:35:21,913] - [INFO] - Test dataset contains 356 samples
[2025-10-23 11:35:21,916] - [INFO] - Top 5.00% frequent words (205) out of 4103 total words
[2025-10-23 11:35:21,916] - [INFO] - The fragment to replace is 0.6308780487804879 of the 205 frequent words (205 out of 12933)
[2025-10-23 11:35:21,943] - [INFO] - Replaced 126 / 12933 tokens (0.97%)
[2025-10-23 11:35:21,960] - [INFO] - Replaced 3 / 1371 tokens (0.22%)
[2025-10-23 11:35:21,965] - [INFO] - Replaced 9 / 2088 tokens (0.43%)
[2025-10-23 11:35:21,967] - [INFO] - ==== Example Sentence ====
[2025-10-23 11:35:21,967] - [INFO] - Original:  30년 전쟁의 승자는 누구인가?
[2025-10-23 11:35:21,967] - [INFO] - Tokenized: ['30년', '전쟁의', '승자는', '누구인가', '?']
[2025-10-23 11:35:21,968] - [INFO] - Replaced:  ['30년', '전쟁의', '<UNK', '누구인가', '?']
[2025-10-23 11:35:21,968] - [INFO] - Window:    (tensor([1613,  994, 1112, 1957, 3970]), tensor(1119))
[2025-10-23 11:35:24,864] - [INFO] - Eval Loss: 5.8499 | Perplexity: 347.20 | Accuracy: 19.26% | Top-5 Accuracy: 31.51%
[2025-10-23 11:35:27,742] - [INFO] - Eval Loss: 5.0721 | Perplexity: 159.52 | Accuracy: 24.58% | Top-5 Accuracy: 46.61%
[2025-10-23 11:35:30,621] - [INFO] - Eval Loss: 4.7975 | Perplexity: 121.20 | Accuracy: 25.31% | Top-5 Accuracy: 41.94%
[2025-10-23 11:35:33,497] - [INFO] - Eval Loss: 4.5873 | Perplexity: 98.23 | Accuracy: 26.11% | Top-5 Accuracy: 45.59%
[2025-10-23 11:35:36,377] - [INFO] - Eval Loss: 4.3631 | Perplexity: 78.50 | Accuracy: 26.55% | Top-5 Accuracy: 55.51%
[2025-10-23 11:35:39,261] - [INFO] - Eval Loss: 4.3177 | Perplexity: 75.01 | Accuracy: 27.35% | Top-5 Accuracy: 54.78%
[2025-10-23 11:35:42,142] - [INFO] - Eval Loss: 4.1820 | Perplexity: 65.50 | Accuracy: 27.50% | Top-5 Accuracy: 56.67%
[2025-10-23 11:35:45,021] - [INFO] - Eval Loss: 4.1064 | Perplexity: 60.73 | Accuracy: 28.59% | Top-5 Accuracy: 56.60%
[2025-10-23 11:35:47,904] - [INFO] - Eval Loss: 4.0634 | Perplexity: 58.17 | Accuracy: 29.25% | Top-5 Accuracy: 57.11%
[2025-10-23 11:35:50,785] - [INFO] - Eval Loss: 4.0121 | Perplexity: 55.26 | Accuracy: 30.63% | Top-5 Accuracy: 58.57%
[2025-10-23 11:35:50,785] - [INFO] - 
=== Running combination ===
[2025-10-23 11:35:50,785] - [INFO] - Embed: 256, Hidden: 256, Top fraction: 0.05, Replace: False, Context: 2
[2025-10-23 11:35:52,557] - [INFO] - Train dataset contains 2194 samples
[2025-10-23 11:35:52,557] - [INFO] - Validation dataset contains 228 samples
[2025-10-23 11:35:52,557] - [INFO] - Test dataset contains 356 samples
[2025-10-23 11:35:52,560] - [INFO] - Top 5.00% frequent words (205) out of 4103 total words
[2025-10-23 11:35:52,560] - [INFO] - The fragment to replace is 6.308780487804879 of the 205 frequent words (205 out of 12933)
[2025-10-23 11:35:52,586] - [INFO] - Replaced 205 / 12933 tokens (1.59%)
[2025-10-23 11:35:52,599] - [INFO] - Replaced 8 / 1371 tokens (0.58%)
[2025-10-23 11:35:52,605] - [INFO] - Replaced 12 / 2088 tokens (0.57%)
[2025-10-23 11:35:52,606] - [INFO] - ==== Example Sentence ====
[2025-10-23 11:35:52,606] - [INFO] - Original:  30년 전쟁의 승자는 누구인가?
[2025-10-23 11:35:52,606] - [INFO] - Tokenized: ['30년', '전쟁의', '승자는', '누구인가', '?']
[2025-10-23 11:35:52,606] - [INFO] - Replaced:  ['30년', '전쟁의', '<UNK', '누구인가', '?']
[2025-10-23 11:35:52,607] - [INFO] - Window:    (tensor([1613,  994]), tensor(1112))
[2025-10-23 11:35:53,860] - [INFO] - Eval Loss: 7.0415 | Perplexity: 1143.10 | Accuracy: 20.93% | Top-5 Accuracy: 38.00%
[2025-10-23 11:35:55,087] - [INFO] - Eval Loss: 5.4952 | Perplexity: 243.52 | Accuracy: 21.59% | Top-5 Accuracy: 51.71%
[2025-10-23 11:35:56,270] - [INFO] - Eval Loss: 4.7934 | Perplexity: 120.71 | Accuracy: 22.68% | Top-5 Accuracy: 52.74%
[2025-10-23 11:35:57,473] - [INFO] - Eval Loss: 4.4620 | Perplexity: 86.66 | Accuracy: 25.97% | Top-5 Accuracy: 52.44%
[2025-10-23 11:35:58,631] - [INFO] - Eval Loss: 4.2777 | Perplexity: 72.08 | Accuracy: 28.74% | Top-5 Accuracy: 52.81%
[2025-10-23 11:35:59,796] - [INFO] - Eval Loss: 4.1709 | Perplexity: 64.77 | Accuracy: 29.69% | Top-5 Accuracy: 53.98%
[2025-10-23 11:36:00,968] - [INFO] - Eval Loss: 4.0874 | Perplexity: 59.58 | Accuracy: 30.05% | Top-5 Accuracy: 54.41%
[2025-10-23 11:36:02,151] - [INFO] - Eval Loss: 4.0199 | Perplexity: 55.70 | Accuracy: 30.63% | Top-5 Accuracy: 55.43%
[2025-10-23 11:36:03,301] - [INFO] - Eval Loss: 3.9894 | Perplexity: 54.02 | Accuracy: 31.44% | Top-5 Accuracy: 55.80%
[2025-10-23 11:36:04,444] - [INFO] - Eval Loss: 3.9522 | Perplexity: 52.05 | Accuracy: 32.75% | Top-5 Accuracy: 56.60%
[2025-10-23 11:36:04,444] - [INFO] - 
=== Running combination ===
[2025-10-23 11:36:04,444] - [INFO] - Embed: 256, Hidden: 256, Top fraction: 0.05, Replace: False, Context: 2
[2025-10-23 11:36:06,595] - [INFO] - Train dataset contains 2194 samples
[2025-10-23 11:36:06,595] - [INFO] - Validation dataset contains 228 samples
[2025-10-23 11:36:06,595] - [INFO] - Test dataset contains 356 samples
[2025-10-23 11:36:06,598] - [INFO] - Top 5.00% frequent words (205) out of 4103 total words
[2025-10-23 11:36:06,598] - [INFO] - The fragment to replace is 3.1543902439024394 of the 205 frequent words (205 out of 12933)
[2025-10-23 11:36:06,620] - [INFO] - Replaced 205 / 12933 tokens (1.59%)
[2025-10-23 11:36:06,631] - [INFO] - Replaced 8 / 1371 tokens (0.58%)
[2025-10-23 11:36:06,635] - [INFO] - Replaced 12 / 2088 tokens (0.57%)
[2025-10-23 11:36:06,637] - [INFO] - ==== Example Sentence ====
[2025-10-23 11:36:06,637] - [INFO] - Original:  30년 전쟁의 승자는 누구인가?
[2025-10-23 11:36:06,637] - [INFO] - Tokenized: ['30년', '전쟁의', '승자는', '누구인가', '?']
[2025-10-23 11:36:06,637] - [INFO] - Replaced:  ['30년', '전쟁의', '<UNK', '누구인가', '?']
[2025-10-23 11:36:06,637] - [INFO] - Window:    (tensor([1613,  994]), tensor(1112))
[2025-10-23 11:36:07,835] - [INFO] - Eval Loss: 7.0415 | Perplexity: 1143.10 | Accuracy: 20.93% | Top-5 Accuracy: 38.00%
[2025-10-23 11:36:08,995] - [INFO] - Eval Loss: 5.4952 | Perplexity: 243.52 | Accuracy: 21.59% | Top-5 Accuracy: 51.71%
[2025-10-23 11:36:10,143] - [INFO] - Eval Loss: 4.7934 | Perplexity: 120.71 | Accuracy: 22.68% | Top-5 Accuracy: 52.74%
[2025-10-23 11:36:11,300] - [INFO] - Eval Loss: 4.4620 | Perplexity: 86.66 | Accuracy: 25.97% | Top-5 Accuracy: 52.44%
[2025-10-23 11:36:12,484] - [INFO] - Eval Loss: 4.2777 | Perplexity: 72.08 | Accuracy: 28.74% | Top-5 Accuracy: 52.81%
[2025-10-23 11:36:13,662] - [INFO] - Eval Loss: 4.1709 | Perplexity: 64.77 | Accuracy: 29.69% | Top-5 Accuracy: 53.98%
[2025-10-23 11:36:14,835] - [INFO] - Eval Loss: 4.0874 | Perplexity: 59.58 | Accuracy: 30.05% | Top-5 Accuracy: 54.41%
[2025-10-23 11:36:16,002] - [INFO] - Eval Loss: 4.0199 | Perplexity: 55.70 | Accuracy: 30.63% | Top-5 Accuracy: 55.43%
[2025-10-23 11:36:17,183] - [INFO] - Eval Loss: 3.9894 | Perplexity: 54.02 | Accuracy: 31.44% | Top-5 Accuracy: 55.80%
[2025-10-23 11:36:18,383] - [INFO] - Eval Loss: 3.9522 | Perplexity: 52.05 | Accuracy: 32.75% | Top-5 Accuracy: 56.60%
[2025-10-23 11:36:18,384] - [INFO] - 
=== Running combination ===
[2025-10-23 11:36:18,384] - [INFO] - Embed: 256, Hidden: 256, Top fraction: 0.05, Replace: False, Context: 2
[2025-10-23 11:36:20,036] - [INFO] - Train dataset contains 2194 samples
[2025-10-23 11:36:20,037] - [INFO] - Validation dataset contains 228 samples
[2025-10-23 11:36:20,037] - [INFO] - Test dataset contains 356 samples
[2025-10-23 11:36:20,039] - [INFO] - Top 5.00% frequent words (205) out of 4103 total words
[2025-10-23 11:36:20,040] - [INFO] - The fragment to replace is 0.6308780487804879 of the 205 frequent words (205 out of 12933)
[2025-10-23 11:36:20,239] - [INFO] - Replaced 126 / 12933 tokens (0.97%)
[2025-10-23 11:36:20,251] - [INFO] - Replaced 3 / 1371 tokens (0.22%)
[2025-10-23 11:36:20,257] - [INFO] - Replaced 9 / 2088 tokens (0.43%)
[2025-10-23 11:36:20,258] - [INFO] - ==== Example Sentence ====
[2025-10-23 11:36:20,258] - [INFO] - Original:  30년 전쟁의 승자는 누구인가?
[2025-10-23 11:36:20,258] - [INFO] - Tokenized: ['30년', '전쟁의', '승자는', '누구인가', '?']
[2025-10-23 11:36:20,258] - [INFO] - Replaced:  ['30년', '전쟁의', '<UNK', '누구인가', '?']
[2025-10-23 11:36:20,259] - [INFO] - Window:    (tensor([1613,  994]), tensor(1112))
[2025-10-23 11:36:23,148] - [INFO] - Eval Loss: 7.1499 | Perplexity: 1273.96 | Accuracy: 20.06% | Top-5 Accuracy: 29.69%
[2025-10-23 11:36:26,006] - [INFO] - Eval Loss: 5.7512 | Perplexity: 314.56 | Accuracy: 21.08% | Top-5 Accuracy: 37.27%
[2025-10-23 11:36:28,875] - [INFO] - Eval Loss: 5.1012 | Perplexity: 164.22 | Accuracy: 22.25% | Top-5 Accuracy: 40.77%
[2025-10-23 11:36:31,733] - [INFO] - Eval Loss: 4.7296 | Perplexity: 113.25 | Accuracy: 22.90% | Top-5 Accuracy: 47.99%
[2025-10-23 11:36:34,597] - [INFO] - Eval Loss: 4.5047 | Perplexity: 90.44 | Accuracy: 23.41% | Top-5 Accuracy: 49.09%
[2025-10-23 11:36:37,455] - [INFO] - Eval Loss: 4.3650 | Perplexity: 78.65 | Accuracy: 24.29% | Top-5 Accuracy: 51.20%
[2025-10-23 11:36:40,317] - [INFO] - Eval Loss: 4.2545 | Perplexity: 70.42 | Accuracy: 24.36% | Top-5 Accuracy: 53.03%
[2025-10-23 11:36:43,174] - [INFO] - Eval Loss: 4.1710 | Perplexity: 64.78 | Accuracy: 24.87% | Top-5 Accuracy: 53.39%
[2025-10-23 11:36:46,037] - [INFO] - Eval Loss: 4.1218 | Perplexity: 61.67 | Accuracy: 26.55% | Top-5 Accuracy: 53.39%
[2025-10-23 11:36:48,897] - [INFO] - Eval Loss: 4.0741 | Perplexity: 58.80 | Accuracy: 28.52% | Top-5 Accuracy: 54.34%
[2025-10-23 11:36:48,898] - [INFO] - 
=== Running combination ===
[2025-10-23 11:36:48,898] - [INFO] - Embed: 256, Hidden: 256, Top fraction: 0.1, Replace: True, Context: 5
[2025-10-23 11:36:50,720] - [INFO] - Train dataset contains 2194 samples
[2025-10-23 11:36:50,720] - [INFO] - Validation dataset contains 228 samples
[2025-10-23 11:36:50,721] - [INFO] - Test dataset contains 356 samples
[2025-10-23 11:36:50,724] - [INFO] - Top 10.00% frequent words (410) out of 4103 total words
[2025-10-23 11:36:50,724] - [INFO] - The fragment to replace is 0.1521708436286622 of the 410 frequent words (8499 out of 12933)
[2025-10-23 11:36:50,752] - [INFO] - Replaced 1334 / 12933 tokens (10.31%)
[2025-10-23 11:36:50,770] - [INFO] - Replaced 114 / 1371 tokens (8.32%)
[2025-10-23 11:36:50,776] - [INFO] - Replaced 200 / 2088 tokens (9.58%)
[2025-10-23 11:36:50,779] - [INFO] - ==== Example Sentence ====
[2025-10-23 11:36:50,779] - [INFO] - Original:  30년 전쟁의 승자는 누구인가?
[2025-10-23 11:36:50,779] - [INFO] - Tokenized: ['30년', '전쟁의', '승자는', '누구인가', '?']
[2025-10-23 11:36:50,779] - [INFO] - Replaced:  ['30년', '전쟁의', '승자는', '누구인가', '<UNK']
[2025-10-23 11:36:50,779] - [INFO] - Window:    (tensor([1613,  994, 1112, 2172, 3970]), tensor(1957))
[2025-10-23 11:36:53,662] - [INFO] - Eval Loss: 5.1071 | Perplexity: 165.19 | Accuracy: 34.28% | Top-5 Accuracy: 56.67%
[2025-10-23 11:36:56,586] - [INFO] - Eval Loss: 4.5914 | Perplexity: 98.63 | Accuracy: 36.25% | Top-5 Accuracy: 59.81%
[2025-10-23 11:36:59,598] - [INFO] - Eval Loss: 4.3478 | Perplexity: 77.31 | Accuracy: 37.93% | Top-5 Accuracy: 60.69%
[2025-10-23 11:37:02,462] - [INFO] - Eval Loss: 4.2781 | Perplexity: 72.10 | Accuracy: 35.38% | Top-5 Accuracy: 60.98%
[2025-10-23 11:37:05,327] - [INFO] - Eval Loss: 4.1387 | Perplexity: 62.72 | Accuracy: 36.47% | Top-5 Accuracy: 61.56%
[2025-10-23 11:37:08,191] - [INFO] - Eval Loss: 4.0881 | Perplexity: 59.63 | Accuracy: 36.40% | Top-5 Accuracy: 62.00%
[2025-10-23 11:37:11,048] - [INFO] - Eval Loss: 4.0333 | Perplexity: 56.45 | Accuracy: 36.83% | Top-5 Accuracy: 62.22%
[2025-10-23 11:37:13,989] - [INFO] - Eval Loss: 3.9721 | Perplexity: 53.10 | Accuracy: 37.49% | Top-5 Accuracy: 62.36%
[2025-10-23 11:37:17,006] - [INFO] - Eval Loss: 3.9580 | Perplexity: 52.35 | Accuracy: 38.07% | Top-5 Accuracy: 62.87%
[2025-10-23 11:37:19,866] - [INFO] - Eval Loss: 3.9269 | Perplexity: 50.75 | Accuracy: 40.19% | Top-5 Accuracy: 63.38%
[2025-10-23 11:37:19,867] - [INFO] - 
=== Running combination ===
[2025-10-23 11:37:19,867] - [INFO] - Embed: 256, Hidden: 256, Top fraction: 0.1, Replace: True, Context: 5
[2025-10-23 11:37:21,419] - [INFO] - Train dataset contains 2194 samples
[2025-10-23 11:37:21,419] - [INFO] - Validation dataset contains 228 samples
[2025-10-23 11:37:21,419] - [INFO] - Test dataset contains 356 samples
[2025-10-23 11:37:21,422] - [INFO] - Top 10.00% frequent words (410) out of 4103 total words
[2025-10-23 11:37:21,422] - [INFO] - The fragment to replace is 0.0760854218143311 of the 410 frequent words (8499 out of 12933)
[2025-10-23 11:37:21,451] - [INFO] - Replaced 621 / 12933 tokens (4.80%)
[2025-10-23 11:37:21,467] - [INFO] - Replaced 49 / 1371 tokens (3.57%)
[2025-10-23 11:37:21,473] - [INFO] - Replaced 92 / 2088 tokens (4.41%)
[2025-10-23 11:37:21,475] - [INFO] - ==== Example Sentence ====
[2025-10-23 11:37:21,476] - [INFO] - Original:  30년 전쟁의 승자는 누구인가?
[2025-10-23 11:37:21,476] - [INFO] - Tokenized: ['30년', '전쟁의', '승자는', '누구인가', '?']
[2025-10-23 11:37:21,476] - [INFO] - Replaced:  ['30년', '전쟁의', '승자는', '누구인가', '<UNK']
[2025-10-23 11:37:21,476] - [INFO] - Window:    (tensor([1613,  994, 1112, 2172, 3970]), tensor(1957))
[2025-10-23 11:37:24,362] - [INFO] - Eval Loss: 5.4333 | Perplexity: 228.90 | Accuracy: 19.47% | Top-5 Accuracy: 53.90%
[2025-10-23 11:37:27,241] - [INFO] - Eval Loss: 4.7796 | Perplexity: 119.06 | Accuracy: 26.04% | Top-5 Accuracy: 57.70%
[2025-10-23 11:37:30,107] - [INFO] - Eval Loss: 4.5245 | Perplexity: 92.25 | Accuracy: 26.19% | Top-5 Accuracy: 58.57%
[2025-10-23 11:37:32,986] - [INFO] - Eval Loss: 4.3838 | Perplexity: 80.15 | Accuracy: 26.11% | Top-5 Accuracy: 59.23%
[2025-10-23 11:37:35,852] - [INFO] - Eval Loss: 4.2392 | Perplexity: 69.35 | Accuracy: 26.19% | Top-5 Accuracy: 60.03%
[2025-10-23 11:37:38,720] - [INFO] - Eval Loss: 4.2021 | Perplexity: 66.83 | Accuracy: 26.70% | Top-5 Accuracy: 60.47%
[2025-10-23 11:37:41,585] - [INFO] - Eval Loss: 4.1273 | Perplexity: 62.01 | Accuracy: 26.91% | Top-5 Accuracy: 61.05%
[2025-10-23 11:37:44,454] - [INFO] - Eval Loss: 4.0616 | Perplexity: 58.07 | Accuracy: 27.35% | Top-5 Accuracy: 61.12%
[2025-10-23 11:37:47,323] - [INFO] - Eval Loss: 4.0276 | Perplexity: 56.12 | Accuracy: 27.28% | Top-5 Accuracy: 61.93%
[2025-10-23 11:37:50,190] - [INFO] - Eval Loss: 4.0100 | Perplexity: 55.15 | Accuracy: 27.21% | Top-5 Accuracy: 62.00%
[2025-10-23 11:37:50,190] - [INFO] - 
=== Running combination ===
[2025-10-23 11:37:50,190] - [INFO] - Embed: 256, Hidden: 256, Top fraction: 0.1, Replace: True, Context: 5
[2025-10-23 11:37:52,160] - [INFO] - Train dataset contains 2194 samples
[2025-10-23 11:37:52,160] - [INFO] - Validation dataset contains 228 samples
[2025-10-23 11:37:52,160] - [INFO] - Test dataset contains 356 samples
[2025-10-23 11:37:52,163] - [INFO] - Top 10.00% frequent words (410) out of 4103 total words
[2025-10-23 11:37:52,163] - [INFO] - The fragment to replace is 0.01521708436286622 of the 410 frequent words (8499 out of 12933)
[2025-10-23 11:37:52,190] - [INFO] - Replaced 124 / 12933 tokens (0.96%)
[2025-10-23 11:37:52,207] - [INFO] - Replaced 9 / 1371 tokens (0.66%)
[2025-10-23 11:37:52,213] - [INFO] - Replaced 19 / 2088 tokens (0.91%)
[2025-10-23 11:37:52,215] - [INFO] - ==== Example Sentence ====
[2025-10-23 11:37:52,215] - [INFO] - Original:  30년 전쟁의 승자는 누구인가?
[2025-10-23 11:37:52,215] - [INFO] - Tokenized: ['30년', '전쟁의', '승자는', '누구인가', '?']
[2025-10-23 11:37:52,215] - [INFO] - Replaced:  ['30년', '전쟁의', '승자는', '누구인가', '?']
[2025-10-23 11:37:52,216] - [INFO] - Window:    (tensor([1613,  994, 1112, 2172, 3970]), tensor(1119))
[2025-10-23 11:37:55,114] - [INFO] - Eval Loss: 5.9565 | Perplexity: 386.26 | Accuracy: 19.04% | Top-5 Accuracy: 31.00%
[2025-10-23 11:37:57,992] - [INFO] - Eval Loss: 5.1873 | Perplexity: 178.98 | Accuracy: 24.36% | Top-5 Accuracy: 34.57%
[2025-10-23 11:38:00,877] - [INFO] - Eval Loss: 4.8998 | Perplexity: 134.26 | Accuracy: 25.09% | Top-5 Accuracy: 39.10%
[2025-10-23 11:38:03,762] - [INFO] - Eval Loss: 4.7224 | Perplexity: 112.44 | Accuracy: 25.60% | Top-5 Accuracy: 40.48%
[2025-10-23 11:38:06,643] - [INFO] - Eval Loss: 4.5420 | Perplexity: 93.88 | Accuracy: 26.26% | Top-5 Accuracy: 43.84%
[2025-10-23 11:38:09,526] - [INFO] - Eval Loss: 4.4923 | Perplexity: 89.33 | Accuracy: 26.84% | Top-5 Accuracy: 40.85%
[2025-10-23 11:38:12,410] - [INFO] - Eval Loss: 4.3947 | Perplexity: 81.02 | Accuracy: 26.99% | Top-5 Accuracy: 44.57%
[2025-10-23 11:38:15,293] - [INFO] - Eval Loss: 4.3299 | Perplexity: 75.94 | Accuracy: 27.13% | Top-5 Accuracy: 42.89%
[2025-10-23 11:38:18,172] - [INFO] - Eval Loss: 4.2942 | Perplexity: 73.27 | Accuracy: 28.08% | Top-5 Accuracy: 46.83%
[2025-10-23 11:38:21,056] - [INFO] - Eval Loss: 4.2625 | Perplexity: 70.99 | Accuracy: 28.23% | Top-5 Accuracy: 46.46%
[2025-10-23 11:38:21,056] - [INFO] - 
=== Running combination ===
[2025-10-23 11:38:21,056] - [INFO] - Embed: 256, Hidden: 256, Top fraction: 0.1, Replace: True, Context: 2
[2025-10-23 11:38:22,659] - [INFO] - Train dataset contains 2194 samples
[2025-10-23 11:38:22,659] - [INFO] - Validation dataset contains 228 samples
[2025-10-23 11:38:22,659] - [INFO] - Test dataset contains 356 samples
[2025-10-23 11:38:22,662] - [INFO] - Top 10.00% frequent words (410) out of 4103 total words
[2025-10-23 11:38:22,663] - [INFO] - The fragment to replace is 0.1521708436286622 of the 410 frequent words (8499 out of 12933)
[2025-10-23 11:38:22,690] - [INFO] - Replaced 1334 / 12933 tokens (10.31%)
[2025-10-23 11:38:22,704] - [INFO] - Replaced 114 / 1371 tokens (8.32%)
[2025-10-23 11:38:22,709] - [INFO] - Replaced 200 / 2088 tokens (9.58%)
[2025-10-23 11:38:22,711] - [INFO] - ==== Example Sentence ====
[2025-10-23 11:38:22,711] - [INFO] - Original:  30년 전쟁의 승자는 누구인가?
[2025-10-23 11:38:22,711] - [INFO] - Tokenized: ['30년', '전쟁의', '승자는', '누구인가', '?']
[2025-10-23 11:38:22,711] - [INFO] - Replaced:  ['30년', '전쟁의', '승자는', '누구인가', '<UNK']
[2025-10-23 11:38:22,711] - [INFO] - Window:    (tensor([1613,  994]), tensor(1112))
[2025-10-23 11:38:23,911] - [INFO] - Eval Loss: 6.6459 | Perplexity: 769.63 | Accuracy: 28.88% | Top-5 Accuracy: 54.70%
[2025-10-23 11:38:25,068] - [INFO] - Eval Loss: 5.0848 | Perplexity: 161.55 | Accuracy: 31.66% | Top-5 Accuracy: 57.84%
[2025-10-23 11:38:26,222] - [INFO] - Eval Loss: 4.6507 | Perplexity: 104.66 | Accuracy: 32.02% | Top-5 Accuracy: 58.79%
[2025-10-23 11:38:27,408] - [INFO] - Eval Loss: 4.3819 | Perplexity: 79.99 | Accuracy: 32.75% | Top-5 Accuracy: 59.52%
[2025-10-23 11:38:28,562] - [INFO] - Eval Loss: 4.2143 | Perplexity: 67.65 | Accuracy: 35.01% | Top-5 Accuracy: 59.81%
[2025-10-23 11:38:29,754] - [INFO] - Eval Loss: 4.1278 | Perplexity: 62.04 | Accuracy: 32.53% | Top-5 Accuracy: 59.81%
[2025-10-23 11:38:30,939] - [INFO] - Eval Loss: 4.0549 | Perplexity: 57.68 | Accuracy: 33.63% | Top-5 Accuracy: 60.32%
[2025-10-23 11:38:32,101] - [INFO] - Eval Loss: 4.0102 | Perplexity: 55.16 | Accuracy: 34.50% | Top-5 Accuracy: 60.83%
[2025-10-23 11:38:33,294] - [INFO] - Eval Loss: 3.9893 | Perplexity: 54.02 | Accuracy: 34.28% | Top-5 Accuracy: 61.20%
[2025-10-23 11:38:34,452] - [INFO] - Eval Loss: 3.9649 | Perplexity: 52.72 | Accuracy: 34.79% | Top-5 Accuracy: 61.42%
[2025-10-23 11:38:34,453] - [INFO] - 
=== Running combination ===
[2025-10-23 11:38:34,453] - [INFO] - Embed: 256, Hidden: 256, Top fraction: 0.1, Replace: True, Context: 2
[2025-10-23 11:38:36,075] - [INFO] - Train dataset contains 2194 samples
[2025-10-23 11:38:36,075] - [INFO] - Validation dataset contains 228 samples
[2025-10-23 11:38:36,075] - [INFO] - Test dataset contains 356 samples
[2025-10-23 11:38:36,078] - [INFO] - Top 10.00% frequent words (410) out of 4103 total words
[2025-10-23 11:38:36,078] - [INFO] - The fragment to replace is 0.0760854218143311 of the 410 frequent words (8499 out of 12933)
[2025-10-23 11:38:36,106] - [INFO] - Replaced 621 / 12933 tokens (4.80%)
[2025-10-23 11:38:36,118] - [INFO] - Replaced 49 / 1371 tokens (3.57%)
[2025-10-23 11:38:36,124] - [INFO] - Replaced 92 / 2088 tokens (4.41%)
[2025-10-23 11:38:36,125] - [INFO] - ==== Example Sentence ====
[2025-10-23 11:38:36,125] - [INFO] - Original:  30년 전쟁의 승자는 누구인가?
[2025-10-23 11:38:36,125] - [INFO] - Tokenized: ['30년', '전쟁의', '승자는', '누구인가', '?']
[2025-10-23 11:38:36,125] - [INFO] - Replaced:  ['30년', '전쟁의', '승자는', '누구인가', '<UNK']
[2025-10-23 11:38:36,126] - [INFO] - Window:    (tensor([1613,  994]), tensor(1112))
[2025-10-23 11:38:39,023] - [INFO] - Eval Loss: 7.0055 | Perplexity: 1102.68 | Accuracy: 20.06% | Top-5 Accuracy: 45.51%
[2025-10-23 11:38:41,904] - [INFO] - Eval Loss: 5.3530 | Perplexity: 211.25 | Accuracy: 27.72% | Top-5 Accuracy: 55.80%
[2025-10-23 11:38:44,782] - [INFO] - Eval Loss: 4.8293 | Perplexity: 125.13 | Accuracy: 21.59% | Top-5 Accuracy: 56.89%
[2025-10-23 11:38:47,662] - [INFO] - Eval Loss: 4.5578 | Perplexity: 95.37 | Accuracy: 22.10% | Top-5 Accuracy: 57.99%
[2025-10-23 11:38:50,537] - [INFO] - Eval Loss: 4.3624 | Perplexity: 78.44 | Accuracy: 22.83% | Top-5 Accuracy: 57.99%
[2025-10-23 11:38:53,418] - [INFO] - Eval Loss: 4.2449 | Perplexity: 69.75 | Accuracy: 23.41% | Top-5 Accuracy: 58.21%
[2025-10-23 11:38:56,298] - [INFO] - Eval Loss: 4.1539 | Perplexity: 63.68 | Accuracy: 24.00% | Top-5 Accuracy: 58.72%
[2025-10-23 11:38:59,182] - [INFO] - Eval Loss: 4.0955 | Perplexity: 60.07 | Accuracy: 24.22% | Top-5 Accuracy: 58.86%
[2025-10-23 11:39:02,062] - [INFO] - Eval Loss: 4.0688 | Perplexity: 58.49 | Accuracy: 24.58% | Top-5 Accuracy: 59.66%
[2025-10-23 11:39:04,942] - [INFO] - Eval Loss: 4.0418 | Perplexity: 56.93 | Accuracy: 24.95% | Top-5 Accuracy: 60.03%
[2025-10-23 11:39:04,942] - [INFO] - 
=== Running combination ===
[2025-10-23 11:39:04,942] - [INFO] - Embed: 256, Hidden: 256, Top fraction: 0.1, Replace: True, Context: 2
[2025-10-23 11:39:06,611] - [INFO] - Train dataset contains 2194 samples
[2025-10-23 11:39:06,611] - [INFO] - Validation dataset contains 228 samples
[2025-10-23 11:39:06,611] - [INFO] - Test dataset contains 356 samples
[2025-10-23 11:39:06,614] - [INFO] - Top 10.00% frequent words (410) out of 4103 total words
[2025-10-23 11:39:06,615] - [INFO] - The fragment to replace is 0.01521708436286622 of the 410 frequent words (8499 out of 12933)
[2025-10-23 11:39:06,642] - [INFO] - Replaced 124 / 12933 tokens (0.96%)
[2025-10-23 11:39:06,654] - [INFO] - Replaced 9 / 1371 tokens (0.66%)
[2025-10-23 11:39:06,660] - [INFO] - Replaced 19 / 2088 tokens (0.91%)
[2025-10-23 11:39:06,661] - [INFO] - ==== Example Sentence ====
[2025-10-23 11:39:06,662] - [INFO] - Original:  30년 전쟁의 승자는 누구인가?
[2025-10-23 11:39:06,662] - [INFO] - Tokenized: ['30년', '전쟁의', '승자는', '누구인가', '?']
[2025-10-23 11:39:06,662] - [INFO] - Replaced:  ['30년', '전쟁의', '승자는', '누구인가', '?']
[2025-10-23 11:39:06,662] - [INFO] - Window:    (tensor([1613,  994]), tensor(1112))
[2025-10-23 11:39:09,561] - [INFO] - Eval Loss: 7.2282 | Perplexity: 1377.72 | Accuracy: 19.99% | Top-5 Accuracy: 29.10%
[2025-10-23 11:39:12,437] - [INFO] - Eval Loss: 5.8928 | Perplexity: 362.43 | Accuracy: 20.93% | Top-5 Accuracy: 33.04%
[2025-10-23 11:39:15,318] - [INFO] - Eval Loss: 5.2445 | Perplexity: 189.53 | Accuracy: 22.10% | Top-5 Accuracy: 34.79%
[2025-10-23 11:39:18,197] - [INFO] - Eval Loss: 4.8770 | Perplexity: 131.24 | Accuracy: 22.47% | Top-5 Accuracy: 35.01%
[2025-10-23 11:39:21,073] - [INFO] - Eval Loss: 4.6591 | Perplexity: 105.54 | Accuracy: 23.27% | Top-5 Accuracy: 35.74%
[2025-10-23 11:39:23,951] - [INFO] - Eval Loss: 4.5371 | Perplexity: 93.42 | Accuracy: 23.63% | Top-5 Accuracy: 37.13%
[2025-10-23 11:39:26,832] - [INFO] - Eval Loss: 4.4416 | Perplexity: 84.91 | Accuracy: 24.07% | Top-5 Accuracy: 38.37%
[2025-10-23 11:39:29,718] - [INFO] - Eval Loss: 4.3720 | Perplexity: 79.20 | Accuracy: 24.36% | Top-5 Accuracy: 38.88%
[2025-10-23 11:39:32,604] - [INFO] - Eval Loss: 4.3337 | Perplexity: 76.23 | Accuracy: 24.51% | Top-5 Accuracy: 39.53%
[2025-10-23 11:39:35,481] - [INFO] - Eval Loss: 4.2969 | Perplexity: 73.47 | Accuracy: 25.31% | Top-5 Accuracy: 40.04%
[2025-10-23 11:39:35,482] - [INFO] - 
=== Running combination ===
[2025-10-23 11:39:35,482] - [INFO] - Embed: 256, Hidden: 256, Top fraction: 0.1, Replace: False, Context: 5
[2025-10-23 11:39:37,128] - [INFO] - Train dataset contains 2194 samples
[2025-10-23 11:39:37,128] - [INFO] - Validation dataset contains 228 samples
[2025-10-23 11:39:37,128] - [INFO] - Test dataset contains 356 samples
[2025-10-23 11:39:37,131] - [INFO] - Top 10.00% frequent words (410) out of 4103 total words
[2025-10-23 11:39:37,131] - [INFO] - The fragment to replace is 3.1543902439024394 of the 410 frequent words (410 out of 12933)
[2025-10-23 11:39:37,159] - [INFO] - Replaced 410 / 12933 tokens (3.17%)
[2025-10-23 11:39:37,175] - [INFO] - Replaced 14 / 1371 tokens (1.02%)
[2025-10-23 11:39:37,181] - [INFO] - Replaced 29 / 2088 tokens (1.39%)
[2025-10-23 11:39:37,183] - [INFO] - ==== Example Sentence ====
[2025-10-23 11:39:37,183] - [INFO] - Original:  30년 전쟁의 승자는 누구인가?
[2025-10-23 11:39:37,183] - [INFO] - Tokenized: ['30년', '전쟁의', '승자는', '누구인가', '?']
[2025-10-23 11:39:37,183] - [INFO] - Replaced:  ['30년', '전쟁의', '<UNK', '누구인가', '?']
[2025-10-23 11:39:37,183] - [INFO] - Window:    (tensor([1613,  994, 1112, 1957, 3970]), tensor(1119))
[2025-10-23 11:39:40,089] - [INFO] - Eval Loss: 5.3016 | Perplexity: 200.67 | Accuracy: 20.42% | Top-5 Accuracy: 54.12%
[2025-10-23 11:39:42,977] - [INFO] - Eval Loss: 4.5640 | Perplexity: 95.97 | Accuracy: 35.52% | Top-5 Accuracy: 56.67%
[2025-10-23 11:39:45,863] - [INFO] - Eval Loss: 4.2761 | Perplexity: 71.96 | Accuracy: 31.44% | Top-5 Accuracy: 57.55%
[2025-10-23 11:39:48,752] - [INFO] - Eval Loss: 4.1031 | Perplexity: 60.53 | Accuracy: 32.24% | Top-5 Accuracy: 58.42%
[2025-10-23 11:39:51,642] - [INFO] - Eval Loss: 3.9834 | Perplexity: 53.70 | Accuracy: 32.75% | Top-5 Accuracy: 58.72%
[2025-10-23 11:39:54,530] - [INFO] - Eval Loss: 3.9112 | Perplexity: 49.96 | Accuracy: 33.55% | Top-5 Accuracy: 59.45%
[2025-10-23 11:39:57,417] - [INFO] - Eval Loss: 3.8511 | Perplexity: 47.05 | Accuracy: 34.14% | Top-5 Accuracy: 59.96%
[2025-10-23 11:40:00,292] - [INFO] - Eval Loss: 3.8115 | Perplexity: 45.22 | Accuracy: 34.35% | Top-5 Accuracy: 60.76%
[2025-10-23 11:40:03,167] - [INFO] - Eval Loss: 3.7420 | Perplexity: 42.18 | Accuracy: 35.16% | Top-5 Accuracy: 61.56%
[2025-10-23 11:40:06,050] - [INFO] - Eval Loss: 3.7113 | Perplexity: 40.91 | Accuracy: 35.45% | Top-5 Accuracy: 61.85%
[2025-10-23 11:40:06,050] - [INFO] - 
=== Running combination ===
[2025-10-23 11:40:06,050] - [INFO] - Embed: 256, Hidden: 256, Top fraction: 0.1, Replace: False, Context: 5
[2025-10-23 11:40:07,664] - [INFO] - Train dataset contains 2194 samples
[2025-10-23 11:40:07,664] - [INFO] - Validation dataset contains 228 samples
[2025-10-23 11:40:07,664] - [INFO] - Test dataset contains 356 samples
[2025-10-23 11:40:07,667] - [INFO] - Top 10.00% frequent words (410) out of 4103 total words
[2025-10-23 11:40:07,667] - [INFO] - The fragment to replace is 1.5771951219512197 of the 410 frequent words (410 out of 12933)
[2025-10-23 11:40:07,693] - [INFO] - Replaced 410 / 12933 tokens (3.17%)
[2025-10-23 11:40:07,710] - [INFO] - Replaced 14 / 1371 tokens (1.02%)
[2025-10-23 11:40:07,715] - [INFO] - Replaced 29 / 2088 tokens (1.39%)
[2025-10-23 11:40:07,871] - [INFO] - ==== Example Sentence ====
[2025-10-23 11:40:07,871] - [INFO] - Original:  30년 전쟁의 승자는 누구인가?
[2025-10-23 11:40:07,871] - [INFO] - Tokenized: ['30년', '전쟁의', '승자는', '누구인가', '?']
[2025-10-23 11:40:07,872] - [INFO] - Replaced:  ['30년', '전쟁의', '<UNK', '누구인가', '?']
[2025-10-23 11:40:07,872] - [INFO] - Window:    (tensor([1613,  994, 1112, 1957, 3970]), tensor(1119))
[2025-10-23 11:40:10,750] - [INFO] - Eval Loss: 5.3016 | Perplexity: 200.67 | Accuracy: 20.42% | Top-5 Accuracy: 54.12%
[2025-10-23 11:40:13,609] - [INFO] - Eval Loss: 4.5640 | Perplexity: 95.97 | Accuracy: 35.52% | Top-5 Accuracy: 56.67%
[2025-10-23 11:40:16,468] - [INFO] - Eval Loss: 4.2761 | Perplexity: 71.96 | Accuracy: 31.44% | Top-5 Accuracy: 57.55%
[2025-10-23 11:40:19,327] - [INFO] - Eval Loss: 4.1031 | Perplexity: 60.53 | Accuracy: 32.24% | Top-5 Accuracy: 58.42%
[2025-10-23 11:40:22,186] - [INFO] - Eval Loss: 3.9834 | Perplexity: 53.70 | Accuracy: 32.75% | Top-5 Accuracy: 58.72%
[2025-10-23 11:40:25,046] - [INFO] - Eval Loss: 3.9112 | Perplexity: 49.96 | Accuracy: 33.55% | Top-5 Accuracy: 59.45%
[2025-10-23 11:40:27,903] - [INFO] - Eval Loss: 3.8511 | Perplexity: 47.05 | Accuracy: 34.14% | Top-5 Accuracy: 59.96%
[2025-10-23 11:40:30,763] - [INFO] - Eval Loss: 3.8115 | Perplexity: 45.22 | Accuracy: 34.35% | Top-5 Accuracy: 60.76%
[2025-10-23 11:40:33,619] - [INFO] - Eval Loss: 3.7420 | Perplexity: 42.18 | Accuracy: 35.16% | Top-5 Accuracy: 61.56%
[2025-10-23 11:40:36,480] - [INFO] - Eval Loss: 3.7113 | Perplexity: 40.91 | Accuracy: 35.45% | Top-5 Accuracy: 61.85%
[2025-10-23 11:40:36,480] - [INFO] - 
=== Running combination ===
[2025-10-23 11:40:36,480] - [INFO] - Embed: 256, Hidden: 256, Top fraction: 0.1, Replace: False, Context: 5
[2025-10-23 11:40:38,210] - [INFO] - Train dataset contains 2194 samples
[2025-10-23 11:40:38,210] - [INFO] - Validation dataset contains 228 samples
[2025-10-23 11:40:38,210] - [INFO] - Test dataset contains 356 samples
[2025-10-23 11:40:38,213] - [INFO] - Top 10.00% frequent words (410) out of 4103 total words
[2025-10-23 11:40:38,213] - [INFO] - The fragment to replace is 0.31543902439024396 of the 410 frequent words (410 out of 12933)
[2025-10-23 11:40:38,240] - [INFO] - Replaced 141 / 12933 tokens (1.09%)
[2025-10-23 11:40:38,258] - [INFO] - Replaced 5 / 1371 tokens (0.36%)
[2025-10-23 11:40:38,263] - [INFO] - Replaced 13 / 2088 tokens (0.62%)
[2025-10-23 11:40:38,266] - [INFO] - ==== Example Sentence ====
[2025-10-23 11:40:38,266] - [INFO] - Original:  30년 전쟁의 승자는 누구인가?
[2025-10-23 11:40:38,266] - [INFO] - Tokenized: ['30년', '전쟁의', '승자는', '누구인가', '?']
[2025-10-23 11:40:38,266] - [INFO] - Replaced:  ['30년', '전쟁의', '<UNK', '누구인가', '?']
[2025-10-23 11:40:38,267] - [INFO] - Window:    (tensor([1613,  994, 1112, 1957, 3970]), tensor(1119))
[2025-10-23 11:40:41,144] - [INFO] - Eval Loss: 5.8211 | Perplexity: 337.35 | Accuracy: 19.33% | Top-5 Accuracy: 31.73%
[2025-10-23 11:40:44,010] - [INFO] - Eval Loss: 5.0470 | Perplexity: 155.56 | Accuracy: 24.51% | Top-5 Accuracy: 46.90%
[2025-10-23 11:40:46,872] - [INFO] - Eval Loss: 4.7624 | Perplexity: 117.02 | Accuracy: 25.24% | Top-5 Accuracy: 50.04%
[2025-10-23 11:40:49,743] - [INFO] - Eval Loss: 4.5632 | Perplexity: 95.89 | Accuracy: 25.89% | Top-5 Accuracy: 53.32%
[2025-10-23 11:40:52,616] - [INFO] - Eval Loss: 4.3773 | Perplexity: 79.62 | Accuracy: 26.48% | Top-5 Accuracy: 54.92%
[2025-10-23 11:40:55,480] - [INFO] - Eval Loss: 4.3065 | Perplexity: 74.18 | Accuracy: 27.21% | Top-5 Accuracy: 55.58%
[2025-10-23 11:40:58,338] - [INFO] - Eval Loss: 4.1777 | Perplexity: 65.22 | Accuracy: 27.28% | Top-5 Accuracy: 57.11%
[2025-10-23 11:41:01,197] - [INFO] - Eval Loss: 4.1328 | Perplexity: 62.35 | Accuracy: 27.57% | Top-5 Accuracy: 56.89%
[2025-10-23 11:41:04,053] - [INFO] - Eval Loss: 4.0810 | Perplexity: 59.21 | Accuracy: 28.74% | Top-5 Accuracy: 57.99%
[2025-10-23 11:41:06,911] - [INFO] - Eval Loss: 4.0247 | Perplexity: 55.96 | Accuracy: 28.96% | Top-5 Accuracy: 59.08%
[2025-10-23 11:41:06,912] - [INFO] - 
=== Running combination ===
[2025-10-23 11:41:06,912] - [INFO] - Embed: 256, Hidden: 256, Top fraction: 0.1, Replace: False, Context: 2
[2025-10-23 11:41:08,554] - [INFO] - Train dataset contains 2194 samples
[2025-10-23 11:41:08,554] - [INFO] - Validation dataset contains 228 samples
[2025-10-23 11:41:08,554] - [INFO] - Test dataset contains 356 samples
[2025-10-23 11:41:08,557] - [INFO] - Top 10.00% frequent words (410) out of 4103 total words
[2025-10-23 11:41:08,557] - [INFO] - The fragment to replace is 3.1543902439024394 of the 410 frequent words (410 out of 12933)
[2025-10-23 11:41:08,584] - [INFO] - Replaced 410 / 12933 tokens (3.17%)
[2025-10-23 11:41:08,596] - [INFO] - Replaced 14 / 1371 tokens (1.02%)
[2025-10-23 11:41:08,602] - [INFO] - Replaced 29 / 2088 tokens (1.39%)
[2025-10-23 11:41:08,603] - [INFO] - ==== Example Sentence ====
[2025-10-23 11:41:08,603] - [INFO] - Original:  30년 전쟁의 승자는 누구인가?
[2025-10-23 11:41:08,603] - [INFO] - Tokenized: ['30년', '전쟁의', '승자는', '누구인가', '?']
[2025-10-23 11:41:08,603] - [INFO] - Replaced:  ['30년', '전쟁의', '<UNK', '누구인가', '?']
[2025-10-23 11:41:08,604] - [INFO] - Window:    (tensor([1613,  994]), tensor(1112))
[2025-10-23 11:41:11,504] - [INFO] - Eval Loss: 6.8096 | Perplexity: 906.54 | Accuracy: 24.07% | Top-5 Accuracy: 49.02%
[2025-10-23 11:41:14,363] - [INFO] - Eval Loss: 5.1139 | Perplexity: 166.31 | Accuracy: 31.73% | Top-5 Accuracy: 53.10%
[2025-10-23 11:41:17,222] - [INFO] - Eval Loss: 4.5535 | Perplexity: 94.97 | Accuracy: 31.73% | Top-5 Accuracy: 54.05%
[2025-10-23 11:41:20,083] - [INFO] - Eval Loss: 4.3001 | Perplexity: 73.70 | Accuracy: 28.52% | Top-5 Accuracy: 55.00%
[2025-10-23 11:41:22,944] - [INFO] - Eval Loss: 4.1416 | Perplexity: 62.90 | Accuracy: 29.39% | Top-5 Accuracy: 56.09%
[2025-10-23 11:41:25,806] - [INFO] - Eval Loss: 4.0334 | Perplexity: 56.45 | Accuracy: 36.18% | Top-5 Accuracy: 56.97%
[2025-10-23 11:41:28,734] - [INFO] - Eval Loss: 3.9405 | Perplexity: 51.45 | Accuracy: 31.36% | Top-5 Accuracy: 58.64%
[2025-10-23 11:41:31,810] - [INFO] - Eval Loss: 3.8723 | Perplexity: 48.05 | Accuracy: 32.60% | Top-5 Accuracy: 59.01%
[2025-10-23 11:41:34,800] - [INFO] - Eval Loss: 3.8411 | Perplexity: 46.58 | Accuracy: 33.19% | Top-5 Accuracy: 59.37%
[2025-10-23 11:41:37,674] - [INFO] - Eval Loss: 3.8004 | Perplexity: 44.72 | Accuracy: 33.70% | Top-5 Accuracy: 59.81%
[2025-10-23 11:41:37,674] - [INFO] - 
=== Running combination ===
[2025-10-23 11:41:37,674] - [INFO] - Embed: 256, Hidden: 256, Top fraction: 0.1, Replace: False, Context: 2
[2025-10-23 11:41:39,231] - [INFO] - Train dataset contains 2194 samples
[2025-10-23 11:41:39,231] - [INFO] - Validation dataset contains 228 samples
[2025-10-23 11:41:39,231] - [INFO] - Test dataset contains 356 samples
[2025-10-23 11:41:39,234] - [INFO] - Top 10.00% frequent words (410) out of 4103 total words
[2025-10-23 11:41:39,234] - [INFO] - The fragment to replace is 1.5771951219512197 of the 410 frequent words (410 out of 12933)
[2025-10-23 11:41:39,260] - [INFO] - Replaced 410 / 12933 tokens (3.17%)
[2025-10-23 11:41:39,273] - [INFO] - Replaced 14 / 1371 tokens (1.02%)
[2025-10-23 11:41:39,278] - [INFO] - Replaced 29 / 2088 tokens (1.39%)
[2025-10-23 11:41:39,280] - [INFO] - ==== Example Sentence ====
[2025-10-23 11:41:39,280] - [INFO] - Original:  30년 전쟁의 승자는 누구인가?
[2025-10-23 11:41:39,280] - [INFO] - Tokenized: ['30년', '전쟁의', '승자는', '누구인가', '?']
[2025-10-23 11:41:39,280] - [INFO] - Replaced:  ['30년', '전쟁의', '<UNK', '누구인가', '?']
[2025-10-23 11:41:39,280] - [INFO] - Window:    (tensor([1613,  994]), tensor(1112))
[2025-10-23 11:41:42,163] - [INFO] - Eval Loss: 6.8096 | Perplexity: 906.54 | Accuracy: 24.07% | Top-5 Accuracy: 49.02%
[2025-10-23 11:41:45,033] - [INFO] - Eval Loss: 5.1139 | Perplexity: 166.31 | Accuracy: 31.73% | Top-5 Accuracy: 53.10%
[2025-10-23 11:41:47,904] - [INFO] - Eval Loss: 4.5535 | Perplexity: 94.97 | Accuracy: 31.73% | Top-5 Accuracy: 54.05%
[2025-10-23 11:41:50,773] - [INFO] - Eval Loss: 4.3001 | Perplexity: 73.70 | Accuracy: 28.52% | Top-5 Accuracy: 55.00%
[2025-10-23 11:41:53,641] - [INFO] - Eval Loss: 4.1416 | Perplexity: 62.90 | Accuracy: 29.39% | Top-5 Accuracy: 56.09%
[2025-10-23 11:41:56,508] - [INFO] - Eval Loss: 4.0334 | Perplexity: 56.45 | Accuracy: 36.18% | Top-5 Accuracy: 56.97%
[2025-10-23 11:41:59,377] - [INFO] - Eval Loss: 3.9405 | Perplexity: 51.45 | Accuracy: 31.36% | Top-5 Accuracy: 58.64%
[2025-10-23 11:42:02,242] - [INFO] - Eval Loss: 3.8723 | Perplexity: 48.05 | Accuracy: 32.60% | Top-5 Accuracy: 59.01%
[2025-10-23 11:42:05,109] - [INFO] - Eval Loss: 3.8411 | Perplexity: 46.58 | Accuracy: 33.19% | Top-5 Accuracy: 59.37%
[2025-10-23 11:42:07,979] - [INFO] - Eval Loss: 3.8004 | Perplexity: 44.72 | Accuracy: 33.70% | Top-5 Accuracy: 59.81%
[2025-10-23 11:42:07,980] - [INFO] - 
=== Running combination ===
[2025-10-23 11:42:07,980] - [INFO] - Embed: 256, Hidden: 256, Top fraction: 0.1, Replace: False, Context: 2
[2025-10-23 11:42:10,323] - [INFO] - Train dataset contains 2194 samples
[2025-10-23 11:42:10,323] - [INFO] - Validation dataset contains 228 samples
[2025-10-23 11:42:10,323] - [INFO] - Test dataset contains 356 samples
[2025-10-23 11:42:10,326] - [INFO] - Top 10.00% frequent words (410) out of 4103 total words
[2025-10-23 11:42:10,326] - [INFO] - The fragment to replace is 0.31543902439024396 of the 410 frequent words (410 out of 12933)
[2025-10-23 11:42:10,352] - [INFO] - Replaced 141 / 12933 tokens (1.09%)
[2025-10-23 11:42:10,540] - [INFO] - Replaced 5 / 1371 tokens (0.36%)
[2025-10-23 11:42:10,545] - [INFO] - Replaced 13 / 2088 tokens (0.62%)
[2025-10-23 11:42:10,547] - [INFO] - ==== Example Sentence ====
[2025-10-23 11:42:10,547] - [INFO] - Original:  30년 전쟁의 승자는 누구인가?
[2025-10-23 11:42:10,547] - [INFO] - Tokenized: ['30년', '전쟁의', '승자는', '누구인가', '?']
[2025-10-23 11:42:10,547] - [INFO] - Replaced:  ['30년', '전쟁의', '<UNK', '누구인가', '?']
[2025-10-23 11:42:10,548] - [INFO] - Window:    (tensor([1613,  994]), tensor(1112))
[2025-10-23 11:42:13,419] - [INFO] - Eval Loss: 7.1408 | Perplexity: 1262.43 | Accuracy: 20.06% | Top-5 Accuracy: 29.76%
[2025-10-23 11:42:16,278] - [INFO] - Eval Loss: 5.7259 | Perplexity: 306.71 | Accuracy: 21.01% | Top-5 Accuracy: 37.20%
[2025-10-23 11:42:19,141] - [INFO] - Eval Loss: 5.0752 | Perplexity: 160.00 | Accuracy: 22.25% | Top-5 Accuracy: 46.10%
[2025-10-23 11:42:22,003] - [INFO] - Eval Loss: 4.7112 | Perplexity: 111.19 | Accuracy: 22.90% | Top-5 Accuracy: 45.73%
[2025-10-23 11:42:24,860] - [INFO] - Eval Loss: 4.4948 | Perplexity: 89.55 | Accuracy: 23.41% | Top-5 Accuracy: 46.54%
[2025-10-23 11:42:27,719] - [INFO] - Eval Loss: 4.3652 | Perplexity: 78.66 | Accuracy: 24.07% | Top-5 Accuracy: 48.65%
[2025-10-23 11:42:30,577] - [INFO] - Eval Loss: 4.2561 | Perplexity: 70.53 | Accuracy: 24.36% | Top-5 Accuracy: 50.47%
[2025-10-23 11:42:33,435] - [INFO] - Eval Loss: 4.1756 | Perplexity: 65.08 | Accuracy: 24.73% | Top-5 Accuracy: 53.32%
[2025-10-23 11:42:36,294] - [INFO] - Eval Loss: 4.1307 | Perplexity: 62.22 | Accuracy: 26.19% | Top-5 Accuracy: 54.05%
[2025-10-23 11:42:39,152] - [INFO] - Eval Loss: 4.0821 | Perplexity: 59.27 | Accuracy: 26.62% | Top-5 Accuracy: 55.36%
[2025-10-23 11:42:39,153] - [INFO] - 
=== Running combination ===
[2025-10-23 11:42:39,153] - [INFO] - Embed: 256, Hidden: 512, Top fraction: 0.01, Replace: True, Context: 5
[2025-10-23 11:42:40,746] - [INFO] - Train dataset contains 2194 samples
[2025-10-23 11:42:40,746] - [INFO] - Validation dataset contains 228 samples
[2025-10-23 11:42:40,746] - [INFO] - Test dataset contains 356 samples
[2025-10-23 11:42:40,749] - [INFO] - Top 1.00% frequent words (41) out of 4103 total words
[2025-10-23 11:42:40,749] - [INFO] - The fragment to replace is 0.21976210705182672 of the 41 frequent words (5885 out of 12933)
[2025-10-23 11:42:40,777] - [INFO] - Replaced 1308 / 12933 tokens (10.11%)
[2025-10-23 11:42:40,795] - [INFO] - Replaced 152 / 1371 tokens (11.09%)
[2025-10-23 11:42:40,801] - [INFO] - Replaced 213 / 2088 tokens (10.20%)
[2025-10-23 11:42:40,804] - [INFO] - ==== Example Sentence ====
[2025-10-23 11:42:40,804] - [INFO] - Original:  30년 전쟁의 승자는 누구인가?
[2025-10-23 11:42:40,804] - [INFO] - Tokenized: ['30년', '전쟁의', '승자는', '누구인가', '?']
[2025-10-23 11:42:40,804] - [INFO] - Replaced:  ['30년', '전쟁의', '승자는', '누구인가', '?']
[2025-10-23 11:42:40,804] - [INFO] - Window:    (tensor([1613,  994, 1112, 2172, 3970]), tensor(1119))
[2025-10-23 11:42:43,706] - [INFO] - Eval Loss: 4.9797 | Perplexity: 145.44 | Accuracy: 21.30% | Top-5 Accuracy: 57.18%
[2025-10-23 11:42:46,584] - [INFO] - Eval Loss: 4.5350 | Perplexity: 93.23 | Accuracy: 27.28% | Top-5 Accuracy: 58.42%
[2025-10-23 11:42:49,464] - [INFO] - Eval Loss: 4.3517 | Perplexity: 77.61 | Accuracy: 28.45% | Top-5 Accuracy: 59.01%
[2025-10-23 11:42:52,345] - [INFO] - Eval Loss: 4.2556 | Perplexity: 70.50 | Accuracy: 24.80% | Top-5 Accuracy: 59.88%
[2025-10-23 11:42:55,261] - [INFO] - Eval Loss: 4.1806 | Perplexity: 65.40 | Accuracy: 24.73% | Top-5 Accuracy: 60.03%
[2025-10-23 11:42:58,237] - [INFO] - Eval Loss: 4.1214 | Perplexity: 61.64 | Accuracy: 25.02% | Top-5 Accuracy: 60.18%
[2025-10-23 11:43:01,116] - [INFO] - Eval Loss: 4.0993 | Perplexity: 60.30 | Accuracy: 29.39% | Top-5 Accuracy: 61.12%
[2025-10-23 11:43:03,997] - [INFO] - Eval Loss: 4.0573 | Perplexity: 57.82 | Accuracy: 30.05% | Top-5 Accuracy: 61.63%
[2025-10-23 11:43:06,873] - [INFO] - Eval Loss: 4.0440 | Perplexity: 57.05 | Accuracy: 25.67% | Top-5 Accuracy: 62.22%
[2025-10-23 11:43:09,752] - [INFO] - Eval Loss: 4.0619 | Perplexity: 58.08 | Accuracy: 26.48% | Top-5 Accuracy: 62.87%
[2025-10-23 11:43:09,752] - [INFO] - 
=== Running combination ===
[2025-10-23 11:43:09,752] - [INFO] - Embed: 256, Hidden: 512, Top fraction: 0.01, Replace: True, Context: 5
[2025-10-23 11:43:11,339] - [INFO] - Train dataset contains 2194 samples
[2025-10-23 11:43:11,339] - [INFO] - Validation dataset contains 228 samples
[2025-10-23 11:43:11,339] - [INFO] - Test dataset contains 356 samples
[2025-10-23 11:43:11,342] - [INFO] - Top 1.00% frequent words (41) out of 4103 total words
[2025-10-23 11:43:11,342] - [INFO] - The fragment to replace is 0.10988105352591336 of the 41 frequent words (5885 out of 12933)
[2025-10-23 11:43:11,369] - [INFO] - Replaced 642 / 12933 tokens (4.96%)
[2025-10-23 11:43:11,386] - [INFO] - Replaced 75 / 1371 tokens (5.47%)
[2025-10-23 11:43:11,392] - [INFO] - Replaced 111 / 2088 tokens (5.32%)
[2025-10-23 11:43:11,394] - [INFO] - ==== Example Sentence ====
[2025-10-23 11:43:11,394] - [INFO] - Original:  30년 전쟁의 승자는 누구인가?
[2025-10-23 11:43:11,394] - [INFO] - Tokenized: ['30년', '전쟁의', '승자는', '누구인가', '?']
[2025-10-23 11:43:11,394] - [INFO] - Replaced:  ['30년', '전쟁의', '승자는', '누구인가', '?']
[2025-10-23 11:43:11,394] - [INFO] - Window:    (tensor([1613,  994, 1112, 2172, 3970]), tensor(1119))
[2025-10-23 11:43:14,317] - [INFO] - Eval Loss: 5.1560 | Perplexity: 173.47 | Accuracy: 20.42% | Top-5 Accuracy: 55.65%
[2025-10-23 11:43:17,215] - [INFO] - Eval Loss: 4.7041 | Perplexity: 110.39 | Accuracy: 22.10% | Top-5 Accuracy: 50.55%
[2025-10-23 11:43:20,119] - [INFO] - Eval Loss: 4.4710 | Perplexity: 87.44 | Accuracy: 23.05% | Top-5 Accuracy: 59.66%
[2025-10-23 11:43:23,018] - [INFO] - Eval Loss: 4.3770 | Perplexity: 79.60 | Accuracy: 23.27% | Top-5 Accuracy: 60.32%
[2025-10-23 11:43:25,920] - [INFO] - Eval Loss: 4.2763 | Perplexity: 71.98 | Accuracy: 23.41% | Top-5 Accuracy: 60.90%
[2025-10-23 11:43:28,825] - [INFO] - Eval Loss: 4.2333 | Perplexity: 68.95 | Accuracy: 23.19% | Top-5 Accuracy: 60.39%
[2025-10-23 11:43:31,729] - [INFO] - Eval Loss: 4.1729 | Perplexity: 64.90 | Accuracy: 24.87% | Top-5 Accuracy: 61.20%
[2025-10-23 11:43:34,621] - [INFO] - Eval Loss: 4.1591 | Perplexity: 64.02 | Accuracy: 24.29% | Top-5 Accuracy: 62.00%
[2025-10-23 11:43:37,510] - [INFO] - Eval Loss: 4.1309 | Perplexity: 62.24 | Accuracy: 24.51% | Top-5 Accuracy: 62.65%
[2025-10-23 11:43:40,402] - [INFO] - Eval Loss: 4.1316 | Perplexity: 62.28 | Accuracy: 25.02% | Top-5 Accuracy: 56.09%
[2025-10-23 11:43:40,402] - [INFO] - 
=== Running combination ===
[2025-10-23 11:43:40,402] - [INFO] - Embed: 256, Hidden: 512, Top fraction: 0.01, Replace: True, Context: 5
[2025-10-23 11:43:41,948] - [INFO] - Train dataset contains 2194 samples
[2025-10-23 11:43:41,948] - [INFO] - Validation dataset contains 228 samples
[2025-10-23 11:43:41,948] - [INFO] - Test dataset contains 356 samples
[2025-10-23 11:43:41,951] - [INFO] - Top 1.00% frequent words (41) out of 4103 total words
[2025-10-23 11:43:41,951] - [INFO] - The fragment to replace is 0.02197621070518267 of the 41 frequent words (5885 out of 12933)
[2025-10-23 11:43:41,977] - [INFO] - Replaced 121 / 12933 tokens (0.94%)
[2025-10-23 11:43:42,165] - [INFO] - Replaced 15 / 1371 tokens (1.09%)
[2025-10-23 11:43:42,171] - [INFO] - Replaced 22 / 2088 tokens (1.05%)
[2025-10-23 11:43:42,174] - [INFO] - ==== Example Sentence ====
[2025-10-23 11:43:42,174] - [INFO] - Original:  30년 전쟁의 승자는 누구인가?
[2025-10-23 11:43:42,174] - [INFO] - Tokenized: ['30년', '전쟁의', '승자는', '누구인가', '?']
[2025-10-23 11:43:42,174] - [INFO] - Replaced:  ['30년', '전쟁의', '승자는', '누구인가', '?']
[2025-10-23 11:43:42,174] - [INFO] - Window:    (tensor([1613,  994, 1112, 2172, 3970]), tensor(1119))
[2025-10-23 11:43:45,103] - [INFO] - Eval Loss: 5.5041 | Perplexity: 245.69 | Accuracy: 22.32% | Top-5 Accuracy: 33.11%
[2025-10-23 11:43:47,988] - [INFO] - Eval Loss: 4.9540 | Perplexity: 141.74 | Accuracy: 24.87% | Top-5 Accuracy: 35.59%
[2025-10-23 11:43:50,876] - [INFO] - Eval Loss: 4.6608 | Perplexity: 105.73 | Accuracy: 25.53% | Top-5 Accuracy: 39.97%
[2025-10-23 11:43:53,754] - [INFO] - Eval Loss: 4.5083 | Perplexity: 90.77 | Accuracy: 25.89% | Top-5 Accuracy: 40.85%
[2025-10-23 11:43:56,645] - [INFO] - Eval Loss: 4.4242 | Perplexity: 83.45 | Accuracy: 26.11% | Top-5 Accuracy: 40.34%
[2025-10-23 11:43:59,531] - [INFO] - Eval Loss: 4.3501 | Perplexity: 77.49 | Accuracy: 26.26% | Top-5 Accuracy: 40.99%
[2025-10-23 11:44:02,414] - [INFO] - Eval Loss: 4.3075 | Perplexity: 74.26 | Accuracy: 26.99% | Top-5 Accuracy: 42.82%
[2025-10-23 11:44:05,297] - [INFO] - Eval Loss: 4.2875 | Perplexity: 72.78 | Accuracy: 27.57% | Top-5 Accuracy: 43.11%
[2025-10-23 11:44:08,176] - [INFO] - Eval Loss: 4.2744 | Perplexity: 71.84 | Accuracy: 27.13% | Top-5 Accuracy: 43.76%
[2025-10-23 11:44:11,058] - [INFO] - Eval Loss: 4.2621 | Perplexity: 70.96 | Accuracy: 27.72% | Top-5 Accuracy: 45.08%
[2025-10-23 11:44:11,058] - [INFO] - 
=== Running combination ===
[2025-10-23 11:44:11,058] - [INFO] - Embed: 256, Hidden: 512, Top fraction: 0.01, Replace: True, Context: 2
[2025-10-23 11:44:12,604] - [INFO] - Train dataset contains 2194 samples
[2025-10-23 11:44:12,604] - [INFO] - Validation dataset contains 228 samples
[2025-10-23 11:44:12,604] - [INFO] - Test dataset contains 356 samples
[2025-10-23 11:44:12,607] - [INFO] - Top 1.00% frequent words (41) out of 4103 total words
[2025-10-23 11:44:12,607] - [INFO] - The fragment to replace is 0.21976210705182672 of the 41 frequent words (5885 out of 12933)
[2025-10-23 11:44:12,635] - [INFO] - Replaced 1308 / 12933 tokens (10.11%)
[2025-10-23 11:44:12,649] - [INFO] - Replaced 152 / 1371 tokens (11.09%)
[2025-10-23 11:44:12,655] - [INFO] - Replaced 213 / 2088 tokens (10.20%)
[2025-10-23 11:44:12,656] - [INFO] - ==== Example Sentence ====
[2025-10-23 11:44:12,656] - [INFO] - Original:  30년 전쟁의 승자는 누구인가?
[2025-10-23 11:44:12,656] - [INFO] - Tokenized: ['30년', '전쟁의', '승자는', '누구인가', '?']
[2025-10-23 11:44:12,656] - [INFO] - Replaced:  ['30년', '전쟁의', '승자는', '누구인가', '?']
[2025-10-23 11:44:12,656] - [INFO] - Window:    (tensor([1613,  994]), tensor(1112))
[2025-10-23 11:44:15,549] - [INFO] - Eval Loss: 5.6865 | Perplexity: 294.86 | Accuracy: 27.94% | Top-5 Accuracy: 55.87%
[2025-10-23 11:44:18,428] - [INFO] - Eval Loss: 4.6701 | Perplexity: 106.70 | Accuracy: 29.83% | Top-5 Accuracy: 57.26%
[2025-10-23 11:44:21,304] - [INFO] - Eval Loss: 4.3664 | Perplexity: 78.76 | Accuracy: 23.56% | Top-5 Accuracy: 57.99%
[2025-10-23 11:44:24,179] - [INFO] - Eval Loss: 4.2170 | Perplexity: 67.83 | Accuracy: 24.65% | Top-5 Accuracy: 58.72%
[2025-10-23 11:44:27,049] - [INFO] - Eval Loss: 4.1446 | Perplexity: 63.09 | Accuracy: 22.83% | Top-5 Accuracy: 59.52%
[2025-10-23 11:44:29,924] - [INFO] - Eval Loss: 4.0942 | Perplexity: 59.99 | Accuracy: 23.63% | Top-5 Accuracy: 60.32%
[2025-10-23 11:44:32,793] - [INFO] - Eval Loss: 4.0907 | Perplexity: 59.78 | Accuracy: 23.85% | Top-5 Accuracy: 60.90%
[2025-10-23 11:44:35,671] - [INFO] - Eval Loss: 4.0767 | Perplexity: 58.95 | Accuracy: 23.12% | Top-5 Accuracy: 61.63%
[2025-10-23 11:44:38,541] - [INFO] - Eval Loss: 4.0500 | Perplexity: 57.40 | Accuracy: 24.51% | Top-5 Accuracy: 62.07%
[2025-10-23 11:44:41,420] - [INFO] - Eval Loss: 4.0620 | Perplexity: 58.09 | Accuracy: 24.51% | Top-5 Accuracy: 62.51%
[2025-10-23 11:44:41,420] - [INFO] - 
=== Running combination ===
[2025-10-23 11:44:41,420] - [INFO] - Embed: 256, Hidden: 512, Top fraction: 0.01, Replace: True, Context: 2
[2025-10-23 11:44:43,463] - [INFO] - Train dataset contains 2194 samples
[2025-10-23 11:44:43,464] - [INFO] - Validation dataset contains 228 samples
[2025-10-23 11:44:43,464] - [INFO] - Test dataset contains 356 samples
[2025-10-23 11:44:43,466] - [INFO] - Top 1.00% frequent words (41) out of 4103 total words
[2025-10-23 11:44:43,466] - [INFO] - The fragment to replace is 0.10988105352591336 of the 41 frequent words (5885 out of 12933)
[2025-10-23 11:44:43,495] - [INFO] - Replaced 642 / 12933 tokens (4.96%)
[2025-10-23 11:44:43,507] - [INFO] - Replaced 75 / 1371 tokens (5.47%)
[2025-10-23 11:44:43,513] - [INFO] - Replaced 111 / 2088 tokens (5.32%)
[2025-10-23 11:44:43,514] - [INFO] - ==== Example Sentence ====
[2025-10-23 11:44:43,514] - [INFO] - Original:  30년 전쟁의 승자는 누구인가?
[2025-10-23 11:44:43,514] - [INFO] - Tokenized: ['30년', '전쟁의', '승자는', '누구인가', '?']
[2025-10-23 11:44:43,514] - [INFO] - Replaced:  ['30년', '전쟁의', '승자는', '누구인가', '?']
[2025-10-23 11:44:43,515] - [INFO] - Window:    (tensor([1613,  994]), tensor(1112))
[2025-10-23 11:44:46,419] - [INFO] - Eval Loss: 6.0424 | Perplexity: 420.91 | Accuracy: 18.31% | Top-5 Accuracy: 52.88%
[2025-10-23 11:44:49,321] - [INFO] - Eval Loss: 4.8238 | Perplexity: 124.44 | Accuracy: 19.26% | Top-5 Accuracy: 56.24%
[2025-10-23 11:44:52,208] - [INFO] - Eval Loss: 4.4925 | Perplexity: 89.34 | Accuracy: 20.20% | Top-5 Accuracy: 57.77%
[2025-10-23 11:44:55,108] - [INFO] - Eval Loss: 4.3154 | Perplexity: 74.85 | Accuracy: 21.81% | Top-5 Accuracy: 58.79%
[2025-10-23 11:44:57,996] - [INFO] - Eval Loss: 4.2408 | Perplexity: 69.47 | Accuracy: 22.10% | Top-5 Accuracy: 59.23%
[2025-10-23 11:45:00,894] - [INFO] - Eval Loss: 4.1827 | Perplexity: 65.54 | Accuracy: 22.25% | Top-5 Accuracy: 59.81%
[2025-10-23 11:45:03,782] - [INFO] - Eval Loss: 4.1652 | Perplexity: 64.41 | Accuracy: 23.49% | Top-5 Accuracy: 60.54%
[2025-10-23 11:45:06,666] - [INFO] - Eval Loss: 4.1475 | Perplexity: 63.27 | Accuracy: 23.63% | Top-5 Accuracy: 54.05%
[2025-10-23 11:45:09,539] - [INFO] - Eval Loss: 4.1251 | Perplexity: 61.87 | Accuracy: 23.78% | Top-5 Accuracy: 54.70%
[2025-10-23 11:45:12,415] - [INFO] - Eval Loss: 4.1286 | Perplexity: 62.09 | Accuracy: 24.22% | Top-5 Accuracy: 54.70%
[2025-10-23 11:45:12,416] - [INFO] - 
=== Running combination ===
[2025-10-23 11:45:12,416] - [INFO] - Embed: 256, Hidden: 512, Top fraction: 0.01, Replace: True, Context: 2
[2025-10-23 11:45:14,023] - [INFO] - Train dataset contains 2194 samples
[2025-10-23 11:45:14,023] - [INFO] - Validation dataset contains 228 samples
[2025-10-23 11:45:14,023] - [INFO] - Test dataset contains 356 samples
[2025-10-23 11:45:14,026] - [INFO] - Top 1.00% frequent words (41) out of 4103 total words
[2025-10-23 11:45:14,026] - [INFO] - The fragment to replace is 0.02197621070518267 of the 41 frequent words (5885 out of 12933)
[2025-10-23 11:45:14,053] - [INFO] - Replaced 121 / 12933 tokens (0.94%)
[2025-10-23 11:45:14,238] - [INFO] - Replaced 15 / 1371 tokens (1.09%)
[2025-10-23 11:45:14,244] - [INFO] - Replaced 22 / 2088 tokens (1.05%)
[2025-10-23 11:45:14,246] - [INFO] - ==== Example Sentence ====
[2025-10-23 11:45:14,246] - [INFO] - Original:  30년 전쟁의 승자는 누구인가?
[2025-10-23 11:45:14,246] - [INFO] - Tokenized: ['30년', '전쟁의', '승자는', '누구인가', '?']
[2025-10-23 11:45:14,246] - [INFO] - Replaced:  ['30년', '전쟁의', '승자는', '누구인가', '?']
[2025-10-23 11:45:14,246] - [INFO] - Window:    (tensor([1613,  994]), tensor(1112))
[2025-10-23 11:45:17,138] - [INFO] - Eval Loss: 6.2636 | Perplexity: 525.08 | Accuracy: 20.86% | Top-5 Accuracy: 31.44%
[2025-10-23 11:45:20,017] - [INFO] - Eval Loss: 5.0952 | Perplexity: 163.24 | Accuracy: 22.03% | Top-5 Accuracy: 33.84%
[2025-10-23 11:45:22,883] - [INFO] - Eval Loss: 4.6882 | Perplexity: 108.66 | Accuracy: 22.61% | Top-5 Accuracy: 34.79%
[2025-10-23 11:45:25,761] - [INFO] - Eval Loss: 4.5147 | Perplexity: 91.35 | Accuracy: 23.05% | Top-5 Accuracy: 36.47%
[2025-10-23 11:45:28,628] - [INFO] - Eval Loss: 4.4248 | Perplexity: 83.49 | Accuracy: 23.85% | Top-5 Accuracy: 37.78%
[2025-10-23 11:45:31,503] - [INFO] - Eval Loss: 4.3612 | Perplexity: 78.35 | Accuracy: 25.16% | Top-5 Accuracy: 42.23%
[2025-10-23 11:45:34,375] - [INFO] - Eval Loss: 4.3277 | Perplexity: 75.77 | Accuracy: 25.38% | Top-5 Accuracy: 42.16%
[2025-10-23 11:45:37,283] - [INFO] - Eval Loss: 4.3062 | Perplexity: 74.16 | Accuracy: 25.53% | Top-5 Accuracy: 43.03%
[2025-10-23 11:45:40,178] - [INFO] - Eval Loss: 4.2890 | Perplexity: 72.89 | Accuracy: 26.26% | Top-5 Accuracy: 44.49%
[2025-10-23 11:45:43,081] - [INFO] - Eval Loss: 4.2837 | Perplexity: 72.51 | Accuracy: 26.55% | Top-5 Accuracy: 45.59%
[2025-10-23 11:45:43,081] - [INFO] - 
=== Running combination ===
[2025-10-23 11:45:43,081] - [INFO] - Embed: 256, Hidden: 512, Top fraction: 0.01, Replace: False, Context: 5
[2025-10-23 11:45:44,740] - [INFO] - Train dataset contains 2194 samples
[2025-10-23 11:45:44,740] - [INFO] - Validation dataset contains 228 samples
[2025-10-23 11:45:44,740] - [INFO] - Test dataset contains 356 samples
[2025-10-23 11:45:44,743] - [INFO] - Top 1.00% frequent words (41) out of 4103 total words
[2025-10-23 11:45:44,743] - [INFO] - The fragment to replace is 31.543902439024393 of the 41 frequent words (41 out of 12933)
[2025-10-23 11:45:44,769] - [INFO] - Replaced 41 / 12933 tokens (0.32%)
[2025-10-23 11:45:44,786] - [INFO] - Replaced 1 / 1371 tokens (0.07%)
[2025-10-23 11:45:44,792] - [INFO] - Replaced 3 / 2088 tokens (0.14%)
[2025-10-23 11:45:44,794] - [INFO] - ==== Example Sentence ====
[2025-10-23 11:45:44,794] - [INFO] - Original:  30년 전쟁의 승자는 누구인가?
[2025-10-23 11:45:44,794] - [INFO] - Tokenized: ['30년', '전쟁의', '승자는', '누구인가', '?']
[2025-10-23 11:45:44,794] - [INFO] - Replaced:  ['30년', '전쟁의', '<UNK', '누구인가', '?']
[2025-10-23 11:45:44,795] - [INFO] - Window:    (tensor([1613,  994, 1112, 1957, 3970]), tensor(1119))
[2025-10-23 11:45:47,715] - [INFO] - Eval Loss: 5.6275 | Perplexity: 277.97 | Accuracy: 23.05% | Top-5 Accuracy: 33.55%
[2025-10-23 11:45:50,616] - [INFO] - Eval Loss: 5.0163 | Perplexity: 150.86 | Accuracy: 25.16% | Top-5 Accuracy: 35.81%
[2025-10-23 11:45:53,517] - [INFO] - Eval Loss: 4.7177 | Perplexity: 111.91 | Accuracy: 27.13% | Top-5 Accuracy: 37.93%
[2025-10-23 11:45:56,418] - [INFO] - Eval Loss: 4.5259 | Perplexity: 92.38 | Accuracy: 26.77% | Top-5 Accuracy: 39.02%
[2025-10-23 11:45:59,321] - [INFO] - Eval Loss: 4.3977 | Perplexity: 81.27 | Accuracy: 26.99% | Top-5 Accuracy: 39.90%
[2025-10-23 11:46:02,228] - [INFO] - Eval Loss: 4.2994 | Perplexity: 73.65 | Accuracy: 27.72% | Top-5 Accuracy: 40.92%
[2025-10-23 11:46:05,130] - [INFO] - Eval Loss: 4.2362 | Perplexity: 69.15 | Accuracy: 29.25% | Top-5 Accuracy: 42.38%
[2025-10-23 11:46:08,029] - [INFO] - Eval Loss: 4.1735 | Perplexity: 64.94 | Accuracy: 29.83% | Top-5 Accuracy: 44.06%
[2025-10-23 11:46:10,928] - [INFO] - Eval Loss: 4.1134 | Perplexity: 61.16 | Accuracy: 29.98% | Top-5 Accuracy: 46.97%
[2025-10-23 11:46:13,827] - [INFO] - Eval Loss: 4.0961 | Perplexity: 60.11 | Accuracy: 30.34% | Top-5 Accuracy: 48.65%
[2025-10-23 11:46:13,827] - [INFO] - 
=== Running combination ===
[2025-10-23 11:46:13,827] - [INFO] - Embed: 256, Hidden: 512, Top fraction: 0.01, Replace: False, Context: 5
[2025-10-23 11:46:15,480] - [INFO] - Train dataset contains 2194 samples
[2025-10-23 11:46:15,480] - [INFO] - Validation dataset contains 228 samples
[2025-10-23 11:46:15,480] - [INFO] - Test dataset contains 356 samples
[2025-10-23 11:46:15,483] - [INFO] - Top 1.00% frequent words (41) out of 4103 total words
[2025-10-23 11:46:15,483] - [INFO] - The fragment to replace is 15.771951219512196 of the 41 frequent words (41 out of 12933)
[2025-10-23 11:46:15,510] - [INFO] - Replaced 41 / 12933 tokens (0.32%)
[2025-10-23 11:46:15,526] - [INFO] - Replaced 1 / 1371 tokens (0.07%)
[2025-10-23 11:46:15,532] - [INFO] - Replaced 3 / 2088 tokens (0.14%)
[2025-10-23 11:46:15,534] - [INFO] - ==== Example Sentence ====
[2025-10-23 11:46:15,534] - [INFO] - Original:  30년 전쟁의 승자는 누구인가?
[2025-10-23 11:46:15,534] - [INFO] - Tokenized: ['30년', '전쟁의', '승자는', '누구인가', '?']
[2025-10-23 11:46:15,534] - [INFO] - Replaced:  ['30년', '전쟁의', '<UNK', '누구인가', '?']
[2025-10-23 11:46:15,535] - [INFO] - Window:    (tensor([1613,  994, 1112, 1957, 3970]), tensor(1119))
[2025-10-23 11:46:18,473] - [INFO] - Eval Loss: 5.6275 | Perplexity: 277.97 | Accuracy: 23.05% | Top-5 Accuracy: 33.55%
[2025-10-23 11:46:21,369] - [INFO] - Eval Loss: 5.0163 | Perplexity: 150.86 | Accuracy: 25.16% | Top-5 Accuracy: 35.81%
[2025-10-23 11:46:24,267] - [INFO] - Eval Loss: 4.7177 | Perplexity: 111.91 | Accuracy: 27.13% | Top-5 Accuracy: 37.93%
[2025-10-23 11:46:27,169] - [INFO] - Eval Loss: 4.5259 | Perplexity: 92.38 | Accuracy: 26.77% | Top-5 Accuracy: 39.02%
[2025-10-23 11:46:30,064] - [INFO] - Eval Loss: 4.3977 | Perplexity: 81.27 | Accuracy: 26.99% | Top-5 Accuracy: 39.90%
[2025-10-23 11:46:33,074] - [INFO] - Eval Loss: 4.2994 | Perplexity: 73.65 | Accuracy: 27.72% | Top-5 Accuracy: 40.92%
[2025-10-23 11:46:35,975] - [INFO] - Eval Loss: 4.2362 | Perplexity: 69.15 | Accuracy: 29.25% | Top-5 Accuracy: 42.38%
[2025-10-23 11:46:38,871] - [INFO] - Eval Loss: 4.1735 | Perplexity: 64.94 | Accuracy: 29.83% | Top-5 Accuracy: 44.06%
[2025-10-23 11:46:41,778] - [INFO] - Eval Loss: 4.1134 | Perplexity: 61.16 | Accuracy: 29.98% | Top-5 Accuracy: 46.97%
[2025-10-23 11:46:44,690] - [INFO] - Eval Loss: 4.0961 | Perplexity: 60.11 | Accuracy: 30.34% | Top-5 Accuracy: 48.65%
[2025-10-23 11:46:44,691] - [INFO] - 
=== Running combination ===
[2025-10-23 11:46:44,691] - [INFO] - Embed: 256, Hidden: 512, Top fraction: 0.01, Replace: False, Context: 5
[2025-10-23 11:46:46,323] - [INFO] - Train dataset contains 2194 samples
[2025-10-23 11:46:46,324] - [INFO] - Validation dataset contains 228 samples
[2025-10-23 11:46:46,324] - [INFO] - Test dataset contains 356 samples
[2025-10-23 11:46:46,326] - [INFO] - Top 1.00% frequent words (41) out of 4103 total words
[2025-10-23 11:46:46,327] - [INFO] - The fragment to replace is 3.1543902439024394 of the 41 frequent words (41 out of 12933)
[2025-10-23 11:46:46,352] - [INFO] - Replaced 41 / 12933 tokens (0.32%)
[2025-10-23 11:46:46,542] - [INFO] - Replaced 1 / 1371 tokens (0.07%)
[2025-10-23 11:46:46,548] - [INFO] - Replaced 3 / 2088 tokens (0.14%)
[2025-10-23 11:46:46,550] - [INFO] - ==== Example Sentence ====
[2025-10-23 11:46:46,550] - [INFO] - Original:  30년 전쟁의 승자는 누구인가?
[2025-10-23 11:46:46,550] - [INFO] - Tokenized: ['30년', '전쟁의', '승자는', '누구인가', '?']
[2025-10-23 11:46:46,550] - [INFO] - Replaced:  ['30년', '전쟁의', '<UNK', '누구인가', '?']
[2025-10-23 11:46:46,551] - [INFO] - Window:    (tensor([1613,  994, 1112, 1957, 3970]), tensor(1119))
[2025-10-23 11:46:49,449] - [INFO] - Eval Loss: 5.6275 | Perplexity: 277.97 | Accuracy: 23.05% | Top-5 Accuracy: 33.55%
[2025-10-23 11:46:52,336] - [INFO] - Eval Loss: 5.0163 | Perplexity: 150.86 | Accuracy: 25.16% | Top-5 Accuracy: 35.81%
[2025-10-23 11:46:55,227] - [INFO] - Eval Loss: 4.7177 | Perplexity: 111.91 | Accuracy: 27.13% | Top-5 Accuracy: 37.93%
[2025-10-23 11:46:58,111] - [INFO] - Eval Loss: 4.5259 | Perplexity: 92.38 | Accuracy: 26.77% | Top-5 Accuracy: 39.02%
[2025-10-23 11:47:00,996] - [INFO] - Eval Loss: 4.3977 | Perplexity: 81.27 | Accuracy: 26.99% | Top-5 Accuracy: 39.90%
[2025-10-23 11:47:03,881] - [INFO] - Eval Loss: 4.2994 | Perplexity: 73.65 | Accuracy: 27.72% | Top-5 Accuracy: 40.92%
[2025-10-23 11:47:06,774] - [INFO] - Eval Loss: 4.2362 | Perplexity: 69.15 | Accuracy: 29.25% | Top-5 Accuracy: 42.38%
[2025-10-23 11:47:09,657] - [INFO] - Eval Loss: 4.1735 | Perplexity: 64.94 | Accuracy: 29.83% | Top-5 Accuracy: 44.06%
[2025-10-23 11:47:12,536] - [INFO] - Eval Loss: 4.1134 | Perplexity: 61.16 | Accuracy: 29.98% | Top-5 Accuracy: 46.97%
[2025-10-23 11:47:15,420] - [INFO] - Eval Loss: 4.0961 | Perplexity: 60.11 | Accuracy: 30.34% | Top-5 Accuracy: 48.65%
[2025-10-23 11:47:15,420] - [INFO] - 
=== Running combination ===
[2025-10-23 11:47:15,421] - [INFO] - Embed: 256, Hidden: 512, Top fraction: 0.01, Replace: False, Context: 2
[2025-10-23 11:47:17,274] - [INFO] - Train dataset contains 2194 samples
[2025-10-23 11:47:17,274] - [INFO] - Validation dataset contains 228 samples
[2025-10-23 11:47:17,274] - [INFO] - Test dataset contains 356 samples
[2025-10-23 11:47:17,277] - [INFO] - Top 1.00% frequent words (41) out of 4103 total words
[2025-10-23 11:47:17,277] - [INFO] - The fragment to replace is 31.543902439024393 of the 41 frequent words (41 out of 12933)
[2025-10-23 11:47:17,303] - [INFO] - Replaced 41 / 12933 tokens (0.32%)
[2025-10-23 11:47:17,316] - [INFO] - Replaced 1 / 1371 tokens (0.07%)
[2025-10-23 11:47:17,321] - [INFO] - Replaced 3 / 2088 tokens (0.14%)
[2025-10-23 11:47:17,323] - [INFO] - ==== Example Sentence ====
[2025-10-23 11:47:17,323] - [INFO] - Original:  30년 전쟁의 승자는 누구인가?
[2025-10-23 11:47:17,323] - [INFO] - Tokenized: ['30년', '전쟁의', '승자는', '누구인가', '?']
[2025-10-23 11:47:17,323] - [INFO] - Replaced:  ['30년', '전쟁의', '<UNK', '누구인가', '?']
[2025-10-23 11:47:17,323] - [INFO] - Window:    (tensor([1613,  994]), tensor(1112))
[2025-10-23 11:47:20,246] - [INFO] - Eval Loss: 6.2674 | Perplexity: 527.12 | Accuracy: 21.23% | Top-5 Accuracy: 31.95%
[2025-10-23 11:47:23,116] - [INFO] - Eval Loss: 5.1545 | Perplexity: 173.21 | Accuracy: 22.39% | Top-5 Accuracy: 34.57%
[2025-10-23 11:47:25,976] - [INFO] - Eval Loss: 4.7446 | Perplexity: 114.96 | Accuracy: 23.27% | Top-5 Accuracy: 35.67%
[2025-10-23 11:47:28,851] - [INFO] - Eval Loss: 4.5279 | Perplexity: 92.56 | Accuracy: 23.85% | Top-5 Accuracy: 37.13%
[2025-10-23 11:47:31,715] - [INFO] - Eval Loss: 4.4008 | Perplexity: 81.51 | Accuracy: 24.95% | Top-5 Accuracy: 38.07%
[2025-10-23 11:47:34,587] - [INFO] - Eval Loss: 4.3094 | Perplexity: 74.40 | Accuracy: 25.82% | Top-5 Accuracy: 38.51%
[2025-10-23 11:47:37,447] - [INFO] - Eval Loss: 4.2455 | Perplexity: 69.79 | Accuracy: 26.04% | Top-5 Accuracy: 43.98%
[2025-10-23 11:47:40,317] - [INFO] - Eval Loss: 4.1908 | Perplexity: 66.08 | Accuracy: 26.77% | Top-5 Accuracy: 45.37%
[2025-10-23 11:47:43,178] - [INFO] - Eval Loss: 4.1485 | Perplexity: 63.34 | Accuracy: 27.13% | Top-5 Accuracy: 46.24%
[2025-10-23 11:47:46,050] - [INFO] - Eval Loss: 4.1136 | Perplexity: 61.16 | Accuracy: 27.50% | Top-5 Accuracy: 47.05%
[2025-10-23 11:47:46,050] - [INFO] - 
=== Running combination ===
[2025-10-23 11:47:46,050] - [INFO] - Embed: 256, Hidden: 512, Top fraction: 0.01, Replace: False, Context: 2
[2025-10-23 11:47:47,667] - [INFO] - Train dataset contains 2194 samples
[2025-10-23 11:47:47,667] - [INFO] - Validation dataset contains 228 samples
[2025-10-23 11:47:47,667] - [INFO] - Test dataset contains 356 samples
[2025-10-23 11:47:47,670] - [INFO] - Top 1.00% frequent words (41) out of 4103 total words
[2025-10-23 11:47:47,670] - [INFO] - The fragment to replace is 15.771951219512196 of the 41 frequent words (41 out of 12933)
[2025-10-23 11:47:47,698] - [INFO] - Replaced 41 / 12933 tokens (0.32%)
[2025-10-23 11:47:47,710] - [INFO] - Replaced 1 / 1371 tokens (0.07%)
[2025-10-23 11:47:47,716] - [INFO] - Replaced 3 / 2088 tokens (0.14%)
[2025-10-23 11:47:47,717] - [INFO] - ==== Example Sentence ====
[2025-10-23 11:47:47,717] - [INFO] - Original:  30년 전쟁의 승자는 누구인가?
[2025-10-23 11:47:47,717] - [INFO] - Tokenized: ['30년', '전쟁의', '승자는', '누구인가', '?']
[2025-10-23 11:47:47,717] - [INFO] - Replaced:  ['30년', '전쟁의', '<UNK', '누구인가', '?']
[2025-10-23 11:47:47,717] - [INFO] - Window:    (tensor([1613,  994]), tensor(1112))
[2025-10-23 11:47:50,621] - [INFO] - Eval Loss: 6.2674 | Perplexity: 527.12 | Accuracy: 21.23% | Top-5 Accuracy: 31.95%
[2025-10-23 11:47:53,520] - [INFO] - Eval Loss: 5.1545 | Perplexity: 173.21 | Accuracy: 22.39% | Top-5 Accuracy: 34.57%
[2025-10-23 11:47:56,401] - [INFO] - Eval Loss: 4.7446 | Perplexity: 114.96 | Accuracy: 23.27% | Top-5 Accuracy: 35.67%
[2025-10-23 11:47:59,301] - [INFO] - Eval Loss: 4.5279 | Perplexity: 92.56 | Accuracy: 23.85% | Top-5 Accuracy: 37.13%
[2025-10-23 11:48:02,181] - [INFO] - Eval Loss: 4.4008 | Perplexity: 81.51 | Accuracy: 24.95% | Top-5 Accuracy: 38.07%
[2025-10-23 11:48:05,075] - [INFO] - Eval Loss: 4.3094 | Perplexity: 74.40 | Accuracy: 25.82% | Top-5 Accuracy: 38.51%
[2025-10-23 11:48:07,958] - [INFO] - Eval Loss: 4.2455 | Perplexity: 69.79 | Accuracy: 26.04% | Top-5 Accuracy: 43.98%
[2025-10-23 11:48:10,852] - [INFO] - Eval Loss: 4.1908 | Perplexity: 66.08 | Accuracy: 26.77% | Top-5 Accuracy: 45.37%
[2025-10-23 11:48:13,735] - [INFO] - Eval Loss: 4.1485 | Perplexity: 63.34 | Accuracy: 27.13% | Top-5 Accuracy: 46.24%
[2025-10-23 11:48:16,628] - [INFO] - Eval Loss: 4.1136 | Perplexity: 61.16 | Accuracy: 27.50% | Top-5 Accuracy: 47.05%
[2025-10-23 11:48:16,629] - [INFO] - 
=== Running combination ===
[2025-10-23 11:48:16,629] - [INFO] - Embed: 256, Hidden: 512, Top fraction: 0.01, Replace: False, Context: 2
[2025-10-23 11:48:18,207] - [INFO] - Train dataset contains 2194 samples
[2025-10-23 11:48:18,207] - [INFO] - Validation dataset contains 228 samples
[2025-10-23 11:48:18,207] - [INFO] - Test dataset contains 356 samples
[2025-10-23 11:48:18,210] - [INFO] - Top 1.00% frequent words (41) out of 4103 total words
[2025-10-23 11:48:18,210] - [INFO] - The fragment to replace is 3.1543902439024394 of the 41 frequent words (41 out of 12933)
[2025-10-23 11:48:18,236] - [INFO] - Replaced 41 / 12933 tokens (0.32%)
[2025-10-23 11:48:18,407] - [INFO] - Replaced 1 / 1371 tokens (0.07%)
[2025-10-23 11:48:18,412] - [INFO] - Replaced 3 / 2088 tokens (0.14%)
[2025-10-23 11:48:18,414] - [INFO] - ==== Example Sentence ====
[2025-10-23 11:48:18,414] - [INFO] - Original:  30년 전쟁의 승자는 누구인가?
[2025-10-23 11:48:18,414] - [INFO] - Tokenized: ['30년', '전쟁의', '승자는', '누구인가', '?']
[2025-10-23 11:48:18,414] - [INFO] - Replaced:  ['30년', '전쟁의', '<UNK', '누구인가', '?']
[2025-10-23 11:48:18,414] - [INFO] - Window:    (tensor([1613,  994]), tensor(1112))
[2025-10-23 11:48:21,321] - [INFO] - Eval Loss: 6.2674 | Perplexity: 527.12 | Accuracy: 21.23% | Top-5 Accuracy: 31.95%
[2025-10-23 11:48:24,207] - [INFO] - Eval Loss: 5.1545 | Perplexity: 173.21 | Accuracy: 22.39% | Top-5 Accuracy: 34.57%
[2025-10-23 11:48:27,087] - [INFO] - Eval Loss: 4.7446 | Perplexity: 114.96 | Accuracy: 23.27% | Top-5 Accuracy: 35.67%
[2025-10-23 11:48:29,979] - [INFO] - Eval Loss: 4.5279 | Perplexity: 92.56 | Accuracy: 23.85% | Top-5 Accuracy: 37.13%
[2025-10-23 11:48:32,859] - [INFO] - Eval Loss: 4.4008 | Perplexity: 81.51 | Accuracy: 24.95% | Top-5 Accuracy: 38.07%
[2025-10-23 11:48:35,748] - [INFO] - Eval Loss: 4.3094 | Perplexity: 74.40 | Accuracy: 25.82% | Top-5 Accuracy: 38.51%
[2025-10-23 11:48:38,631] - [INFO] - Eval Loss: 4.2455 | Perplexity: 69.79 | Accuracy: 26.04% | Top-5 Accuracy: 43.98%
[2025-10-23 11:48:41,517] - [INFO] - Eval Loss: 4.1908 | Perplexity: 66.08 | Accuracy: 26.77% | Top-5 Accuracy: 45.37%
[2025-10-23 11:48:44,398] - [INFO] - Eval Loss: 4.1485 | Perplexity: 63.34 | Accuracy: 27.13% | Top-5 Accuracy: 46.24%
[2025-10-23 11:48:47,288] - [INFO] - Eval Loss: 4.1136 | Perplexity: 61.16 | Accuracy: 27.50% | Top-5 Accuracy: 47.05%
[2025-10-23 11:48:47,288] - [INFO] - 
=== Running combination ===
[2025-10-23 11:48:47,288] - [INFO] - Embed: 256, Hidden: 512, Top fraction: 0.05, Replace: True, Context: 5
[2025-10-23 11:48:48,895] - [INFO] - Train dataset contains 2194 samples
[2025-10-23 11:48:48,895] - [INFO] - Validation dataset contains 228 samples
[2025-10-23 11:48:48,895] - [INFO] - Test dataset contains 356 samples
[2025-10-23 11:48:48,898] - [INFO] - Top 5.00% frequent words (205) out of 4103 total words
[2025-10-23 11:48:48,898] - [INFO] - The fragment to replace is 0.16787383177570095 of the 205 frequent words (7704 out of 12933)
[2025-10-23 11:48:48,926] - [INFO] - Replaced 1334 / 12933 tokens (10.31%)
[2025-10-23 11:48:48,943] - [INFO] - Replaced 134 / 1371 tokens (9.77%)
[2025-10-23 11:48:48,949] - [INFO] - Replaced 178 / 2088 tokens (8.52%)
[2025-10-23 11:48:48,952] - [INFO] - ==== Example Sentence ====
[2025-10-23 11:48:48,952] - [INFO] - Original:  30년 전쟁의 승자는 누구인가?
[2025-10-23 11:48:48,952] - [INFO] - Tokenized: ['30년', '전쟁의', '승자는', '누구인가', '?']
[2025-10-23 11:48:48,952] - [INFO] - Replaced:  ['30년', '전쟁의', '승자는', '누구인가', '?']
[2025-10-23 11:48:48,952] - [INFO] - Window:    (tensor([1613,  994, 1112, 2172, 3970]), tensor(1119))
[2025-10-23 11:48:51,869] - [INFO] - Eval Loss: 4.7664 | Perplexity: 117.50 | Accuracy: 35.74% | Top-5 Accuracy: 58.79%
[2025-10-23 11:48:54,760] - [INFO] - Eval Loss: 4.3486 | Perplexity: 77.37 | Accuracy: 37.86% | Top-5 Accuracy: 60.10%
[2025-10-23 11:48:57,651] - [INFO] - Eval Loss: 4.1861 | Perplexity: 65.77 | Accuracy: 38.22% | Top-5 Accuracy: 60.98%
[2025-10-23 11:49:00,540] - [INFO] - Eval Loss: 4.0644 | Perplexity: 58.23 | Accuracy: 35.16% | Top-5 Accuracy: 61.93%
[2025-10-23 11:49:03,430] - [INFO] - Eval Loss: 3.9860 | Perplexity: 53.84 | Accuracy: 35.16% | Top-5 Accuracy: 61.93%
[2025-10-23 11:49:06,322] - [INFO] - Eval Loss: 3.9198 | Perplexity: 50.39 | Accuracy: 39.82% | Top-5 Accuracy: 62.51%
[2025-10-23 11:49:09,210] - [INFO] - Eval Loss: 3.9351 | Perplexity: 51.17 | Accuracy: 37.05% | Top-5 Accuracy: 62.80%
[2025-10-23 11:49:12,102] - [INFO] - Eval Loss: 3.8952 | Perplexity: 49.16 | Accuracy: 41.36% | Top-5 Accuracy: 62.58%
[2025-10-23 11:49:14,991] - [INFO] - Eval Loss: 3.8325 | Perplexity: 46.18 | Accuracy: 41.28% | Top-5 Accuracy: 63.09%
[2025-10-23 11:49:17,883] - [INFO] - Eval Loss: 3.9098 | Perplexity: 49.89 | Accuracy: 30.56% | Top-5 Accuracy: 63.53%
[2025-10-23 11:49:17,884] - [INFO] - 
=== Running combination ===
[2025-10-23 11:49:17,884] - [INFO] - Embed: 256, Hidden: 512, Top fraction: 0.05, Replace: True, Context: 5
[2025-10-23 11:49:19,648] - [INFO] - Train dataset contains 2194 samples
[2025-10-23 11:49:19,648] - [INFO] - Validation dataset contains 228 samples
[2025-10-23 11:49:19,648] - [INFO] - Test dataset contains 356 samples
[2025-10-23 11:49:19,651] - [INFO] - Top 5.00% frequent words (205) out of 4103 total words
[2025-10-23 11:49:19,651] - [INFO] - The fragment to replace is 0.08393691588785047 of the 205 frequent words (7704 out of 12933)
[2025-10-23 11:49:19,679] - [INFO] - Replaced 634 / 12933 tokens (4.90%)
[2025-10-23 11:49:19,696] - [INFO] - Replaced 63 / 1371 tokens (4.60%)
[2025-10-23 11:49:19,702] - [INFO] - Replaced 73 / 2088 tokens (3.50%)
[2025-10-23 11:49:19,704] - [INFO] - ==== Example Sentence ====
[2025-10-23 11:49:19,704] - [INFO] - Original:  30년 전쟁의 승자는 누구인가?
[2025-10-23 11:49:19,704] - [INFO] - Tokenized: ['30년', '전쟁의', '승자는', '누구인가', '?']
[2025-10-23 11:49:19,704] - [INFO] - Replaced:  ['30년', '전쟁의', '승자는', '누구인가', '?']
[2025-10-23 11:49:19,705] - [INFO] - Window:    (tensor([1613,  994, 1112, 2172, 3970]), tensor(1119))
[2025-10-23 11:49:22,621] - [INFO] - Eval Loss: 5.0566 | Perplexity: 157.06 | Accuracy: 21.66% | Top-5 Accuracy: 55.36%
[2025-10-23 11:49:25,518] - [INFO] - Eval Loss: 4.6035 | Perplexity: 99.84 | Accuracy: 24.36% | Top-5 Accuracy: 57.26%
[2025-10-23 11:49:28,411] - [INFO] - Eval Loss: 4.3621 | Perplexity: 78.42 | Accuracy: 24.51% | Top-5 Accuracy: 59.23%
[2025-10-23 11:49:31,306] - [INFO] - Eval Loss: 4.2263 | Perplexity: 68.47 | Accuracy: 25.60% | Top-5 Accuracy: 60.10%
[2025-10-23 11:49:34,202] - [INFO] - Eval Loss: 4.1596 | Perplexity: 64.05 | Accuracy: 25.09% | Top-5 Accuracy: 60.98%
[2025-10-23 11:49:37,097] - [INFO] - Eval Loss: 4.0677 | Perplexity: 58.42 | Accuracy: 26.70% | Top-5 Accuracy: 61.12%
[2025-10-23 11:49:39,991] - [INFO] - Eval Loss: 4.0468 | Perplexity: 57.22 | Accuracy: 26.33% | Top-5 Accuracy: 61.49%
[2025-10-23 11:49:42,885] - [INFO] - Eval Loss: 4.0127 | Perplexity: 55.30 | Accuracy: 26.62% | Top-5 Accuracy: 61.85%
[2025-10-23 11:49:45,778] - [INFO] - Eval Loss: 3.9513 | Perplexity: 52.00 | Accuracy: 27.21% | Top-5 Accuracy: 62.58%
[2025-10-23 11:49:48,676] - [INFO] - Eval Loss: 3.9915 | Perplexity: 54.14 | Accuracy: 27.64% | Top-5 Accuracy: 62.95%
[2025-10-23 11:49:48,676] - [INFO] - 
=== Running combination ===
[2025-10-23 11:49:48,676] - [INFO] - Embed: 256, Hidden: 512, Top fraction: 0.05, Replace: True, Context: 5
[2025-10-23 11:49:50,280] - [INFO] - Train dataset contains 2194 samples
[2025-10-23 11:49:50,280] - [INFO] - Validation dataset contains 228 samples
[2025-10-23 11:49:50,280] - [INFO] - Test dataset contains 356 samples
[2025-10-23 11:49:50,283] - [INFO] - Top 5.00% frequent words (205) out of 4103 total words
[2025-10-23 11:49:50,283] - [INFO] - The fragment to replace is 0.016787383177570094 of the 205 frequent words (7704 out of 12933)
[2025-10-23 11:49:50,310] - [INFO] - Replaced 123 / 12933 tokens (0.95%)
[2025-10-23 11:49:50,498] - [INFO] - Replaced 13 / 1371 tokens (0.95%)
[2025-10-23 11:49:50,504] - [INFO] - Replaced 14 / 2088 tokens (0.67%)
[2025-10-23 11:49:50,506] - [INFO] - ==== Example Sentence ====
[2025-10-23 11:49:50,506] - [INFO] - Original:  30년 전쟁의 승자는 누구인가?
[2025-10-23 11:49:50,506] - [INFO] - Tokenized: ['30년', '전쟁의', '승자는', '누구인가', '?']
[2025-10-23 11:49:50,506] - [INFO] - Replaced:  ['30년', '전쟁의', '승자는', '누구인가', '?']
[2025-10-23 11:49:50,506] - [INFO] - Window:    (tensor([1613,  994, 1112, 2172, 3970]), tensor(1119))
[2025-10-23 11:49:53,423] - [INFO] - Eval Loss: 5.4664 | Perplexity: 236.60 | Accuracy: 22.47% | Top-5 Accuracy: 33.11%
[2025-10-23 11:49:56,317] - [INFO] - Eval Loss: 4.9289 | Perplexity: 138.23 | Accuracy: 24.73% | Top-5 Accuracy: 35.30%
[2025-10-23 11:49:59,215] - [INFO] - Eval Loss: 4.6410 | Perplexity: 103.65 | Accuracy: 25.60% | Top-5 Accuracy: 39.31%
[2025-10-23 11:50:02,111] - [INFO] - Eval Loss: 4.4735 | Perplexity: 87.67 | Accuracy: 25.82% | Top-5 Accuracy: 40.34%
[2025-10-23 11:50:05,006] - [INFO] - Eval Loss: 4.3745 | Perplexity: 79.40 | Accuracy: 26.11% | Top-5 Accuracy: 40.85%
[2025-10-23 11:50:07,902] - [INFO] - Eval Loss: 4.3010 | Perplexity: 73.78 | Accuracy: 26.48% | Top-5 Accuracy: 41.43%
[2025-10-23 11:50:10,799] - [INFO] - Eval Loss: 4.2676 | Perplexity: 71.35 | Accuracy: 26.91% | Top-5 Accuracy: 42.09%
[2025-10-23 11:50:13,695] - [INFO] - Eval Loss: 4.2164 | Perplexity: 67.79 | Accuracy: 27.28% | Top-5 Accuracy: 42.89%
[2025-10-23 11:50:16,593] - [INFO] - Eval Loss: 4.2054 | Perplexity: 67.05 | Accuracy: 27.57% | Top-5 Accuracy: 43.40%
[2025-10-23 11:50:19,488] - [INFO] - Eval Loss: 4.1911 | Perplexity: 66.09 | Accuracy: 28.45% | Top-5 Accuracy: 43.98%
[2025-10-23 11:50:19,488] - [INFO] - 
=== Running combination ===
[2025-10-23 11:50:19,488] - [INFO] - Embed: 256, Hidden: 512, Top fraction: 0.05, Replace: True, Context: 2
[2025-10-23 11:50:21,678] - [INFO] - Train dataset contains 2194 samples
[2025-10-23 11:50:21,679] - [INFO] - Validation dataset contains 228 samples
[2025-10-23 11:50:21,679] - [INFO] - Test dataset contains 356 samples
[2025-10-23 11:50:21,681] - [INFO] - Top 5.00% frequent words (205) out of 4103 total words
[2025-10-23 11:50:21,682] - [INFO] - The fragment to replace is 0.16787383177570095 of the 205 frequent words (7704 out of 12933)
[2025-10-23 11:50:21,709] - [INFO] - Replaced 1334 / 12933 tokens (10.31%)
[2025-10-23 11:50:21,723] - [INFO] - Replaced 134 / 1371 tokens (9.77%)
[2025-10-23 11:50:21,728] - [INFO] - Replaced 178 / 2088 tokens (8.52%)
[2025-10-23 11:50:21,730] - [INFO] - ==== Example Sentence ====
[2025-10-23 11:50:21,730] - [INFO] - Original:  30년 전쟁의 승자는 누구인가?
[2025-10-23 11:50:21,730] - [INFO] - Tokenized: ['30년', '전쟁의', '승자는', '누구인가', '?']
[2025-10-23 11:50:21,730] - [INFO] - Replaced:  ['30년', '전쟁의', '승자는', '누구인가', '?']
[2025-10-23 11:50:21,730] - [INFO] - Window:    (tensor([1613,  994]), tensor(1112))
[2025-10-23 11:50:23,074] - [INFO] - Eval Loss: 5.4296 | Perplexity: 228.07 | Accuracy: 31.66% | Top-5 Accuracy: 56.31%
[2025-10-23 11:50:24,341] - [INFO] - Eval Loss: 4.5094 | Perplexity: 90.86 | Accuracy: 32.09% | Top-5 Accuracy: 58.35%
[2025-10-23 11:50:25,526] - [INFO] - Eval Loss: 4.1962 | Perplexity: 66.43 | Accuracy: 33.11% | Top-5 Accuracy: 59.23%
[2025-10-23 11:50:26,717] - [INFO] - Eval Loss: 4.0462 | Perplexity: 57.18 | Accuracy: 32.09% | Top-5 Accuracy: 60.69%
[2025-10-23 11:50:27,912] - [INFO] - Eval Loss: 3.9813 | Perplexity: 53.59 | Accuracy: 33.77% | Top-5 Accuracy: 61.12%
[2025-10-23 11:50:29,108] - [INFO] - Eval Loss: 3.9459 | Perplexity: 51.73 | Accuracy: 33.41% | Top-5 Accuracy: 62.00%
[2025-10-23 11:50:30,295] - [INFO] - Eval Loss: 3.9451 | Perplexity: 51.68 | Accuracy: 33.48% | Top-5 Accuracy: 62.22%
[2025-10-23 11:50:31,503] - [INFO] - Eval Loss: 3.9283 | Perplexity: 50.82 | Accuracy: 34.14% | Top-5 Accuracy: 62.44%
[2025-10-23 11:50:32,695] - [INFO] - Eval Loss: 3.9171 | Perplexity: 50.25 | Accuracy: 33.84% | Top-5 Accuracy: 62.73%
[2025-10-23 11:50:33,909] - [INFO] - Eval Loss: 3.9152 | Perplexity: 50.16 | Accuracy: 34.14% | Top-5 Accuracy: 63.02%
[2025-10-23 11:50:33,909] - [INFO] - 
=== Running combination ===
[2025-10-23 11:50:33,909] - [INFO] - Embed: 256, Hidden: 512, Top fraction: 0.05, Replace: True, Context: 2
[2025-10-23 11:50:35,721] - [INFO] - Train dataset contains 2194 samples
[2025-10-23 11:50:35,721] - [INFO] - Validation dataset contains 228 samples
[2025-10-23 11:50:35,721] - [INFO] - Test dataset contains 356 samples
[2025-10-23 11:50:35,724] - [INFO] - Top 5.00% frequent words (205) out of 4103 total words
[2025-10-23 11:50:35,724] - [INFO] - The fragment to replace is 0.08393691588785047 of the 205 frequent words (7704 out of 12933)
[2025-10-23 11:50:35,747] - [INFO] - Replaced 634 / 12933 tokens (4.90%)
[2025-10-23 11:50:35,758] - [INFO] - Replaced 63 / 1371 tokens (4.60%)
[2025-10-23 11:50:35,763] - [INFO] - Replaced 73 / 2088 tokens (3.50%)
[2025-10-23 11:50:35,764] - [INFO] - ==== Example Sentence ====
[2025-10-23 11:50:35,764] - [INFO] - Original:  30년 전쟁의 승자는 누구인가?
[2025-10-23 11:50:35,764] - [INFO] - Tokenized: ['30년', '전쟁의', '승자는', '누구인가', '?']
[2025-10-23 11:50:35,764] - [INFO] - Replaced:  ['30년', '전쟁의', '승자는', '누구인가', '?']
[2025-10-23 11:50:35,765] - [INFO] - Window:    (tensor([1613,  994]), tensor(1112))
[2025-10-23 11:50:36,972] - [INFO] - Eval Loss: 5.9197 | Perplexity: 372.29 | Accuracy: 19.47% | Top-5 Accuracy: 53.03%
[2025-10-23 11:50:38,160] - [INFO] - Eval Loss: 4.7437 | Perplexity: 114.86 | Accuracy: 20.42% | Top-5 Accuracy: 56.02%
[2025-10-23 11:50:39,332] - [INFO] - Eval Loss: 4.4007 | Perplexity: 81.51 | Accuracy: 21.81% | Top-5 Accuracy: 57.40%
[2025-10-23 11:50:40,498] - [INFO] - Eval Loss: 4.2011 | Perplexity: 66.76 | Accuracy: 22.68% | Top-5 Accuracy: 58.64%
[2025-10-23 11:50:41,676] - [INFO] - Eval Loss: 4.1099 | Perplexity: 60.94 | Accuracy: 23.05% | Top-5 Accuracy: 59.52%
[2025-10-23 11:50:42,862] - [INFO] - Eval Loss: 4.0550 | Perplexity: 57.69 | Accuracy: 23.12% | Top-5 Accuracy: 60.03%
[2025-10-23 11:50:44,044] - [INFO] - Eval Loss: 4.0339 | Perplexity: 56.48 | Accuracy: 23.71% | Top-5 Accuracy: 60.47%
[2025-10-23 11:50:45,248] - [INFO] - Eval Loss: 4.0100 | Perplexity: 55.15 | Accuracy: 24.14% | Top-5 Accuracy: 60.76%
[2025-10-23 11:50:46,443] - [INFO] - Eval Loss: 3.9943 | Perplexity: 54.29 | Accuracy: 25.02% | Top-5 Accuracy: 61.27%
[2025-10-23 11:50:47,629] - [INFO] - Eval Loss: 3.9907 | Perplexity: 54.09 | Accuracy: 25.31% | Top-5 Accuracy: 61.63%
[2025-10-23 11:50:47,629] - [INFO] - 
=== Running combination ===
[2025-10-23 11:50:47,629] - [INFO] - Embed: 256, Hidden: 512, Top fraction: 0.05, Replace: True, Context: 2
[2025-10-23 11:50:49,267] - [INFO] - Train dataset contains 2194 samples
[2025-10-23 11:50:49,267] - [INFO] - Validation dataset contains 228 samples
[2025-10-23 11:50:49,267] - [INFO] - Test dataset contains 356 samples
[2025-10-23 11:50:49,270] - [INFO] - Top 5.00% frequent words (205) out of 4103 total words
[2025-10-23 11:50:49,270] - [INFO] - The fragment to replace is 0.016787383177570094 of the 205 frequent words (7704 out of 12933)
[2025-10-23 11:50:49,293] - [INFO] - Replaced 123 / 12933 tokens (0.95%)
[2025-10-23 11:50:49,445] - [INFO] - Replaced 13 / 1371 tokens (0.95%)
[2025-10-23 11:50:49,450] - [INFO] - Replaced 14 / 2088 tokens (0.67%)
[2025-10-23 11:50:49,452] - [INFO] - ==== Example Sentence ====
[2025-10-23 11:50:49,452] - [INFO] - Original:  30년 전쟁의 승자는 누구인가?
[2025-10-23 11:50:49,452] - [INFO] - Tokenized: ['30년', '전쟁의', '승자는', '누구인가', '?']
[2025-10-23 11:50:49,452] - [INFO] - Replaced:  ['30년', '전쟁의', '승자는', '누구인가', '?']
[2025-10-23 11:50:49,452] - [INFO] - Window:    (tensor([1613,  994]), tensor(1112))
[2025-10-23 11:50:50,651] - [INFO] - Eval Loss: 6.2414 | Perplexity: 513.59 | Accuracy: 20.79% | Top-5 Accuracy: 31.44%
[2025-10-23 11:50:51,836] - [INFO] - Eval Loss: 5.0489 | Perplexity: 155.85 | Accuracy: 22.03% | Top-5 Accuracy: 33.92%
[2025-10-23 11:50:53,034] - [INFO] - Eval Loss: 4.6530 | Perplexity: 104.90 | Accuracy: 22.54% | Top-5 Accuracy: 35.30%
[2025-10-23 11:50:54,238] - [INFO] - Eval Loss: 4.4828 | Perplexity: 88.48 | Accuracy: 23.34% | Top-5 Accuracy: 36.91%
[2025-10-23 11:50:55,452] - [INFO] - Eval Loss: 4.3829 | Perplexity: 80.07 | Accuracy: 23.92% | Top-5 Accuracy: 40.70%
[2025-10-23 11:50:56,630] - [INFO] - Eval Loss: 4.3134 | Perplexity: 74.69 | Accuracy: 24.58% | Top-5 Accuracy: 42.16%
[2025-10-23 11:50:57,820] - [INFO] - Eval Loss: 4.2698 | Perplexity: 71.51 | Accuracy: 25.46% | Top-5 Accuracy: 43.47%
[2025-10-23 11:50:59,018] - [INFO] - Eval Loss: 4.2344 | Perplexity: 69.02 | Accuracy: 25.75% | Top-5 Accuracy: 43.40%
[2025-10-23 11:51:00,216] - [INFO] - Eval Loss: 4.2071 | Perplexity: 67.16 | Accuracy: 26.40% | Top-5 Accuracy: 44.78%
[2025-10-23 11:51:01,419] - [INFO] - Eval Loss: 4.1895 | Perplexity: 65.99 | Accuracy: 26.91% | Top-5 Accuracy: 46.17%
[2025-10-23 11:51:01,419] - [INFO] - 
=== Running combination ===
[2025-10-23 11:51:01,419] - [INFO] - Embed: 256, Hidden: 512, Top fraction: 0.05, Replace: False, Context: 5
[2025-10-23 11:51:03,221] - [INFO] - Train dataset contains 2194 samples
[2025-10-23 11:51:03,221] - [INFO] - Validation dataset contains 228 samples
[2025-10-23 11:51:03,221] - [INFO] - Test dataset contains 356 samples
[2025-10-23 11:51:03,223] - [INFO] - Top 5.00% frequent words (205) out of 4103 total words
[2025-10-23 11:51:03,223] - [INFO] - The fragment to replace is 6.308780487804879 of the 205 frequent words (205 out of 12933)
[2025-10-23 11:51:03,245] - [INFO] - Replaced 205 / 12933 tokens (1.59%)
[2025-10-23 11:51:03,260] - [INFO] - Replaced 8 / 1371 tokens (0.58%)
[2025-10-23 11:51:03,265] - [INFO] - Replaced 12 / 2088 tokens (0.57%)
[2025-10-23 11:51:03,267] - [INFO] - ==== Example Sentence ====
[2025-10-23 11:51:03,267] - [INFO] - Original:  30년 전쟁의 승자는 누구인가?
[2025-10-23 11:51:03,267] - [INFO] - Tokenized: ['30년', '전쟁의', '승자는', '누구인가', '?']
[2025-10-23 11:51:03,267] - [INFO] - Replaced:  ['30년', '전쟁의', '<UNK', '누구인가', '?']
[2025-10-23 11:51:03,267] - [INFO] - Window:    (tensor([1613,  994, 1112, 1957, 3970]), tensor(1119))
[2025-10-23 11:51:04,516] - [INFO] - Eval Loss: 5.1035 | Perplexity: 164.59 | Accuracy: 23.19% | Top-5 Accuracy: 49.38%
[2025-10-23 11:51:05,734] - [INFO] - Eval Loss: 4.5142 | Perplexity: 91.31 | Accuracy: 26.33% | Top-5 Accuracy: 55.29%
[2025-10-23 11:51:06,976] - [INFO] - Eval Loss: 4.2013 | Perplexity: 66.77 | Accuracy: 31.58% | Top-5 Accuracy: 57.62%
[2025-10-23 11:51:08,206] - [INFO] - Eval Loss: 4.0643 | Perplexity: 58.22 | Accuracy: 32.46% | Top-5 Accuracy: 57.99%
[2025-10-23 11:51:09,442] - [INFO] - Eval Loss: 3.9533 | Perplexity: 52.11 | Accuracy: 32.82% | Top-5 Accuracy: 58.13%
[2025-10-23 11:51:10,664] - [INFO] - Eval Loss: 3.8803 | Perplexity: 48.44 | Accuracy: 33.84% | Top-5 Accuracy: 58.64%
[2025-10-23 11:51:11,910] - [INFO] - Eval Loss: 3.8432 | Perplexity: 46.67 | Accuracy: 34.65% | Top-5 Accuracy: 59.37%
[2025-10-23 11:51:13,154] - [INFO] - Eval Loss: 3.7835 | Perplexity: 43.97 | Accuracy: 35.08% | Top-5 Accuracy: 60.47%
[2025-10-23 11:51:14,371] - [INFO] - Eval Loss: 3.7523 | Perplexity: 42.62 | Accuracy: 34.65% | Top-5 Accuracy: 60.90%
[2025-10-23 11:51:15,598] - [INFO] - Eval Loss: 3.7350 | Perplexity: 41.89 | Accuracy: 35.74% | Top-5 Accuracy: 61.49%
[2025-10-23 11:51:15,598] - [INFO] - 
=== Running combination ===
[2025-10-23 11:51:15,598] - [INFO] - Embed: 256, Hidden: 512, Top fraction: 0.05, Replace: False, Context: 5
[2025-10-23 11:51:17,170] - [INFO] - Train dataset contains 2194 samples
[2025-10-23 11:51:17,170] - [INFO] - Validation dataset contains 228 samples
[2025-10-23 11:51:17,170] - [INFO] - Test dataset contains 356 samples
[2025-10-23 11:51:17,173] - [INFO] - Top 5.00% frequent words (205) out of 4103 total words
[2025-10-23 11:51:17,173] - [INFO] - The fragment to replace is 3.1543902439024394 of the 205 frequent words (205 out of 12933)
[2025-10-23 11:51:17,195] - [INFO] - Replaced 205 / 12933 tokens (1.59%)
[2025-10-23 11:51:17,209] - [INFO] - Replaced 8 / 1371 tokens (0.58%)
[2025-10-23 11:51:17,214] - [INFO] - Replaced 12 / 2088 tokens (0.57%)
[2025-10-23 11:51:17,216] - [INFO] - ==== Example Sentence ====
[2025-10-23 11:51:17,216] - [INFO] - Original:  30년 전쟁의 승자는 누구인가?
[2025-10-23 11:51:17,216] - [INFO] - Tokenized: ['30년', '전쟁의', '승자는', '누구인가', '?']
[2025-10-23 11:51:17,216] - [INFO] - Replaced:  ['30년', '전쟁의', '<UNK', '누구인가', '?']
[2025-10-23 11:51:17,217] - [INFO] - Window:    (tensor([1613,  994, 1112, 1957, 3970]), tensor(1119))
[2025-10-23 11:51:18,463] - [INFO] - Eval Loss: 5.1035 | Perplexity: 164.59 | Accuracy: 23.19% | Top-5 Accuracy: 49.38%
[2025-10-23 11:51:19,701] - [INFO] - Eval Loss: 4.5142 | Perplexity: 91.31 | Accuracy: 26.33% | Top-5 Accuracy: 55.29%
[2025-10-23 11:51:20,907] - [INFO] - Eval Loss: 4.2013 | Perplexity: 66.77 | Accuracy: 31.58% | Top-5 Accuracy: 57.62%
[2025-10-23 11:51:22,120] - [INFO] - Eval Loss: 4.0643 | Perplexity: 58.22 | Accuracy: 32.46% | Top-5 Accuracy: 57.99%
[2025-10-23 11:51:23,352] - [INFO] - Eval Loss: 3.9533 | Perplexity: 52.11 | Accuracy: 32.82% | Top-5 Accuracy: 58.13%
[2025-10-23 11:51:24,588] - [INFO] - Eval Loss: 3.8803 | Perplexity: 48.44 | Accuracy: 33.84% | Top-5 Accuracy: 58.64%
[2025-10-23 11:51:25,829] - [INFO] - Eval Loss: 3.8432 | Perplexity: 46.67 | Accuracy: 34.65% | Top-5 Accuracy: 59.37%
[2025-10-23 11:51:27,043] - [INFO] - Eval Loss: 3.7835 | Perplexity: 43.97 | Accuracy: 35.08% | Top-5 Accuracy: 60.47%
[2025-10-23 11:51:28,248] - [INFO] - Eval Loss: 3.7523 | Perplexity: 42.62 | Accuracy: 34.65% | Top-5 Accuracy: 60.90%
[2025-10-23 11:51:29,469] - [INFO] - Eval Loss: 3.7350 | Perplexity: 41.89 | Accuracy: 35.74% | Top-5 Accuracy: 61.49%
[2025-10-23 11:51:29,470] - [INFO] - 
=== Running combination ===
[2025-10-23 11:51:29,470] - [INFO] - Embed: 256, Hidden: 512, Top fraction: 0.05, Replace: False, Context: 5
[2025-10-23 11:51:31,045] - [INFO] - Train dataset contains 2194 samples
[2025-10-23 11:51:31,045] - [INFO] - Validation dataset contains 228 samples
[2025-10-23 11:51:31,045] - [INFO] - Test dataset contains 356 samples
[2025-10-23 11:51:31,048] - [INFO] - Top 5.00% frequent words (205) out of 4103 total words
[2025-10-23 11:51:31,048] - [INFO] - The fragment to replace is 0.6308780487804879 of the 205 frequent words (205 out of 12933)
[2025-10-23 11:51:31,075] - [INFO] - Replaced 126 / 12933 tokens (0.97%)
[2025-10-23 11:51:31,253] - [INFO] - Replaced 3 / 1371 tokens (0.22%)
[2025-10-23 11:51:31,259] - [INFO] - Replaced 9 / 2088 tokens (0.43%)
[2025-10-23 11:51:31,261] - [INFO] - ==== Example Sentence ====
[2025-10-23 11:51:31,261] - [INFO] - Original:  30년 전쟁의 승자는 누구인가?
[2025-10-23 11:51:31,261] - [INFO] - Tokenized: ['30년', '전쟁의', '승자는', '누구인가', '?']
[2025-10-23 11:51:31,261] - [INFO] - Replaced:  ['30년', '전쟁의', '<UNK', '누구인가', '?']
[2025-10-23 11:51:31,262] - [INFO] - Window:    (tensor([1613,  994, 1112, 1957, 3970]), tensor(1119))
[2025-10-23 11:51:34,182] - [INFO] - Eval Loss: 5.3373 | Perplexity: 207.94 | Accuracy: 23.12% | Top-5 Accuracy: 33.84%
[2025-10-23 11:51:37,080] - [INFO] - Eval Loss: 4.7596 | Perplexity: 116.70 | Accuracy: 25.24% | Top-5 Accuracy: 41.43%
[2025-10-23 11:51:39,980] - [INFO] - Eval Loss: 4.4514 | Perplexity: 85.75 | Accuracy: 26.91% | Top-5 Accuracy: 53.76%
[2025-10-23 11:51:42,876] - [INFO] - Eval Loss: 4.2780 | Perplexity: 72.10 | Accuracy: 26.62% | Top-5 Accuracy: 55.65%
[2025-10-23 11:51:45,774] - [INFO] - Eval Loss: 4.1338 | Perplexity: 62.42 | Accuracy: 27.72% | Top-5 Accuracy: 49.89%
[2025-10-23 11:51:48,671] - [INFO] - Eval Loss: 4.0388 | Perplexity: 56.76 | Accuracy: 28.96% | Top-5 Accuracy: 57.62%
[2025-10-23 11:51:51,571] - [INFO] - Eval Loss: 3.9867 | Perplexity: 53.88 | Accuracy: 30.12% | Top-5 Accuracy: 58.21%
[2025-10-23 11:51:54,466] - [INFO] - Eval Loss: 3.9066 | Perplexity: 49.73 | Accuracy: 30.85% | Top-5 Accuracy: 59.45%
[2025-10-23 11:51:57,365] - [INFO] - Eval Loss: 3.8594 | Perplexity: 47.43 | Accuracy: 31.36% | Top-5 Accuracy: 60.03%
[2025-10-23 11:52:00,266] - [INFO] - Eval Loss: 3.8400 | Perplexity: 46.52 | Accuracy: 31.87% | Top-5 Accuracy: 60.25%
[2025-10-23 11:52:00,266] - [INFO] - 
=== Running combination ===
[2025-10-23 11:52:00,266] - [INFO] - Embed: 256, Hidden: 512, Top fraction: 0.05, Replace: False, Context: 2
[2025-10-23 11:52:01,917] - [INFO] - Train dataset contains 2194 samples
[2025-10-23 11:52:01,917] - [INFO] - Validation dataset contains 228 samples
[2025-10-23 11:52:01,917] - [INFO] - Test dataset contains 356 samples
[2025-10-23 11:52:01,920] - [INFO] - Top 5.00% frequent words (205) out of 4103 total words
[2025-10-23 11:52:01,920] - [INFO] - The fragment to replace is 6.308780487804879 of the 205 frequent words (205 out of 12933)
[2025-10-23 11:52:01,946] - [INFO] - Replaced 205 / 12933 tokens (1.59%)
[2025-10-23 11:52:01,959] - [INFO] - Replaced 8 / 1371 tokens (0.58%)
[2025-10-23 11:52:01,964] - [INFO] - Replaced 12 / 2088 tokens (0.57%)
[2025-10-23 11:52:01,966] - [INFO] - ==== Example Sentence ====
[2025-10-23 11:52:01,966] - [INFO] - Original:  30년 전쟁의 승자는 누구인가?
[2025-10-23 11:52:01,966] - [INFO] - Tokenized: ['30년', '전쟁의', '승자는', '누구인가', '?']
[2025-10-23 11:52:01,966] - [INFO] - Replaced:  ['30년', '전쟁의', '<UNK', '누구인가', '?']
[2025-10-23 11:52:01,966] - [INFO] - Window:    (tensor([1613,  994]), tensor(1112))
[2025-10-23 11:52:04,883] - [INFO] - Eval Loss: 5.9454 | Perplexity: 382.00 | Accuracy: 21.23% | Top-5 Accuracy: 48.21%
[2025-10-23 11:52:07,781] - [INFO] - Eval Loss: 4.6685 | Perplexity: 106.53 | Accuracy: 22.39% | Top-5 Accuracy: 51.79%
[2025-10-23 11:52:10,676] - [INFO] - Eval Loss: 4.2769 | Perplexity: 72.02 | Accuracy: 25.60% | Top-5 Accuracy: 53.46%
[2025-10-23 11:52:13,573] - [INFO] - Eval Loss: 4.1028 | Perplexity: 60.51 | Accuracy: 28.67% | Top-5 Accuracy: 54.92%
[2025-10-23 11:52:16,467] - [INFO] - Eval Loss: 4.0037 | Perplexity: 54.80 | Accuracy: 29.98% | Top-5 Accuracy: 55.87%
[2025-10-23 11:52:19,351] - [INFO] - Eval Loss: 3.9396 | Perplexity: 51.40 | Accuracy: 31.95% | Top-5 Accuracy: 56.46%
[2025-10-23 11:52:22,226] - [INFO] - Eval Loss: 3.9013 | Perplexity: 49.47 | Accuracy: 32.53% | Top-5 Accuracy: 58.13%
[2025-10-23 11:52:25,103] - [INFO] - Eval Loss: 3.8615 | Perplexity: 47.54 | Accuracy: 33.63% | Top-5 Accuracy: 58.06%
[2025-10-23 11:52:27,980] - [INFO] - Eval Loss: 3.8378 | Perplexity: 46.43 | Accuracy: 34.06% | Top-5 Accuracy: 59.08%
[2025-10-23 11:52:30,862] - [INFO] - Eval Loss: 3.8246 | Perplexity: 45.82 | Accuracy: 34.35% | Top-5 Accuracy: 59.45%
[2025-10-23 11:52:30,862] - [INFO] - 
=== Running combination ===
[2025-10-23 11:52:30,862] - [INFO] - Embed: 256, Hidden: 512, Top fraction: 0.05, Replace: False, Context: 2
[2025-10-23 11:52:32,583] - [INFO] - Train dataset contains 2194 samples
[2025-10-23 11:52:32,584] - [INFO] - Validation dataset contains 228 samples
[2025-10-23 11:52:32,584] - [INFO] - Test dataset contains 356 samples
[2025-10-23 11:52:32,587] - [INFO] - Top 5.00% frequent words (205) out of 4103 total words
[2025-10-23 11:52:32,587] - [INFO] - The fragment to replace is 3.1543902439024394 of the 205 frequent words (205 out of 12933)
[2025-10-23 11:52:32,613] - [INFO] - Replaced 205 / 12933 tokens (1.59%)
[2025-10-23 11:52:32,626] - [INFO] - Replaced 8 / 1371 tokens (0.58%)
[2025-10-23 11:52:32,631] - [INFO] - Replaced 12 / 2088 tokens (0.57%)
[2025-10-23 11:52:32,633] - [INFO] - ==== Example Sentence ====
[2025-10-23 11:52:32,633] - [INFO] - Original:  30년 전쟁의 승자는 누구인가?
[2025-10-23 11:52:32,633] - [INFO] - Tokenized: ['30년', '전쟁의', '승자는', '누구인가', '?']
[2025-10-23 11:52:32,633] - [INFO] - Replaced:  ['30년', '전쟁의', '<UNK', '누구인가', '?']
[2025-10-23 11:52:32,633] - [INFO] - Window:    (tensor([1613,  994]), tensor(1112))
[2025-10-23 11:52:35,519] - [INFO] - Eval Loss: 5.9454 | Perplexity: 382.00 | Accuracy: 21.23% | Top-5 Accuracy: 48.21%
[2025-10-23 11:52:38,388] - [INFO] - Eval Loss: 4.6685 | Perplexity: 106.53 | Accuracy: 22.39% | Top-5 Accuracy: 51.79%
[2025-10-23 11:52:41,253] - [INFO] - Eval Loss: 4.2769 | Perplexity: 72.02 | Accuracy: 25.60% | Top-5 Accuracy: 53.46%
[2025-10-23 11:52:44,120] - [INFO] - Eval Loss: 4.1028 | Perplexity: 60.51 | Accuracy: 28.67% | Top-5 Accuracy: 54.92%
[2025-10-23 11:52:46,991] - [INFO] - Eval Loss: 4.0037 | Perplexity: 54.80 | Accuracy: 29.98% | Top-5 Accuracy: 55.87%
[2025-10-23 11:52:49,860] - [INFO] - Eval Loss: 3.9396 | Perplexity: 51.40 | Accuracy: 31.95% | Top-5 Accuracy: 56.46%
[2025-10-23 11:52:52,725] - [INFO] - Eval Loss: 3.9013 | Perplexity: 49.47 | Accuracy: 32.53% | Top-5 Accuracy: 58.13%
[2025-10-23 11:52:55,592] - [INFO] - Eval Loss: 3.8615 | Perplexity: 47.54 | Accuracy: 33.63% | Top-5 Accuracy: 58.06%
[2025-10-23 11:52:58,457] - [INFO] - Eval Loss: 3.8378 | Perplexity: 46.43 | Accuracy: 34.06% | Top-5 Accuracy: 59.08%
[2025-10-23 11:53:01,327] - [INFO] - Eval Loss: 3.8246 | Perplexity: 45.82 | Accuracy: 34.35% | Top-5 Accuracy: 59.45%
[2025-10-23 11:53:01,327] - [INFO] - 
=== Running combination ===
[2025-10-23 11:53:01,327] - [INFO] - Embed: 256, Hidden: 512, Top fraction: 0.05, Replace: False, Context: 2
[2025-10-23 11:53:03,085] - [INFO] - Train dataset contains 2194 samples
[2025-10-23 11:53:03,086] - [INFO] - Validation dataset contains 228 samples
[2025-10-23 11:53:03,086] - [INFO] - Test dataset contains 356 samples
[2025-10-23 11:53:03,088] - [INFO] - Top 5.00% frequent words (205) out of 4103 total words
[2025-10-23 11:53:03,088] - [INFO] - The fragment to replace is 0.6308780487804879 of the 205 frequent words (205 out of 12933)
[2025-10-23 11:53:03,116] - [INFO] - Replaced 126 / 12933 tokens (0.97%)
[2025-10-23 11:53:03,128] - [INFO] - Replaced 3 / 1371 tokens (0.22%)
[2025-10-23 11:53:03,305] - [INFO] - Replaced 9 / 2088 tokens (0.43%)
[2025-10-23 11:53:03,307] - [INFO] - ==== Example Sentence ====
[2025-10-23 11:53:03,307] - [INFO] - Original:  30년 전쟁의 승자는 누구인가?
[2025-10-23 11:53:03,307] - [INFO] - Tokenized: ['30년', '전쟁의', '승자는', '누구인가', '?']
[2025-10-23 11:53:03,307] - [INFO] - Replaced:  ['30년', '전쟁의', '<UNK', '누구인가', '?']
[2025-10-23 11:53:03,307] - [INFO] - Window:    (tensor([1613,  994]), tensor(1112))
[2025-10-23 11:53:06,195] - [INFO] - Eval Loss: 6.1163 | Perplexity: 453.17 | Accuracy: 21.23% | Top-5 Accuracy: 34.43%
[2025-10-23 11:53:09,069] - [INFO] - Eval Loss: 4.9152 | Perplexity: 136.35 | Accuracy: 22.39% | Top-5 Accuracy: 37.78%
[2025-10-23 11:53:11,934] - [INFO] - Eval Loss: 4.4967 | Perplexity: 89.72 | Accuracy: 23.27% | Top-5 Accuracy: 46.97%
[2025-10-23 11:53:14,806] - [INFO] - Eval Loss: 4.2888 | Perplexity: 72.88 | Accuracy: 24.00% | Top-5 Accuracy: 51.79%
[2025-10-23 11:53:17,672] - [INFO] - Eval Loss: 4.1654 | Perplexity: 64.42 | Accuracy: 24.43% | Top-5 Accuracy: 52.74%
[2025-10-23 11:53:20,547] - [INFO] - Eval Loss: 4.0769 | Perplexity: 58.96 | Accuracy: 26.04% | Top-5 Accuracy: 54.41%
[2025-10-23 11:53:23,413] - [INFO] - Eval Loss: 4.0192 | Perplexity: 55.66 | Accuracy: 26.26% | Top-5 Accuracy: 56.24%
[2025-10-23 11:53:26,285] - [INFO] - Eval Loss: 3.9689 | Perplexity: 52.92 | Accuracy: 29.10% | Top-5 Accuracy: 56.38%
[2025-10-23 11:53:29,238] - [INFO] - Eval Loss: 3.9318 | Perplexity: 51.00 | Accuracy: 29.61% | Top-5 Accuracy: 57.40%
[2025-10-23 11:53:32,110] - [INFO] - Eval Loss: 3.9133 | Perplexity: 50.07 | Accuracy: 31.80% | Top-5 Accuracy: 58.06%
[2025-10-23 11:53:32,111] - [INFO] - 
=== Running combination ===
[2025-10-23 11:53:32,111] - [INFO] - Embed: 256, Hidden: 512, Top fraction: 0.1, Replace: True, Context: 5
[2025-10-23 11:53:33,812] - [INFO] - Train dataset contains 2194 samples
[2025-10-23 11:53:33,812] - [INFO] - Validation dataset contains 228 samples
[2025-10-23 11:53:33,812] - [INFO] - Test dataset contains 356 samples
[2025-10-23 11:53:33,815] - [INFO] - Top 10.00% frequent words (410) out of 4103 total words
[2025-10-23 11:53:33,815] - [INFO] - The fragment to replace is 0.1521708436286622 of the 410 frequent words (8499 out of 12933)
[2025-10-23 11:53:33,843] - [INFO] - Replaced 1334 / 12933 tokens (10.31%)
[2025-10-23 11:53:33,860] - [INFO] - Replaced 114 / 1371 tokens (8.32%)
[2025-10-23 11:53:33,866] - [INFO] - Replaced 200 / 2088 tokens (9.58%)
[2025-10-23 11:53:33,868] - [INFO] - ==== Example Sentence ====
[2025-10-23 11:53:33,868] - [INFO] - Original:  30년 전쟁의 승자는 누구인가?
[2025-10-23 11:53:33,868] - [INFO] - Tokenized: ['30년', '전쟁의', '승자는', '누구인가', '?']
[2025-10-23 11:53:33,868] - [INFO] - Replaced:  ['30년', '전쟁의', '승자는', '누구인가', '<UNK']
[2025-10-23 11:53:33,869] - [INFO] - Window:    (tensor([1613,  994, 1112, 2172, 3970]), tensor(1957))
[2025-10-23 11:53:36,785] - [INFO] - Eval Loss: 4.7573 | Perplexity: 116.44 | Accuracy: 35.38% | Top-5 Accuracy: 59.30%
[2025-10-23 11:53:39,682] - [INFO] - Eval Loss: 4.3360 | Perplexity: 76.40 | Accuracy: 36.98% | Top-5 Accuracy: 59.96%
[2025-10-23 11:53:42,579] - [INFO] - Eval Loss: 4.1361 | Perplexity: 62.56 | Accuracy: 38.80% | Top-5 Accuracy: 61.20%
[2025-10-23 11:53:45,471] - [INFO] - Eval Loss: 4.0207 | Perplexity: 55.74 | Accuracy: 39.24% | Top-5 Accuracy: 61.85%
[2025-10-23 11:53:48,363] - [INFO] - Eval Loss: 3.9595 | Perplexity: 52.43 | Accuracy: 36.18% | Top-5 Accuracy: 62.44%
[2025-10-23 11:53:51,257] - [INFO] - Eval Loss: 3.9039 | Perplexity: 49.60 | Accuracy: 37.13% | Top-5 Accuracy: 62.73%
[2025-10-23 11:53:54,155] - [INFO] - Eval Loss: 3.9251 | Perplexity: 50.66 | Accuracy: 35.16% | Top-5 Accuracy: 62.80%
[2025-10-23 11:53:57,050] - [INFO] - Eval Loss: 3.8560 | Perplexity: 47.28 | Accuracy: 38.29% | Top-5 Accuracy: 63.38%
[2025-10-23 11:53:59,945] - [INFO] - Eval Loss: 3.7912 | Perplexity: 44.31 | Accuracy: 38.51% | Top-5 Accuracy: 64.41%
[2025-10-23 11:54:02,841] - [INFO] - Eval Loss: 3.8220 | Perplexity: 45.69 | Accuracy: 41.43% | Top-5 Accuracy: 64.48%
[2025-10-23 11:54:02,841] - [INFO] - 
=== Running combination ===
[2025-10-23 11:54:02,841] - [INFO] - Embed: 256, Hidden: 512, Top fraction: 0.1, Replace: True, Context: 5
[2025-10-23 11:54:04,403] - [INFO] - Train dataset contains 2194 samples
[2025-10-23 11:54:04,403] - [INFO] - Validation dataset contains 228 samples
[2025-10-23 11:54:04,403] - [INFO] - Test dataset contains 356 samples
[2025-10-23 11:54:04,406] - [INFO] - Top 10.00% frequent words (410) out of 4103 total words
[2025-10-23 11:54:04,406] - [INFO] - The fragment to replace is 0.0760854218143311 of the 410 frequent words (8499 out of 12933)
[2025-10-23 11:54:04,433] - [INFO] - Replaced 621 / 12933 tokens (4.80%)
[2025-10-23 11:54:04,450] - [INFO] - Replaced 49 / 1371 tokens (3.57%)
[2025-10-23 11:54:04,456] - [INFO] - Replaced 92 / 2088 tokens (4.41%)
[2025-10-23 11:54:04,458] - [INFO] - ==== Example Sentence ====
[2025-10-23 11:54:04,458] - [INFO] - Original:  30년 전쟁의 승자는 누구인가?
[2025-10-23 11:54:04,458] - [INFO] - Tokenized: ['30년', '전쟁의', '승자는', '누구인가', '?']
[2025-10-23 11:54:04,458] - [INFO] - Replaced:  ['30년', '전쟁의', '승자는', '누구인가', '<UNK']
[2025-10-23 11:54:04,459] - [INFO] - Window:    (tensor([1613,  994, 1112, 2172, 3970]), tensor(1957))
[2025-10-23 11:54:07,374] - [INFO] - Eval Loss: 5.0117 | Perplexity: 150.16 | Accuracy: 22.61% | Top-5 Accuracy: 55.73%
[2025-10-23 11:54:10,267] - [INFO] - Eval Loss: 4.5338 | Perplexity: 93.11 | Accuracy: 25.09% | Top-5 Accuracy: 58.06%
[2025-10-23 11:54:13,160] - [INFO] - Eval Loss: 4.3107 | Perplexity: 74.50 | Accuracy: 24.95% | Top-5 Accuracy: 59.74%
[2025-10-23 11:54:16,057] - [INFO] - Eval Loss: 4.1557 | Perplexity: 63.80 | Accuracy: 26.40% | Top-5 Accuracy: 60.32%
[2025-10-23 11:54:18,953] - [INFO] - Eval Loss: 4.0752 | Perplexity: 58.86 | Accuracy: 26.26% | Top-5 Accuracy: 61.12%
[2025-10-23 11:54:21,846] - [INFO] - Eval Loss: 4.0237 | Perplexity: 55.91 | Accuracy: 26.84% | Top-5 Accuracy: 61.27%
[2025-10-23 11:54:24,743] - [INFO] - Eval Loss: 4.0059 | Perplexity: 54.92 | Accuracy: 26.48% | Top-5 Accuracy: 61.85%
[2025-10-23 11:54:27,636] - [INFO] - Eval Loss: 3.9469 | Perplexity: 51.77 | Accuracy: 27.57% | Top-5 Accuracy: 62.65%
[2025-10-23 11:54:30,528] - [INFO] - Eval Loss: 3.8934 | Perplexity: 49.08 | Accuracy: 28.67% | Top-5 Accuracy: 62.73%
[2025-10-23 11:54:33,424] - [INFO] - Eval Loss: 3.8968 | Perplexity: 49.24 | Accuracy: 29.18% | Top-5 Accuracy: 63.17%
[2025-10-23 11:54:33,424] - [INFO] - 
=== Running combination ===
[2025-10-23 11:54:33,424] - [INFO] - Embed: 256, Hidden: 512, Top fraction: 0.1, Replace: True, Context: 5
[2025-10-23 11:54:35,307] - [INFO] - Train dataset contains 2194 samples
[2025-10-23 11:54:35,307] - [INFO] - Validation dataset contains 228 samples
[2025-10-23 11:54:35,307] - [INFO] - Test dataset contains 356 samples
[2025-10-23 11:54:35,310] - [INFO] - Top 10.00% frequent words (410) out of 4103 total words
[2025-10-23 11:54:35,310] - [INFO] - The fragment to replace is 0.01521708436286622 of the 410 frequent words (8499 out of 12933)
[2025-10-23 11:54:35,337] - [INFO] - Replaced 124 / 12933 tokens (0.96%)
[2025-10-23 11:54:35,355] - [INFO] - Replaced 9 / 1371 tokens (0.66%)
[2025-10-23 11:54:35,361] - [INFO] - Replaced 19 / 2088 tokens (0.91%)
[2025-10-23 11:54:35,363] - [INFO] - ==== Example Sentence ====
[2025-10-23 11:54:35,363] - [INFO] - Original:  30년 전쟁의 승자는 누구인가?
[2025-10-23 11:54:35,363] - [INFO] - Tokenized: ['30년', '전쟁의', '승자는', '누구인가', '?']
[2025-10-23 11:54:35,363] - [INFO] - Replaced:  ['30년', '전쟁의', '승자는', '누구인가', '?']
[2025-10-23 11:54:35,363] - [INFO] - Window:    (tensor([1613,  994, 1112, 2172, 3970]), tensor(1119))
[2025-10-23 11:54:36,738] - [INFO] - Eval Loss: 5.4571 | Perplexity: 234.42 | Accuracy: 22.68% | Top-5 Accuracy: 33.33%
[2025-10-23 11:54:37,999] - [INFO] - Eval Loss: 4.8873 | Perplexity: 132.59 | Accuracy: 25.02% | Top-5 Accuracy: 35.96%
[2025-10-23 11:54:39,233] - [INFO] - Eval Loss: 4.6216 | Perplexity: 101.65 | Accuracy: 26.62% | Top-5 Accuracy: 39.46%
[2025-10-23 11:54:40,465] - [INFO] - Eval Loss: 4.4412 | Perplexity: 84.88 | Accuracy: 26.26% | Top-5 Accuracy: 41.94%
[2025-10-23 11:54:41,682] - [INFO] - Eval Loss: 4.3511 | Perplexity: 77.56 | Accuracy: 26.55% | Top-5 Accuracy: 41.94%
[2025-10-23 11:54:42,910] - [INFO] - Eval Loss: 4.2866 | Perplexity: 72.72 | Accuracy: 27.21% | Top-5 Accuracy: 41.58%
[2025-10-23 11:54:44,141] - [INFO] - Eval Loss: 4.2488 | Perplexity: 70.02 | Accuracy: 27.86% | Top-5 Accuracy: 42.45%
[2025-10-23 11:54:45,365] - [INFO] - Eval Loss: 4.1941 | Perplexity: 66.29 | Accuracy: 28.88% | Top-5 Accuracy: 44.57%
[2025-10-23 11:54:46,563] - [INFO] - Eval Loss: 4.1810 | Perplexity: 65.43 | Accuracy: 28.15% | Top-5 Accuracy: 44.20%
[2025-10-23 11:54:47,786] - [INFO] - Eval Loss: 4.1686 | Perplexity: 64.62 | Accuracy: 29.91% | Top-5 Accuracy: 44.86%
[2025-10-23 11:54:47,786] - [INFO] - 
=== Running combination ===
[2025-10-23 11:54:47,786] - [INFO] - Embed: 256, Hidden: 512, Top fraction: 0.1, Replace: True, Context: 2
[2025-10-23 11:54:49,707] - [INFO] - Train dataset contains 2194 samples
[2025-10-23 11:54:49,707] - [INFO] - Validation dataset contains 228 samples
[2025-10-23 11:54:49,707] - [INFO] - Test dataset contains 356 samples
[2025-10-23 11:54:49,709] - [INFO] - Top 10.00% frequent words (410) out of 4103 total words
[2025-10-23 11:54:49,709] - [INFO] - The fragment to replace is 0.1521708436286622 of the 410 frequent words (8499 out of 12933)
[2025-10-23 11:54:49,881] - [INFO] - Replaced 1334 / 12933 tokens (10.31%)
[2025-10-23 11:54:49,892] - [INFO] - Replaced 114 / 1371 tokens (8.32%)
[2025-10-23 11:54:49,897] - [INFO] - Replaced 200 / 2088 tokens (9.58%)
[2025-10-23 11:54:49,899] - [INFO] - ==== Example Sentence ====
[2025-10-23 11:54:49,899] - [INFO] - Original:  30년 전쟁의 승자는 누구인가?
[2025-10-23 11:54:49,899] - [INFO] - Tokenized: ['30년', '전쟁의', '승자는', '누구인가', '?']
[2025-10-23 11:54:49,899] - [INFO] - Replaced:  ['30년', '전쟁의', '승자는', '누구인가', '<UNK']
[2025-10-23 11:54:49,899] - [INFO] - Window:    (tensor([1613,  994]), tensor(1112))
[2025-10-23 11:54:52,790] - [INFO] - Eval Loss: 5.4318 | Perplexity: 228.56 | Accuracy: 31.66% | Top-5 Accuracy: 56.38%
[2025-10-23 11:54:55,667] - [INFO] - Eval Loss: 4.4919 | Perplexity: 89.29 | Accuracy: 31.58% | Top-5 Accuracy: 58.13%
[2025-10-23 11:54:58,541] - [INFO] - Eval Loss: 4.1754 | Perplexity: 65.06 | Accuracy: 33.19% | Top-5 Accuracy: 59.30%
[2025-10-23 11:55:01,421] - [INFO] - Eval Loss: 4.0255 | Perplexity: 56.01 | Accuracy: 33.26% | Top-5 Accuracy: 60.47%
[2025-10-23 11:55:04,299] - [INFO] - Eval Loss: 3.9632 | Perplexity: 52.63 | Accuracy: 34.21% | Top-5 Accuracy: 60.76%
[2025-10-23 11:55:07,181] - [INFO] - Eval Loss: 3.9227 | Perplexity: 50.54 | Accuracy: 35.01% | Top-5 Accuracy: 61.34%
[2025-10-23 11:55:10,059] - [INFO] - Eval Loss: 3.9021 | Perplexity: 49.51 | Accuracy: 34.65% | Top-5 Accuracy: 61.71%
[2025-10-23 11:55:12,943] - [INFO] - Eval Loss: 3.8977 | Perplexity: 49.29 | Accuracy: 34.65% | Top-5 Accuracy: 62.22%
[2025-10-23 11:55:15,820] - [INFO] - Eval Loss: 3.8751 | Perplexity: 48.19 | Accuracy: 35.74% | Top-5 Accuracy: 62.65%
[2025-10-23 11:55:18,705] - [INFO] - Eval Loss: 3.8867 | Perplexity: 48.75 | Accuracy: 36.03% | Top-5 Accuracy: 63.31%
[2025-10-23 11:55:18,706] - [INFO] - 
=== Running combination ===
[2025-10-23 11:55:18,706] - [INFO] - Embed: 256, Hidden: 512, Top fraction: 0.1, Replace: True, Context: 2
[2025-10-23 11:55:20,337] - [INFO] - Train dataset contains 2194 samples
[2025-10-23 11:55:20,337] - [INFO] - Validation dataset contains 228 samples
[2025-10-23 11:55:20,337] - [INFO] - Test dataset contains 356 samples
[2025-10-23 11:55:20,340] - [INFO] - Top 10.00% frequent words (410) out of 4103 total words
[2025-10-23 11:55:20,340] - [INFO] - The fragment to replace is 0.0760854218143311 of the 410 frequent words (8499 out of 12933)
[2025-10-23 11:55:20,368] - [INFO] - Replaced 621 / 12933 tokens (4.80%)
[2025-10-23 11:55:20,381] - [INFO] - Replaced 49 / 1371 tokens (3.57%)
[2025-10-23 11:55:20,387] - [INFO] - Replaced 92 / 2088 tokens (4.41%)
[2025-10-23 11:55:20,389] - [INFO] - ==== Example Sentence ====
[2025-10-23 11:55:20,389] - [INFO] - Original:  30년 전쟁의 승자는 누구인가?
[2025-10-23 11:55:20,389] - [INFO] - Tokenized: ['30년', '전쟁의', '승자는', '누구인가', '?']
[2025-10-23 11:55:20,389] - [INFO] - Replaced:  ['30년', '전쟁의', '승자는', '누구인가', '<UNK']
[2025-10-23 11:55:20,389] - [INFO] - Window:    (tensor([1613,  994]), tensor(1112))
[2025-10-23 11:55:23,284] - [INFO] - Eval Loss: 5.8767 | Perplexity: 356.62 | Accuracy: 20.06% | Top-5 Accuracy: 53.32%
[2025-10-23 11:55:26,169] - [INFO] - Eval Loss: 4.6886 | Perplexity: 108.70 | Accuracy: 21.15% | Top-5 Accuracy: 56.46%
[2025-10-23 11:55:29,046] - [INFO] - Eval Loss: 4.3424 | Perplexity: 76.90 | Accuracy: 22.90% | Top-5 Accuracy: 57.70%
[2025-10-23 11:55:31,934] - [INFO] - Eval Loss: 4.1515 | Perplexity: 63.53 | Accuracy: 24.29% | Top-5 Accuracy: 58.64%
[2025-10-23 11:55:34,811] - [INFO] - Eval Loss: 4.0723 | Perplexity: 58.69 | Accuracy: 24.51% | Top-5 Accuracy: 58.94%
[2025-10-23 11:55:37,701] - [INFO] - Eval Loss: 4.0241 | Perplexity: 55.93 | Accuracy: 24.87% | Top-5 Accuracy: 60.03%
[2025-10-23 11:55:40,578] - [INFO] - Eval Loss: 3.9945 | Perplexity: 54.30 | Accuracy: 25.46% | Top-5 Accuracy: 60.61%
[2025-10-23 11:55:43,575] - [INFO] - Eval Loss: 3.9715 | Perplexity: 53.07 | Accuracy: 25.89% | Top-5 Accuracy: 60.90%
[2025-10-23 11:55:46,598] - [INFO] - Eval Loss: 3.9564 | Perplexity: 52.27 | Accuracy: 26.91% | Top-5 Accuracy: 61.27%
[2025-10-23 11:55:49,481] - [INFO] - Eval Loss: 3.9639 | Perplexity: 52.66 | Accuracy: 26.77% | Top-5 Accuracy: 62.22%
[2025-10-23 11:55:49,481] - [INFO] - 
=== Running combination ===
[2025-10-23 11:55:49,481] - [INFO] - Embed: 256, Hidden: 512, Top fraction: 0.1, Replace: True, Context: 2
[2025-10-23 11:55:51,049] - [INFO] - Train dataset contains 2194 samples
[2025-10-23 11:55:51,050] - [INFO] - Validation dataset contains 228 samples
[2025-10-23 11:55:51,050] - [INFO] - Test dataset contains 356 samples
[2025-10-23 11:55:51,053] - [INFO] - Top 10.00% frequent words (410) out of 4103 total words
[2025-10-23 11:55:51,053] - [INFO] - The fragment to replace is 0.01521708436286622 of the 410 frequent words (8499 out of 12933)
[2025-10-23 11:55:51,081] - [INFO] - Replaced 124 / 12933 tokens (0.96%)
[2025-10-23 11:55:51,093] - [INFO] - Replaced 9 / 1371 tokens (0.66%)
[2025-10-23 11:55:51,099] - [INFO] - Replaced 19 / 2088 tokens (0.91%)
[2025-10-23 11:55:51,100] - [INFO] - ==== Example Sentence ====
[2025-10-23 11:55:51,100] - [INFO] - Original:  30년 전쟁의 승자는 누구인가?
[2025-10-23 11:55:51,100] - [INFO] - Tokenized: ['30년', '전쟁의', '승자는', '누구인가', '?']
[2025-10-23 11:55:51,100] - [INFO] - Replaced:  ['30년', '전쟁의', '승자는', '누구인가', '?']
[2025-10-23 11:55:51,101] - [INFO] - Window:    (tensor([1613,  994]), tensor(1112))
[2025-10-23 11:55:54,002] - [INFO] - Eval Loss: 6.2252 | Perplexity: 505.30 | Accuracy: 21.01% | Top-5 Accuracy: 31.80%
[2025-10-23 11:55:56,894] - [INFO] - Eval Loss: 5.0431 | Perplexity: 154.94 | Accuracy: 22.17% | Top-5 Accuracy: 34.28%
[2025-10-23 11:55:59,760] - [INFO] - Eval Loss: 4.6387 | Perplexity: 103.41 | Accuracy: 22.76% | Top-5 Accuracy: 35.45%
[2025-10-23 11:56:02,641] - [INFO] - Eval Loss: 4.4550 | Perplexity: 86.05 | Accuracy: 23.63% | Top-5 Accuracy: 37.35%
[2025-10-23 11:56:05,507] - [INFO] - Eval Loss: 4.3561 | Perplexity: 77.95 | Accuracy: 24.22% | Top-5 Accuracy: 39.17%
[2025-10-23 11:56:08,388] - [INFO] - Eval Loss: 4.2844 | Perplexity: 72.56 | Accuracy: 25.16% | Top-5 Accuracy: 40.77%
[2025-10-23 11:56:11,253] - [INFO] - Eval Loss: 4.2437 | Perplexity: 69.67 | Accuracy: 25.67% | Top-5 Accuracy: 41.21%
[2025-10-23 11:56:14,134] - [INFO] - Eval Loss: 4.2135 | Perplexity: 67.59 | Accuracy: 25.89% | Top-5 Accuracy: 42.45%
[2025-10-23 11:56:17,018] - [INFO] - Eval Loss: 4.1937 | Perplexity: 66.27 | Accuracy: 26.40% | Top-5 Accuracy: 45.37%
[2025-10-23 11:56:19,915] - [INFO] - Eval Loss: 4.1851 | Perplexity: 65.70 | Accuracy: 27.06% | Top-5 Accuracy: 45.73%
[2025-10-23 11:56:19,915] - [INFO] - 
=== Running combination ===
[2025-10-23 11:56:19,915] - [INFO] - Embed: 256, Hidden: 512, Top fraction: 0.1, Replace: False, Context: 5
[2025-10-23 11:56:21,628] - [INFO] - Train dataset contains 2194 samples
[2025-10-23 11:56:21,628] - [INFO] - Validation dataset contains 228 samples
[2025-10-23 11:56:21,628] - [INFO] - Test dataset contains 356 samples
[2025-10-23 11:56:21,631] - [INFO] - Top 10.00% frequent words (410) out of 4103 total words
[2025-10-23 11:56:21,631] - [INFO] - The fragment to replace is 3.1543902439024394 of the 410 frequent words (410 out of 12933)
[2025-10-23 11:56:21,657] - [INFO] - Replaced 410 / 12933 tokens (3.17%)
[2025-10-23 11:56:21,674] - [INFO] - Replaced 14 / 1371 tokens (1.02%)
[2025-10-23 11:56:21,680] - [INFO] - Replaced 29 / 2088 tokens (1.39%)
[2025-10-23 11:56:21,682] - [INFO] - ==== Example Sentence ====
[2025-10-23 11:56:21,682] - [INFO] - Original:  30년 전쟁의 승자는 누구인가?
[2025-10-23 11:56:21,682] - [INFO] - Tokenized: ['30년', '전쟁의', '승자는', '누구인가', '?']
[2025-10-23 11:56:21,682] - [INFO] - Replaced:  ['30년', '전쟁의', '<UNK', '누구인가', '?']
[2025-10-23 11:56:21,683] - [INFO] - Window:    (tensor([1613,  994, 1112, 1957, 3970]), tensor(1119))
[2025-10-23 11:56:24,611] - [INFO] - Eval Loss: 4.8360 | Perplexity: 125.97 | Accuracy: 24.73% | Top-5 Accuracy: 54.85%
[2025-10-23 11:56:27,512] - [INFO] - Eval Loss: 4.2678 | Perplexity: 71.36 | Accuracy: 30.56% | Top-5 Accuracy: 56.60%
[2025-10-23 11:56:30,417] - [INFO] - Eval Loss: 4.0538 | Perplexity: 57.61 | Accuracy: 32.31% | Top-5 Accuracy: 58.42%
[2025-10-23 11:56:33,318] - [INFO] - Eval Loss: 3.9267 | Perplexity: 50.74 | Accuracy: 33.11% | Top-5 Accuracy: 60.25%
[2025-10-23 11:56:36,220] - [INFO] - Eval Loss: 3.7983 | Perplexity: 44.63 | Accuracy: 33.70% | Top-5 Accuracy: 60.83%
[2025-10-23 11:56:39,123] - [INFO] - Eval Loss: 3.7359 | Perplexity: 41.92 | Accuracy: 34.72% | Top-5 Accuracy: 61.12%
[2025-10-23 11:56:42,024] - [INFO] - Eval Loss: 3.6812 | Perplexity: 39.69 | Accuracy: 35.23% | Top-5 Accuracy: 62.07%
[2025-10-23 11:56:44,926] - [INFO] - Eval Loss: 3.6426 | Perplexity: 38.19 | Accuracy: 35.89% | Top-5 Accuracy: 63.09%
[2025-10-23 11:56:47,826] - [INFO] - Eval Loss: 3.6020 | Perplexity: 36.67 | Accuracy: 35.74% | Top-5 Accuracy: 63.38%
[2025-10-23 11:56:50,728] - [INFO] - Eval Loss: 3.5869 | Perplexity: 36.12 | Accuracy: 36.69% | Top-5 Accuracy: 64.41%
[2025-10-23 11:56:50,728] - [INFO] - 
=== Running combination ===
[2025-10-23 11:56:50,728] - [INFO] - Embed: 256, Hidden: 512, Top fraction: 0.1, Replace: False, Context: 5
[2025-10-23 11:56:52,476] - [INFO] - Train dataset contains 2194 samples
[2025-10-23 11:56:52,476] - [INFO] - Validation dataset contains 228 samples
[2025-10-23 11:56:52,476] - [INFO] - Test dataset contains 356 samples
[2025-10-23 11:56:52,479] - [INFO] - Top 10.00% frequent words (410) out of 4103 total words
[2025-10-23 11:56:52,479] - [INFO] - The fragment to replace is 1.5771951219512197 of the 410 frequent words (410 out of 12933)
[2025-10-23 11:56:52,505] - [INFO] - Replaced 410 / 12933 tokens (3.17%)
[2025-10-23 11:56:52,523] - [INFO] - Replaced 14 / 1371 tokens (1.02%)
[2025-10-23 11:56:52,529] - [INFO] - Replaced 29 / 2088 tokens (1.39%)
[2025-10-23 11:56:52,531] - [INFO] - ==== Example Sentence ====
[2025-10-23 11:56:52,531] - [INFO] - Original:  30년 전쟁의 승자는 누구인가?
[2025-10-23 11:56:52,531] - [INFO] - Tokenized: ['30년', '전쟁의', '승자는', '누구인가', '?']
[2025-10-23 11:56:52,531] - [INFO] - Replaced:  ['30년', '전쟁의', '<UNK', '누구인가', '?']
[2025-10-23 11:56:52,531] - [INFO] - Window:    (tensor([1613,  994, 1112, 1957, 3970]), tensor(1119))
[2025-10-23 11:56:55,456] - [INFO] - Eval Loss: 4.8360 | Perplexity: 125.97 | Accuracy: 24.73% | Top-5 Accuracy: 54.85%
[2025-10-23 11:56:58,358] - [INFO] - Eval Loss: 4.2678 | Perplexity: 71.36 | Accuracy: 30.56% | Top-5 Accuracy: 56.60%
[2025-10-23 11:57:01,260] - [INFO] - Eval Loss: 4.0538 | Perplexity: 57.61 | Accuracy: 32.31% | Top-5 Accuracy: 58.42%
[2025-10-23 11:57:04,158] - [INFO] - Eval Loss: 3.9267 | Perplexity: 50.74 | Accuracy: 33.11% | Top-5 Accuracy: 60.25%
[2025-10-23 11:57:07,058] - [INFO] - Eval Loss: 3.7983 | Perplexity: 44.63 | Accuracy: 33.70% | Top-5 Accuracy: 60.83%
[2025-10-23 11:57:09,957] - [INFO] - Eval Loss: 3.7359 | Perplexity: 41.92 | Accuracy: 34.72% | Top-5 Accuracy: 61.12%
[2025-10-23 11:57:12,855] - [INFO] - Eval Loss: 3.6812 | Perplexity: 39.69 | Accuracy: 35.23% | Top-5 Accuracy: 62.07%
[2025-10-23 11:57:15,754] - [INFO] - Eval Loss: 3.6426 | Perplexity: 38.19 | Accuracy: 35.89% | Top-5 Accuracy: 63.09%
[2025-10-23 11:57:18,649] - [INFO] - Eval Loss: 3.6020 | Perplexity: 36.67 | Accuracy: 35.74% | Top-5 Accuracy: 63.38%
[2025-10-23 11:57:21,546] - [INFO] - Eval Loss: 3.5869 | Perplexity: 36.12 | Accuracy: 36.69% | Top-5 Accuracy: 64.41%
[2025-10-23 11:57:21,546] - [INFO] - 
=== Running combination ===
[2025-10-23 11:57:21,546] - [INFO] - Embed: 256, Hidden: 512, Top fraction: 0.1, Replace: False, Context: 5
[2025-10-23 11:57:23,100] - [INFO] - Train dataset contains 2194 samples
[2025-10-23 11:57:23,100] - [INFO] - Validation dataset contains 228 samples
[2025-10-23 11:57:23,101] - [INFO] - Test dataset contains 356 samples
[2025-10-23 11:57:23,103] - [INFO] - Top 10.00% frequent words (410) out of 4103 total words
[2025-10-23 11:57:23,103] - [INFO] - The fragment to replace is 0.31543902439024396 of the 410 frequent words (410 out of 12933)
[2025-10-23 11:57:23,129] - [INFO] - Replaced 141 / 12933 tokens (1.09%)
[2025-10-23 11:57:23,146] - [INFO] - Replaced 5 / 1371 tokens (0.36%)
[2025-10-23 11:57:23,152] - [INFO] - Replaced 13 / 2088 tokens (0.62%)
[2025-10-23 11:57:23,154] - [INFO] - ==== Example Sentence ====
[2025-10-23 11:57:23,154] - [INFO] - Original:  30년 전쟁의 승자는 누구인가?
[2025-10-23 11:57:23,154] - [INFO] - Tokenized: ['30년', '전쟁의', '승자는', '누구인가', '?']
[2025-10-23 11:57:23,154] - [INFO] - Replaced:  ['30년', '전쟁의', '<UNK', '누구인가', '?']
[2025-10-23 11:57:23,154] - [INFO] - Window:    (tensor([1613,  994, 1112, 1957, 3970]), tensor(1119))
[2025-10-23 11:57:26,071] - [INFO] - Eval Loss: 5.3238 | Perplexity: 205.16 | Accuracy: 23.05% | Top-5 Accuracy: 33.84%
[2025-10-23 11:57:28,973] - [INFO] - Eval Loss: 4.7355 | Perplexity: 113.92 | Accuracy: 25.16% | Top-5 Accuracy: 41.50%
[2025-10-23 11:57:31,868] - [INFO] - Eval Loss: 4.4494 | Perplexity: 85.57 | Accuracy: 26.99% | Top-5 Accuracy: 51.20%
[2025-10-23 11:57:34,766] - [INFO] - Eval Loss: 4.2861 | Perplexity: 72.68 | Accuracy: 26.62% | Top-5 Accuracy: 53.54%
[2025-10-23 11:57:37,663] - [INFO] - Eval Loss: 4.1388 | Perplexity: 62.73 | Accuracy: 27.57% | Top-5 Accuracy: 56.67%
[2025-10-23 11:57:40,562] - [INFO] - Eval Loss: 4.0712 | Perplexity: 58.63 | Accuracy: 28.59% | Top-5 Accuracy: 55.36%
[2025-10-23 11:57:43,460] - [INFO] - Eval Loss: 4.0215 | Perplexity: 55.79 | Accuracy: 29.32% | Top-5 Accuracy: 57.62%
[2025-10-23 11:57:46,356] - [INFO] - Eval Loss: 3.9556 | Perplexity: 52.23 | Accuracy: 29.61% | Top-5 Accuracy: 59.30%
[2025-10-23 11:57:49,249] - [INFO] - Eval Loss: 3.9012 | Perplexity: 49.46 | Accuracy: 29.76% | Top-5 Accuracy: 59.37%
[2025-10-23 11:57:52,144] - [INFO] - Eval Loss: 3.8991 | Perplexity: 49.36 | Accuracy: 30.49% | Top-5 Accuracy: 59.88%
[2025-10-23 11:57:52,144] - [INFO] - 
=== Running combination ===
[2025-10-23 11:57:52,144] - [INFO] - Embed: 256, Hidden: 512, Top fraction: 0.1, Replace: False, Context: 2
[2025-10-23 11:57:54,002] - [INFO] - Train dataset contains 2194 samples
[2025-10-23 11:57:54,002] - [INFO] - Validation dataset contains 228 samples
[2025-10-23 11:57:54,002] - [INFO] - Test dataset contains 356 samples
[2025-10-23 11:57:54,005] - [INFO] - Top 10.00% frequent words (410) out of 4103 total words
[2025-10-23 11:57:54,005] - [INFO] - The fragment to replace is 3.1543902439024394 of the 410 frequent words (410 out of 12933)
[2025-10-23 11:57:54,031] - [INFO] - Replaced 410 / 12933 tokens (3.17%)
[2025-10-23 11:57:54,044] - [INFO] - Replaced 14 / 1371 tokens (1.02%)
[2025-10-23 11:57:54,049] - [INFO] - Replaced 29 / 2088 tokens (1.39%)
[2025-10-23 11:57:54,051] - [INFO] - ==== Example Sentence ====
[2025-10-23 11:57:54,051] - [INFO] - Original:  30년 전쟁의 승자는 누구인가?
[2025-10-23 11:57:54,051] - [INFO] - Tokenized: ['30년', '전쟁의', '승자는', '누구인가', '?']
[2025-10-23 11:57:54,051] - [INFO] - Replaced:  ['30년', '전쟁의', '<UNK', '누구인가', '?']
[2025-10-23 11:57:54,051] - [INFO] - Window:    (tensor([1613,  994]), tensor(1112))
[2025-10-23 11:57:56,960] - [INFO] - Eval Loss: 5.6001 | Perplexity: 270.45 | Accuracy: 21.15% | Top-5 Accuracy: 52.37%
[2025-10-23 11:57:59,857] - [INFO] - Eval Loss: 4.4457 | Perplexity: 85.26 | Accuracy: 30.71% | Top-5 Accuracy: 54.49%
[2025-10-23 11:58:02,746] - [INFO] - Eval Loss: 4.1233 | Perplexity: 61.76 | Accuracy: 33.92% | Top-5 Accuracy: 56.46%
[2025-10-23 11:58:05,675] - [INFO] - Eval Loss: 3.9638 | Perplexity: 52.66 | Accuracy: 29.47% | Top-5 Accuracy: 57.55%
[2025-10-23 11:58:08,565] - [INFO] - Eval Loss: 3.8549 | Perplexity: 47.23 | Accuracy: 31.95% | Top-5 Accuracy: 58.57%
[2025-10-23 11:58:11,459] - [INFO] - Eval Loss: 3.7921 | Perplexity: 44.35 | Accuracy: 32.90% | Top-5 Accuracy: 59.01%
[2025-10-23 11:58:14,354] - [INFO] - Eval Loss: 3.7448 | Perplexity: 42.30 | Accuracy: 33.48% | Top-5 Accuracy: 60.18%
[2025-10-23 11:58:17,230] - [INFO] - Eval Loss: 3.7018 | Perplexity: 40.52 | Accuracy: 33.99% | Top-5 Accuracy: 60.54%
[2025-10-23 11:58:20,108] - [INFO] - Eval Loss: 3.6822 | Perplexity: 39.73 | Accuracy: 34.65% | Top-5 Accuracy: 61.49%
[2025-10-23 11:58:22,992] - [INFO] - Eval Loss: 3.6668 | Perplexity: 39.13 | Accuracy: 34.94% | Top-5 Accuracy: 62.00%
[2025-10-23 11:58:22,993] - [INFO] - 
=== Running combination ===
[2025-10-23 11:58:22,993] - [INFO] - Embed: 256, Hidden: 512, Top fraction: 0.1, Replace: False, Context: 2
[2025-10-23 11:58:24,557] - [INFO] - Train dataset contains 2194 samples
[2025-10-23 11:58:24,557] - [INFO] - Validation dataset contains 228 samples
[2025-10-23 11:58:24,557] - [INFO] - Test dataset contains 356 samples
[2025-10-23 11:58:24,560] - [INFO] - Top 10.00% frequent words (410) out of 4103 total words
[2025-10-23 11:58:24,560] - [INFO] - The fragment to replace is 1.5771951219512197 of the 410 frequent words (410 out of 12933)
[2025-10-23 11:58:24,590] - [INFO] - Replaced 410 / 12933 tokens (3.17%)
[2025-10-23 11:58:24,603] - [INFO] - Replaced 14 / 1371 tokens (1.02%)
[2025-10-23 11:58:24,608] - [INFO] - Replaced 29 / 2088 tokens (1.39%)
[2025-10-23 11:58:24,610] - [INFO] - ==== Example Sentence ====
[2025-10-23 11:58:24,610] - [INFO] - Original:  30년 전쟁의 승자는 누구인가?
[2025-10-23 11:58:24,610] - [INFO] - Tokenized: ['30년', '전쟁의', '승자는', '누구인가', '?']
[2025-10-23 11:58:24,610] - [INFO] - Replaced:  ['30년', '전쟁의', '<UNK', '누구인가', '?']
[2025-10-23 11:58:24,610] - [INFO] - Window:    (tensor([1613,  994]), tensor(1112))
[2025-10-23 11:58:27,611] - [INFO] - Eval Loss: 5.6001 | Perplexity: 270.45 | Accuracy: 21.15% | Top-5 Accuracy: 52.37%
[2025-10-23 11:58:30,506] - [INFO] - Eval Loss: 4.4457 | Perplexity: 85.26 | Accuracy: 30.71% | Top-5 Accuracy: 54.49%
[2025-10-23 11:58:33,381] - [INFO] - Eval Loss: 4.1233 | Perplexity: 61.76 | Accuracy: 33.92% | Top-5 Accuracy: 56.46%
[2025-10-23 11:58:36,273] - [INFO] - Eval Loss: 3.9638 | Perplexity: 52.66 | Accuracy: 29.47% | Top-5 Accuracy: 57.55%
[2025-10-23 11:58:39,149] - [INFO] - Eval Loss: 3.8549 | Perplexity: 47.23 | Accuracy: 31.95% | Top-5 Accuracy: 58.57%
[2025-10-23 11:58:42,036] - [INFO] - Eval Loss: 3.7921 | Perplexity: 44.35 | Accuracy: 32.90% | Top-5 Accuracy: 59.01%
[2025-10-23 11:58:44,914] - [INFO] - Eval Loss: 3.7448 | Perplexity: 42.30 | Accuracy: 33.48% | Top-5 Accuracy: 60.18%
[2025-10-23 11:58:47,797] - [INFO] - Eval Loss: 3.7018 | Perplexity: 40.52 | Accuracy: 33.99% | Top-5 Accuracy: 60.54%
[2025-10-23 11:58:50,668] - [INFO] - Eval Loss: 3.6822 | Perplexity: 39.73 | Accuracy: 34.65% | Top-5 Accuracy: 61.49%
[2025-10-23 11:58:53,547] - [INFO] - Eval Loss: 3.6668 | Perplexity: 39.13 | Accuracy: 34.94% | Top-5 Accuracy: 62.00%
[2025-10-23 11:58:53,548] - [INFO] - 
=== Running combination ===
[2025-10-23 11:58:53,548] - [INFO] - Embed: 256, Hidden: 512, Top fraction: 0.1, Replace: False, Context: 2
[2025-10-23 11:58:55,082] - [INFO] - Train dataset contains 2194 samples
[2025-10-23 11:58:55,082] - [INFO] - Validation dataset contains 228 samples
[2025-10-23 11:58:55,082] - [INFO] - Test dataset contains 356 samples
[2025-10-23 11:58:55,085] - [INFO] - Top 10.00% frequent words (410) out of 4103 total words
[2025-10-23 11:58:55,085] - [INFO] - The fragment to replace is 0.31543902439024396 of the 410 frequent words (410 out of 12933)
[2025-10-23 11:58:55,111] - [INFO] - Replaced 141 / 12933 tokens (1.09%)
[2025-10-23 11:58:55,124] - [INFO] - Replaced 5 / 1371 tokens (0.36%)
[2025-10-23 11:58:55,129] - [INFO] - Replaced 13 / 2088 tokens (0.62%)
[2025-10-23 11:58:55,292] - [INFO] - ==== Example Sentence ====
[2025-10-23 11:58:55,292] - [INFO] - Original:  30년 전쟁의 승자는 누구인가?
[2025-10-23 11:58:55,292] - [INFO] - Tokenized: ['30년', '전쟁의', '승자는', '누구인가', '?']
[2025-10-23 11:58:55,292] - [INFO] - Replaced:  ['30년', '전쟁의', '<UNK', '누구인가', '?']
[2025-10-23 11:58:55,293] - [INFO] - Window:    (tensor([1613,  994]), tensor(1112))
[2025-10-23 11:58:58,187] - [INFO] - Eval Loss: 6.1031 | Perplexity: 447.24 | Accuracy: 21.23% | Top-5 Accuracy: 32.17%
[2025-10-23 11:59:01,065] - [INFO] - Eval Loss: 4.8900 | Perplexity: 132.96 | Accuracy: 22.39% | Top-5 Accuracy: 35.16%
[2025-10-23 11:59:03,932] - [INFO] - Eval Loss: 4.4896 | Perplexity: 89.09 | Accuracy: 23.27% | Top-5 Accuracy: 46.97%
[2025-10-23 11:59:06,810] - [INFO] - Eval Loss: 4.2888 | Perplexity: 72.88 | Accuracy: 24.00% | Top-5 Accuracy: 48.94%
[2025-10-23 11:59:09,677] - [INFO] - Eval Loss: 4.1749 | Perplexity: 65.04 | Accuracy: 24.43% | Top-5 Accuracy: 52.74%
[2025-10-23 11:59:12,551] - [INFO] - Eval Loss: 4.0880 | Perplexity: 59.62 | Accuracy: 26.55% | Top-5 Accuracy: 53.90%
[2025-10-23 11:59:15,419] - [INFO] - Eval Loss: 4.0218 | Perplexity: 55.80 | Accuracy: 26.84% | Top-5 Accuracy: 55.29%
[2025-10-23 11:59:18,297] - [INFO] - Eval Loss: 3.9821 | Perplexity: 53.63 | Accuracy: 27.35% | Top-5 Accuracy: 56.09%
[2025-10-23 11:59:21,164] - [INFO] - Eval Loss: 3.9455 | Perplexity: 51.70 | Accuracy: 28.01% | Top-5 Accuracy: 57.77%
[2025-10-23 11:59:24,041] - [INFO] - Eval Loss: 3.9234 | Perplexity: 50.57 | Accuracy: 28.37% | Top-5 Accuracy: 58.50%
[2025-10-23 11:59:24,058] - [INFO] - Saved 324 experiment results to 'ko_tuning_results.csv'
-----------------------------------------------
Finished ko model training.
-----------------------------------------------
All model trainings complete.
